









Frequency of observations in the selected location(s).:
Number of taxa: 	650

	Jan				Feb				Mar				Apr				May				Jun				Jul				Aug				Sep				Oct				Nov				Dec				
Sample Size:	3232.0	2491.0	2252.0	3652.0	2383.0	2669.0	2878.0	2027.0	1779.0	1782.0	1633.0	2676.0	1985.0	1746.0	1738.0	2197.0	2292.0	3923.0	1755.0	2478.0	1689.0	1715.0	2144.0	2076.0	1662.0	1850.0	1857.0	2342.0	1739.0	1634.0	1774.0	2278.0	1796.0	1987.0	1940.0	2537.0	2091.0	3480.0	2766.0	3179.0	2598.0	2369.0	2156.0	2719.0	2079.0	2108.0	1850.0	3164.0	

Greater Rhea	0.021349	0.0289041	0.0204263	0.0257393	0.0159463	0.019483	0.0118138	0.0123335	0.0191119	0.0140292	0.0104103	0.009716	0.018136	0.0068729	0.0161105	0.0200273	0.0183246	0.0254907	0.0131054	0.0189669	0.0112493	0.0198251	0.0237873	0.0149326	0.0192539	0.0205405	0.0172321	0.0123826	0.0120759	0.0171359	0.0135287	0.0087796	0.0211581	0.018621	0.0195876	0.016555	0.0315638	0.0244253	0.0253073	0.0330293	0.0365666	0.0375686	0.0324675	0.0393527	0.030784	0.0275142	0.0243243	0.0158028	
Lesser Rhea	0.0	0.0	0.0	0.0	0.0	0.0	0.0	0.0015	0.0	0.0	0.0	0.0	0.0	0.0	0.0	0.0	0.0	0.0	0.0	0.0	0.0	0.0	0.0	0.0	0.0	0.0	0.0	0.0	0.0	0.0	0.0	0.0	0.0	0.0	0.0	0.0	0.0	0.0	0.0	0.0	0.0	0.0	0.0	0.0	0.0	0.0	0.0	0.0	
Elegant Crested-Tinamou	0.0058787	0.0044159	0.0075488	0.0054765	0.0054553	0.003372	0.0017373	0.0034534	0.005059	0.003367	0.0024495	0.0029895	0.0030227	0.0015	0.0023015	0.0031862	0.0034904	0.0033138	0.002849	0.0032284	0.0035524	0.0040816	0.0018657	9.634E-4	0.0018051	0.0059459	0.001077	0.0025619	0.0023002	0.00306	0.0039459	0.0039508	0.0061247	0.0070458	0.0108247	0.007095	0.0095648	0.0057471	0.0148228	0.0081787	0.0080831	0.0109751	0.007885	0.0114013	0.012506	0.0147059	0.0097297	0.0037927	
Darwin's Nothura	3.094E-4	0.0020072	0.0013321	0.0016429	0.0020982	7.493E-4	0.0010424	4.933E-4	0.0016863	0.0011223	0.0	3.737E-4	0.0010076	5.727E-4	0.0	4.552E-4	4.363E-4	0.0010196	5.698E-4	8.071E-4	5.921E-4	5.831E-4	0.0018657	4.817E-4	0.0	0.0016216	0.001077	8.54E-4	5.75E-4	0.0	0.0016911	0.0021949	0.0016704	5.033E-4	0.0015464	0.0019708	0.0033477	0.0022989	0.0039769	0.0031456	0.0015396	0.0046433	0.0018553	0.0011033	0.003367	0.0094877	5.405E-4	0.0012642	
Spotted Nothura	0.0736386	0.076676	0.062167	0.0596933	0.0642048	0.0460847	0.0378735	0.0444006	0.0438449	0.0387205	0.0428659	0.0489537	0.0518892	0.0395189	0.0575374	0.0555303	0.0750436	0.08208	0.0649573	0.0682002	0.0592066	0.0723032	0.0830224	0.0640655	0.0631769	0.0859459	0.0737749	0.0725875	0.0580794	0.0544676	0.06708	0.0614574	0.0757238	0.0991444	0.071134	0.0721324	0.0875179	0.0916667	0.0856833	0.0972004	0.0996921	0.0890671	0.0960111	0.0908422	0.0880231	0.0782732	0.0745946	0.0698483	
Darwin's/Spotted Nothura	0.0	0.0	0.0	0.0	0.0	0.0	0.0	4.933E-4	0.0	0.0	0.0	0.0	0.0	5.727E-4	5.754E-4	0.0	0.0	0.0	0.0	0.0	0.0	0.0	0.0	0.0	0.0	0.0	0.0	0.0	0.0	0.0	0.0	0.0	0.0	0.0	0.0	0.0	0.0	0.0	3.615E-4	0.0	0.0	0.0	0.0	0.0	0.0	0.0	0.0	0.0	
Red-winged Tinamou	0.0594059	0.0509835	0.0475133	0.0438116	0.0516156	0.0310978	0.0326616	0.0345338	0.0241709	0.0140292	0.0085732	0.0108371	0.0120907	0.0074456	0.013809	0.0118343	0.0187609	0.0178435	0.017094	0.0137207	0.0159858	0.0139942	0.0228545	0.017341	0.0186522	0.0297297	0.0226171	0.0230572	0.0224267	0.0128519	0.0152198	0.0250219	0.0395323	0.0528435	0.0340206	0.0512416	0.0631277	0.0614943	0.0614606	0.0619692	0.0465743	0.0662727	0.0607607	0.0614196	0.0591631	0.0711575	0.0535135	0.0499368	
Brushland Tinamou	0.001547	8.029E-4	8.881E-4	0.003012	0.0037768	0.0026227	3.475E-4	0.0019734	5.621E-4	0.0016835	6.124E-4	3.737E-4	0.0020151	5.727E-4	0.0011507	0.0018207	0.0015	0.0033138	0.0011396	8.071E-4	5.921E-4	0.0023324	9.328E-4	0.0015	0.0018051	0.0021622	0.0	4.27E-4	0.0011501	6.12E-4	0.0	0.0017559	0.0011136	0.0030196	0.0010309	0.0043358	0.0043042	0.0037356	0.0097614	0.0034602	0.004234	0.0067539	0.0037106	0.00331	0.002886	0.0033207	0.0021622	0.0025284	
Southern Screamer	0.0857054	0.080289	0.0790409	0.0783133	0.0851867	0.0753091	0.0597637	0.0818944	0.0753232	0.0594837	0.0685854	0.0743647	0.0871537	0.056701	0.0730725	0.0773782	0.0855148	0.0922763	0.0774929	0.079096	0.0728242	0.0769679	0.1030784	0.0804432	0.0818291	0.0875676	0.094238	0.088813	0.0770558	0.0654835	0.0901917	0.0702371	0.080735	0.0805234	0.0850515	0.0741033	0.0894309	0.1114943	0.0824295	0.0868198	0.0866051	0.092022	0.1127087	0.108128	0.0947571	0.0735294	0.0967568	0.0809102	
White-faced Whistling-Duck	0.0878713	0.0710558	0.062611	0.0681818	0.0696601	0.0591982	0.0507297	0.0567341	0.0528387	0.0280584	0.0416412	0.0369955	0.0327456	0.0223368	0.0207135	0.0182066	0.0287958	0.0290594	0.0245014	0.0221953	0.0301954	0.0262391	0.0415112	0.0260116	0.0373045	0.0421622	0.0452342	0.0555081	0.0414031	0.0416157	0.0422773	0.0438982	0.0595768	0.0795169	0.0690722	0.0650374	0.0923003	0.0922414	0.0679682	0.0981441	0.0931486	0.0937104	0.1029685	0.0941523	0.0846561	0.0735294	0.0621622	0.0774336	
Black-bellied Whistling-Duck	0.0018564	8.029E-4	0.0022202	8.215E-4	0.0	0.0018734	0.0015	9.867E-4	5.621E-4	0.0	0.0012247	0.0011211	5.038E-4	0.0	0.0	4.552E-4	0.0	5.098E-4	0.0	0.0	0.0	5.831E-4	4.664E-4	4.817E-4	6.017E-4	0.0010811	5.385E-4	0.0	0.0	0.001224	0.0022548	4.39E-4	0.0011136	0.0045294	0.0015464	7.883E-4	0.0028694	0.0031609	0.0010846	0.0015728	0.0030793	0.0042212	0.0041744	0.0062523	0.00481	0.0018975	0.0043243	0.0031606	
Fulvous Whistling-Duck	0.0160891	0.0140506	0.0133215	0.012322	0.0146874	0.0138629	0.009729	0.0093735	0.010118	0.006734	0.0134721	0.0119581	0.0115869	0.0051546	0.0051784	0.0050068	0.0056719	0.0066276	0.0068376	0.0064568	0.0029603	0.0110787	0.0083955	0.0057803	0.0048135	0.0118919	0.0113086	0.0111016	0.013801	0.0110159	0.0157835	0.0175593	0.0272829	0.0301963	0.0180412	0.0201025	0.0301291	0.0321839	0.0238612	0.0261088	0.0238645	0.0363022	0.0194805	0.0275837	0.02405	0.016129	0.0162162	0.0249684	
Graylag Goose	0.0108292	0.0104376	0.008881	0.0082147	0.0079731	0.0112402	0.0086866	0.0059201	0.0089938	0.0078563	0.0097979	0.0078475	0.0095718	0.0085911	0.0115075	0.0118343	0.0191972	0.0089217	0.017094	0.0096852	0.0165779	0.0145773	0.014459	0.0130058	0.0090253	0.0102703	0.0172321	0.0145175	0.0069005	0.0134639	0.0090192	0.0096576	0.013363	0.0105687	0.0092784	0.0090658	0.0124342	0.0091954	0.0075922	0.0091224	0.0103926	0.0059097	0.0055659	0.005149	0.00962	0.009962	0.0102703	0.0126422	
Domestic goose sp. (Domestic type)	0.0	0.0	0.0	0.0	0.0	0.0	0.0	0.0	0.0	0.0	0.0	0.0	5.038E-4	0.0	0.0	0.0	0.0	0.0	0.0	0.0	0.0	0.0	0.0	0.0	0.0	5.405E-4	0.0	4.27E-4	0.0	0.0	0.0	0.0	0.0	0.0	0.0	0.0	0.0	0.0	0.0	0.0	0.0	0.0	0.0	0.0	0.0	4.744E-4	0.0	0.0	
Anser sp.	0.0	0.0	0.0	2.738E-4	0.0	0.0	0.0	0.0	0.0	0.0	0.0	0.0	0.0	0.0	0.0	0.0	0.0	0.0	0.0	0.0	0.0	0.0015	0.0	0.0	0.0	0.0	0.0	0.0	0.0	0.0	0.0	0.0	0.0	0.0	0.0	0.0	0.0	0.0	0.0	0.0	0.0	0.0	0.0	0.0	4.81E-4	0.0	0.0	0.0	
Black Swan	0.0	0.0	0.0	0.0	0.0015	0.0	0.0	0.0	0.0	0.0	0.0	0.0	0.0	0.0	0.0	0.0	0.0	0.0	0.0	0.0	5.921E-4	0.0	0.0	0.0	0.0	0.0	0.0	0.0	0.0	0.0	0.0	0.0	0.0	0.0	0.0	0.0	0.0	0.0	0.0	0.0	0.0	0.0	0.0	0.0	0.0	0.0	0.0	0.0	
Black-necked Swan	0.0603342	0.054998	0.0484014	0.0481928	0.0583298	0.0494567	0.0413482	0.0498273	0.0505902	0.0342312	0.0379669	0.0493274	0.0549118	0.0360825	0.0425777	0.0373236	0.0636998	0.0415498	0.0358974	0.0403551	0.0432208	0.0379009	0.0447761	0.0327553	0.0445247	0.0518919	0.0436187	0.0435525	0.0327775	0.0305998	0.0462232	0.0329236	0.0345212	0.0442879	0.0402062	0.0335041	0.0454328	0.0454023	0.0469993	0.0456118	0.0423403	0.0451667	0.0551948	0.0555351	0.0601251	0.0488615	0.0540541	0.0524652	
Coscoroba Swan	0.0686881	0.0678442	0.079929	0.077218	0.0793118	0.0738104	0.0653231	0.0715343	0.0831928	0.0583614	0.0526638	0.064275	0.0891688	0.0584192	0.0644419	0.0623578	0.0811518	0.0683151	0.0501425	0.0577078	0.062167	0.0600583	0.0858209	0.0698459	0.055355	0.0843243	0.0818525	0.0845431	0.0563542	0.0416157	0.0721533	0.048727	0.0462138	0.0629089	0.0618557	0.0512416	0.0588235	0.0701149	0.0589299	0.0622837	0.0546574	0.0616294	0.0667904	0.0706142	0.0683021	0.0592979	0.0745946	0.067952	
Comb Duck	0.0	0.0	0.0	0.0	0.0	0.0	0.0	0.0	0.0	0.0	0.0	0.0	0.0	0.0	0.0	0.0	0.0	2.549E-4	0.0	0.0	0.0	0.0	0.0	0.0	0.0	0.0	0.0	0.0	0.0	0.0	0.0015	0.0	0.0	0.0	0.0	0.0	0.0	2.874E-4	0.0	0.0	0.0	0.0	0.0	0.0	0.0	0.0	5.405E-4	6.321E-4	
Upland Goose	6.188E-4	0.0	0.0	0.0	0.0	0.0	3.475E-4	9.867E-4	5.621E-4	0.0	0.0	0.0	0.0015	0.0040092	0.0023015	0.0063723	0.0061082	0.0155493	0.008547	0.0133172	0.0094731	0.0274052	0.0209888	0.0115607	0.0198556	0.0205405	0.0145396	0.0132365	0.0051754	0.004896	0.005637	0.0017559	5.568E-4	5.033E-4	0.0	0.0	4.782E-4	2.874E-4	3.615E-4	3.146E-4	3.849E-4	0.0	0.0	0.0	0.0	0.0	0.0	0.0	
Ashy-headed Goose	0.0	0.0	0.0	0.0	0.0	0.0	0.0	0.0	0.0	0.0	0.0	0.0	0.0	0.0028637	0.0011507	0.002731	0.0074171	0.010961	0.0079772	0.0104923	0.0065127	0.0279883	0.0149254	0.0101156	0.0192539	0.0194595	0.0166936	0.0115286	0.0046003	0.002448	0.0067644	4.39E-4	5.568E-4	5.033E-4	0.0	0.0	0.0	0.0	0.0	0.0	0.0	0.0	0.0	0.0	0.0	0.0	0.0	0.0	
Ruddy-headed Goose	0.0	0.0	0.0	0.0	0.0	0.0	0.0	0.0	0.0	0.0	0.0	0.0	0.0	0.0	0.0	0.0	8.726E-4	0.0035687	0.0011396	0.0040355	0.0017762	0.0122449	0.0107276	0.0043353	0.0066185	0.0097297	0.0102316	0.0068318	0.0023002	0.002448	0.0039459	0.0015	0.0	0.0	0.0	0.0	0.0	0.0	0.0	0.0	0.0	0.0	0.0	0.0	0.0	0.0	0.0	0.0	
Chloephaga sp.	0.0	0.0	0.0	0.0	0.0	0.0	0.0	0.0	0.0	0.0	0.0	0.0	0.0	0.0	5.754E-4	9.103E-4	0.0013089	2.549E-4	0.0015	0.0016142	0.0	0.0017493	9.328E-4	0.0033719	0.0015	0.0010811	0.0016155	0.0015	0.0	0.0015	5.637E-4	0.0	0.0	0.0	0.0	0.0	0.0	0.0	0.0	0.0	0.0	0.0	0.0	0.0	0.0	0.0	0.0	0.0	
Flying Steamer-Duck	0.0	0.0	0.0	0.0	0.0	0.0	3.475E-4	0.0	0.0	0.0	0.0	0.0	0.0	0.0	0.0	0.0	0.0	0.0	0.0	0.0	0.0	0.0	0.0	0.0	0.0	0.0	0.0	0.0	0.0	0.0	0.0	0.0013169	5.568E-4	0.0	0.0	0.0	0.0	0.0	0.0	0.0	0.0	0.0	0.0	3.678E-4	0.0	0.0	0.0	0.0	
Crested Duck	0.0	0.0	0.0	0.0	0.0	0.0	0.0	0.0	0.0	0.0	0.0	0.0	0.0	0.0	0.0015	4.552E-4	0.0	0.0	0.0	0.0	0.0	0.0	0.0	0.0	0.0	0.0	0.0	0.0	0.0	0.0	0.0	0.0	0.0	0.0	0.0	0.0	0.0	0.0	0.0	0.0	7.698E-4	0.0	0.0	0.0	0.0	0.0	0.0	0.0	
Muscovy Duck	0.0049505	0.003613	0.0026643	0.0013691	0.0016786	0.003372	0.0020848	0.00148	0.0016863	0.0022447	0.0036742	0.0026158	0.0020151	0.0017182	0.0034522	0.0018207	0.0030541	0.0025491	0.002849	0.0024213	0.0047365	0.0052478	0.0032649	0.0028902	0.0030084	0.0043243	0.0070005	0.0042699	0.0051754	0.004284	0.0039459	0.0061457	0.0077951	0.005536	0.0056701	0.0055183	0.0038259	0.0051724	0.0039769	0.0047185	0.004234	0.0021106	0.0041744	0.0040456	0.00481	0.0028463	0.0054054	0.0034766	
Ringed Teal	0.0516708	0.0429546	0.0510657	0.0413472	0.0574906	0.0385912	0.0375261	0.0394672	0.0427206	0.0308642	0.0404164	0.0407324	0.036272	0.0274914	0.0316456	0.0259445	0.0314136	0.0351772	0.0307692	0.0302663	0.0426288	0.0186589	0.0429104	0.0366089	0.0318893	0.0405405	0.0484653	0.0456874	0.0408281	0.0342717	0.0546787	0.048727	0.0562361	0.0749874	0.0706186	0.0512416	0.0626495	0.0801724	0.0618221	0.0497012	0.0538876	0.0443225	0.0658627	0.0614196	0.0529101	0.0460152	0.0481081	0.0496207	
Brazilian Teal	0.0498144	0.047772	0.0457371	0.0391566	0.0495174	0.043462	0.0378735	0.0419339	0.0477797	0.0353535	0.039804	0.0429746	0.0403023	0.0412371	0.0540852	0.0482476	0.0510471	0.0499618	0.0586895	0.0411622	0.0556542	0.0419825	0.0643657	0.0602119	0.0565584	0.06	0.0586968	0.0644748	0.0592294	0.0569155	0.0777903	0.0640913	0.0623608	0.0684449	0.0690722	0.0756799	0.0698231	0.0853448	0.0704989	0.0553633	0.0577367	0.0481216	0.0593692	0.0536962	0.0553151	0.0464896	0.0464865	0.0556258	
Silver Teal	0.0971535	0.095544	0.0768206	0.0840635	0.0893831	0.0719371	0.0594163	0.0744943	0.0786959	0.0572391	0.061237	0.0605381	0.0619647	0.0446735	0.0535098	0.0496131	0.074171	0.0614326	0.0552707	0.059322	0.0639432	0.0507289	0.0862873	0.0592486	0.078219	0.1086486	0.1087776	0.1024765	0.0960322	0.0820073	0.1155581	0.1018437	0.1291759	0.1278309	0.1097938	0.1032716	0.1162123	0.133046	0.1001446	0.1022334	0.0842956	0.1000422	0.0978664	0.0901067	0.0889851	0.0825427	0.1021622	0.1112516	
Cinnamon Teal	0.0188738	0.0132477	0.0173179	0.0153341	0.019723	0.0138629	0.0114663	0.021707	0.0236088	0.0078563	0.0104103	0.0168161	0.0166247	0.0097365	0.0086306	0.0145653	0.0152705	0.0158042	0.008547	0.0108959	0.0082889	0.0116618	0.0186567	0.017341	0.0186522	0.0232432	0.0274637	0.0187874	0.0172513	0.0152999	0.0202931	0.0206321	0.0300668	0.0312028	0.0335052	0.0342925	0.0420851	0.0431034	0.0375994	0.0412079	0.0254042	0.0329253	0.0324675	0.0319971	0.027898	0.0218216	0.0237838	0.0161188	
Blue-winged x Cinnamon Teal (hybrid)	0.0	0.0	0.0	0.0	0.0	0.0	0.0	0.0	0.0	0.0	0.0	0.0	0.0	0.0	0.0	0.0	0.0	0.0	0.0	0.0	0.0	0.0	0.0	0.0	0.0	0.0	0.0	0.0	0.0	0.0	0.0	0.0	0.0	0.0	0.0	0.0	0.0	0.0	0.0	0.0	3.849E-4	0.0	0.0	0.0	0.0	0.0	0.0	0.0	
Red Shoveler	0.0587871	0.0537937	0.0484014	0.0533954	0.0713386	0.0569502	0.0399583	0.0532807	0.0629567	0.0381594	0.0416412	0.0429746	0.0513854	0.0332188	0.0304948	0.0345926	0.0375218	0.0428244	0.0358974	0.0266344	0.0331557	0.0390671	0.0419776	0.0366089	0.0354994	0.0578378	0.0662359	0.0610589	0.040253	0.0416157	0.0535513	0.0500439	0.0718263	0.0744841	0.0628866	0.0575483	0.0626495	0.0761494	0.0383225	0.0575653	0.0481139	0.0557197	0.0459184	0.0511217	0.045214	0.050759	0.0589189	0.0591024	
Chiloe Wigeon	0.0433168	0.0264954	0.0297513	0.033954	0.0373479	0.0247284	0.0205003	0.0281204	0.034851	0.0151515	0.0208206	0.0179372	0.0216625	0.013173	0.013809	0.0127447	0.0222513	0.021922	0.0159544	0.011703	0.0171699	0.025656	0.0247201	0.0207129	0.0276775	0.0356757	0.0323102	0.0337319	0.0333525	0.0324357	0.0473506	0.0553117	0.0612472	0.0639155	0.0639175	0.0677966	0.0769967	0.0890805	0.0701374	0.0720352	0.060816	0.0633179	0.0695733	0.0592129	0.0505051	0.0393738	0.0367568	0.039507	
Mallard	0.0027847	0.0020072	0.0031083	0.0019168	8.393E-4	0.0037467	0.0024322	0.00148	0.0039348	0.0022447	0.0042866	0.0011211	0.0010076	0.0017182	5.754E-4	0.0022758	0.0030541	0.0025491	0.002849	0.003632	0.0047365	0.0046647	0.0046642	0.0033719	0.0018051	0.0032432	0.0048465	8.54E-4	0.0023002	6.12E-4	0.0011274	0.0021949	0.0038976	0.0020131	0.0020619	0.0039417	0.0014347	0.004023	0.0021692	0.0044039	0.0038491	0.003377	0.005102	0.0022067	0.003848	0.0033207	0.0048649	0.0037927	
Muscovy Duck x Mallard (hybrid)	6.188E-4	0.0	0.0	0.0	4.196E-4	0.0	3.475E-4	4.933E-4	0.0	0.0	0.0	0.0	0.0	0.0	0.0	0.0	0.0	0.0	0.0	4.036E-4	0.0	0.0	0.0	0.0	0.0	0.0	0.0	0.0	0.0	0.0	0.0	0.0	0.0	0.0	0.0	0.0	0.0	0.0	0.0	0.0	0.0	0.0	0.0	0.0	4.81E-4	0.0	5.405E-4	0.0	
White-cheeked Pintail	0.0501238	0.0385387	0.0417407	0.0405257	0.0465799	0.042338	0.0236275	0.0315738	0.029792	0.0129068	0.0293938	0.0239163	0.0221662	0.0177549	0.0212888	0.0154756	0.0296684	0.0237063	0.0108262	0.0165456	0.0136175	0.0134111	0.020056	0.0183044	0.0162455	0.027027	0.0306947	0.028181	0.0218516	0.0232558	0.0287486	0.024583	0.05902	0.0629089	0.0572165	0.059125	0.049737	0.0637931	0.0426609	0.0537905	0.0546574	0.056564	0.0570501	0.0562707	0.049062	0.044592	0.0508108	0.0458281	
Yellow-billed Pintail	0.105198	0.0931353	0.0821492	0.0840635	0.0952581	0.0794305	0.0656706	0.0828811	0.0815065	0.0482604	0.0661359	0.0668909	0.0725441	0.0452463	0.0540852	0.0600819	0.0846422	0.0787663	0.0615385	0.0714286	0.0757845	0.0851312	0.0942164	0.0823699	0.0956679	0.1448649	0.1513193	0.1528608	0.1259344	0.1144431	0.1448703	0.1343284	0.1859688	0.1857071	0.1938144	0.1600315	0.1678623	0.1787356	0.1402748	0.1553948	0.1420323	0.1392993	0.1474954	0.1353439	0.1183261	0.1162239	0.1086486	0.1238938	
White-cheeked x Yellow-billed Pintail (hybrid)	0.0	0.0	0.0	0.0	4.196E-4	0.0	0.0	0.0	0.0	0.0	0.0	0.0	0.0	0.0	0.0	0.0	0.0	0.0	0.0	0.0	0.0	0.0	0.0	0.0	0.0	0.0	0.0	0.0	0.0	0.0	0.0	0.0	0.0	0.0	0.0	0.0	0.0	0.0	0.0	0.0	0.0	0.0	0.0	0.0	0.0	0.0	0.0	0.0	
Yellow-billed Teal	0.1441832	0.1236451	0.1025755	0.1199343	0.1380613	0.1060322	0.1000695	0.1188949	0.1326588	0.0909091	0.0906307	0.1057549	0.1138539	0.0784651	0.1110472	0.101502	0.1361257	0.1274535	0.1150997	0.1085553	0.1332149	0.1381924	0.1585821	0.1531792	0.1714801	0.2172973	0.2288638	0.2463706	0.2231167	0.2203182	0.2581736	0.2497805	0.2650334	0.2606945	0.2654639	0.2294048	0.2242946	0.2353448	0.2122198	0.2183076	0.1785989	0.1696919	0.2022263	0.1754321	0.1616162	0.1513283	0.1383784	0.141909	
Yellow-billed Pintail/Yellow-billed Teal	0.0	0.0	4.44E-4	0.0015	0.0	0.0	0.0015	4.933E-4	0.0	0.0	0.0	3.737E-4	0.0	0.0	0.0	4.552E-4	0.0	2.549E-4	5.698E-4	0.0	5.921E-4	0.0	9.328E-4	4.817E-4	0.0012034	5.405E-4	0.0	0.001281	0.0017251	0.001224	0.0016911	0.0021949	5.568E-4	0.0010065	0.0	7.883E-4	0.0	5.747E-4	0.0	0.0	0.0	4.221E-4	0.0	0.0015	4.81E-4	0.0	0.0	0.0	
Anas sp.	0.0	0.0	0.0	0.0	0.0	0.0	0.0	0.0	0.0	0.0	0.0	0.0	0.0	0.0	0.0	0.0	4.363E-4	0.0	0.0	0.0	0.0	0.0	0.0	0.0	0.0	0.0	0.0	0.0	0.0	0.0	0.0	0.0	0.0	0.0	0.0	0.0	0.0	0.0	0.0	0.0	0.0	0.0	0.0	0.0	0.0	0.0	0.0	0.0	
teal sp.	3.094E-4	4.014E-4	0.0	0.0	0.0012589	3.747E-4	3.475E-4	4.933E-4	0.0	0.0	0.0	0.0	0.0	0.0	0.0	0.0	0.0	0.0	0.0	0.0	0.0	5.831E-4	0.0	0.0	0.0012034	0.0	5.385E-4	0.0015	0.0	0.0	0.0	0.0	0.0	5.033E-4	0.0	3.942E-4	0.0015	0.0	0.0	3.146E-4	7.698E-4	4.221E-4	0.0	0.0	0.0	0.0	5.405E-4	0.0	
dabbling duck sp.	0.0	0.0	0.0	0.0	0.0	0.0	0.0	0.0	0.0	0.0	0.0	0.0	0.0	0.0	0.0	0.0	0.0	0.0	0.0	0.0	0.0	0.0	0.0	0.0	0.0	0.0	0.0	0.0	0.0	0.0	0.0	0.0	0.0	0.0	0.0	0.0	0.0	0.0	0.0	0.0	0.0	0.0	0.0	0.0	0.0	0.0	0.0	3.161E-4	
Rosy-billed Pochard	0.0436262	0.0341228	0.0284192	0.033954	0.0394461	0.0299738	0.0305768	0.0320671	0.0342889	0.0190797	0.028169	0.0362481	0.0277078	0.0126002	0.0258918	0.0150205	0.0209424	0.0122355	0.0182336	0.0125101	0.0236827	0.0151603	0.025653	0.0236031	0.0258724	0.0421622	0.0387722	0.0469684	0.0356527	0.0263158	0.0467869	0.0377524	0.0473274	0.0598893	0.0520619	0.0469058	0.0621712	0.0692529	0.0592914	0.056307	0.0558122	0.067539	0.0593692	0.0603163	0.0548341	0.0460152	0.0556757	0.0521492	
Black-headed Duck	0.0207302	0.0224809	0.0133215	0.0172508	0.0205623	0.0127389	0.0107714	0.0167736	0.0134907	0.0078563	0.0122474	0.0085949	0.0110831	0.0028637	0.004603	0.0059172	0.0074171	0.0048432	0.0034188	0.0020178	0.0029603	0.0046647	0.0079291	0.0072254	0.0030084	0.0102703	0.0118471	0.0106746	0.0046003	0.0091799	0.0101466	0.0087796	0.0144766	0.0100654	0.0103093	0.0137958	0.0157819	0.0172414	0.0137383	0.0188739	0.0150115	0.0194175	0.0222635	0.0132402	0.017797	0.0194497	0.0205405	0.0224399	
Masked Duck	0.0027847	0.0016058	8.881E-4	8.215E-4	0.0	3.747E-4	0.0	9.867E-4	5.621E-4	0.0	0.0012247	3.737E-4	0.0010076	0.0	5.754E-4	4.552E-4	0.0013089	2.549E-4	0.0	0.0	0.0	0.0	9.328E-4	0.0	6.017E-4	0.0010811	5.385E-4	0.0015	0.0028752	0.002448	0.0011274	0.0030729	0.0022272	0.0040262	0.006701	0.0015767	0.0047824	0.0028736	0.0032538	0.0018874	7.698E-4	0.0012664	9.276E-4	0.0022067	0.001924	4.744E-4	5.405E-4	0.0	
Lake Duck	0.0470297	0.0341228	0.0364121	0.0470975	0.0553924	0.0430873	0.0333565	0.0537741	0.0534008	0.0297419	0.039804	0.0358744	0.0478589	0.0315006	0.0258918	0.0332271	0.0453752	0.0349223	0.0301994	0.0238095	0.035524	0.03207	0.0363806	0.0380539	0.0379061	0.0448649	0.0560043	0.0499573	0.0293272	0.0330477	0.0411499	0.0351185	0.0467706	0.040765	0.0396907	0.0465116	0.0368245	0.0445402	0.0292842	0.0393205	0.0319477	0.046011	0.0398887	0.0356749	0.035113	0.0412713	0.0394595	0.0477244	
duck sp.	0.0012376	0.0012043	0.0026643	0.0019168	0.0025178	0.0018734	0.0020848	0.00148	0.0028106	5.612E-4	0.0018371	0.0014948	5.038E-4	0.0017182	0.0034522	0.002731	0.0030541	0.002804	0.0017094	0.0012107	5.921E-4	0.0023324	0.0027985	0.0024085	0.0036101	5.405E-4	0.004308	0.0042699	0.0040253	0.004284	0.0078918	0.0048288	0.0016704	0.0020131	0.0015464	0.0031533	0.0043042	0.0054598	0.0032538	0.0025165	0.004234	0.0029548	0.0032468	7.356E-4	0.002886	0.0033207	5.405E-4	0.0022124	
waterfowl sp.	0.0	0.0	0.0	0.0	0.0	0.0	0.0	0.0	0.0	0.0	0.0	0.0	0.0	0.0	0.0	0.0	0.0	0.0	0.0	0.0	0.0	0.0	0.0	0.0	0.0	0.0	0.0	0.0	0.0	0.0	0.0	0.0	0.0	0.0	0.0	0.0	0.0	0.0	0.0	0.0	0.0	0.0	0.0	0.0	0.0	0.0	0.0	3.161E-4	
Dusky-legged Guan	0.0080446	0.0112405	0.0173179	0.0120482	0.010491	0.0123642	0.0149409	0.0138135	0.014615	0.0140292	0.0097979	0.0085949	0.0125945	0.0063001	0.0109321	0.0104688	0.0074171	0.0112159	0.0131054	0.0137207	0.0106572	0.0110787	0.0186567	0.0207129	0.0138387	0.0124324	0.0161551	0.0132365	0.0126509	0.0091799	0.0129651	0.0140474	0.0077951	0.0095622	0.0149485	0.0126133	0.0153037	0.0158046	0.0195228	0.0084932	0.0096228	0.0198396	0.0143785	0.0125046	0.014911	0.0147059	0.0113514	0.0110619	
Helmeted Guineafowl	0.0	4.014E-4	0.0	0.0	0.0	0.0	0.0	0.0	0.0	0.0	0.0	0.0	0.0	0.0	0.0	0.0	0.0	0.0	0.0	0.0	0.0	0.0	0.0	0.0	0.0	0.0	0.0	0.0	0.0	0.0	0.0	0.0	0.0	0.0	0.0	3.942E-4	4.782E-4	8.621E-4	0.0	0.0015	0.0015	0.0	0.0	0.0	0.0	0.0	5.405E-4	0.0	
California Quail	0.0	0.0	0.0	0.0	0.0	0.0	0.0	0.0	0.0	0.0	0.0	0.0	0.0	0.0	0.0	0.0	0.0	0.0	0.0	0.0	0.0	0.0	0.0	0.0	0.0	0.0	0.0	0.0	0.0	0.0	0.0	0.0	0.0	0.0	0.0	0.0	0.0	0.0	0.0	0.0	0.0015	0.0	0.0	0.0	0.0	0.0	0.0	0.0	
Wild Turkey	0.0	0.0	0.0	0.0	0.0	0.0	0.0	0.0	0.0	0.0	0.0	0.0	0.0	0.0	0.0	0.0	0.0	0.0	0.0	0.0	0.0	0.0	0.0	0.0	0.0	0.0	0.0	0.0	0.0	0.0	0.0	0.0	0.0	0.0	0.0	0.0	4.782E-4	0.0	0.0	0.0	0.0	0.0	0.0	0.0	0.0	4.744E-4	0.0	0.0	
Ring-necked Pheasant	0.0	0.0	0.0	0.0	0.0	0.0	0.0	0.0	0.0	0.0	0.0	0.0	0.0	0.0	0.0	0.0	0.0	0.0	0.0	0.0	0.0	0.0	0.0	0.0	0.0	0.0	0.0	0.0	0.0	0.0015	0.0	0.0	0.0	0.0	0.0	0.0	0.0	0.0015	0.0	0.0	0.0	0.0	0.0	0.0	0.0	0.0	0.0	0.0	
Indian Peafowl	0.0	4.014E-4	0.0	0.0	0.0	0.0	0.0	0.0	0.0	0.0	0.0	0.0	0.0	0.0	0.0	0.0	0.0	0.0	0.0	0.0	0.0	0.0	0.0	0.0	0.0	0.0	0.0	0.0	0.0	0.0015	0.0	0.0	0.0	0.0	0.0	0.0	4.782E-4	2.874E-4	0.0	0.0	0.0	0.0	0.0	0.0015	0.0	0.0	0.0	3.161E-4	
Red Junglefowl	0.0015	0.0	0.0	0.0	0.0	0.0	0.0	0.0	0.0	0.0	0.0	0.0	0.0	0.0	0.0	0.0	0.0	0.0	0.0	0.0	0.0	0.0	0.0	0.0	0.0	0.0	0.0	0.0	0.0	0.0	0.0	0.0	0.0	0.0	5.155E-4	0.0	0.0	0.0	3.615E-4	6.291E-4	3.849E-4	0.0	0.0	0.0	0.0	4.744E-4	0.0	3.161E-4	
Rock Pigeon	0.3341584	0.358892	0.3952043	0.3233844	0.3382291	0.3458224	0.35754	0.3635915	0.3777403	0.4248036	0.4654011	0.426009	0.4085642	0.4564719	0.4361335	0.4592626	0.3839442	0.3663013	0.445584	0.4475383	0.4558911	0.4419825	0.411847	0.4677264	0.4458484	0.4254054	0.4410339	0.4035013	0.4560092	0.4902081	0.445885	0.4881475	0.4576837	0.4182184	0.4159794	0.417028	0.4131994	0.3724138	0.368402	0.39352	0.3818322	0.382862	0.3362709	0.3736668	0.4001924	0.3728653	0.3772973	0.3735777	
Picazuro Pigeon	0.6089109	0.6274589	0.651421	0.5490142	0.5749056	0.5837392	0.5955525	0.6161815	0.6160764	0.6419753	0.6625842	0.666293	0.613602	0.6426117	0.6467204	0.6882112	0.6509599	0.6122865	0.6968661	0.6896691	0.7122558	0.6565598	0.6725746	0.683526	0.6853189	0.647027	0.6828218	0.6635354	0.7084531	0.7037944	0.7096956	0.7502195	0.674833	0.6768998	0.6603093	0.6629878	0.6719273	0.6439655	0.6218366	0.6351054	0.6516551	0.6618827	0.6716141	0.6524458	0.6599327	0.6375712	0.6508108	0.6463338	
Spot-winged Pigeon	0.2218441	0.2280209	0.25	0.1971522	0.2165338	0.1704758	0.1796386	0.1830291	0.1810006	0.1565657	0.1586038	0.1659193	0.1571788	0.1592211	0.1628308	0.180701	0.2220768	0.2255927	0.1988604	0.1977401	0.1882771	0.2040816	0.2257463	0.2235067	0.1865223	0.2010811	0.2315563	0.2177626	0.2231167	0.1995104	0.2006764	0.1848112	0.204343	0.1826875	0.1927835	0.1714624	0.1841224	0.2181034	0.1963124	0.2025794	0.1993841	0.2123259	0.2351577	0.2236116	0.2202982	0.2201139	0.2108108	0.2323009	
Patagioenas sp.	0.0012376	4.014E-4	4.44E-4	0.0	0.0	0.0	6.949E-4	4.933E-4	0.0	0.0	0.0012247	7.474E-4	0.0	5.727E-4	5.754E-4	0.002731	4.363E-4	5.098E-4	0.0017094	4.036E-4	0.0017762	0.0011662	0.0013993	0.0	0.0	5.405E-4	0.0015	0.001281	5.75E-4	0.0015	0.0016911	0.0017559	0.0	5.033E-4	0.0	7.883E-4	9.565E-4	2.874E-4	3.615E-4	0.0012583	0.0011547	4.221E-4	4.638E-4	7.356E-4	4.81E-4	4.744E-4	5.405E-4	0.0	
Ruddy Ground Dove	0.0	0.0	8.881E-4	5.476E-4	4.196E-4	3.747E-4	3.475E-4	0.0	0.0	0.0	0.0012247	0.0011211	0.0	5.727E-4	0.0	4.552E-4	0.0013089	7.647E-4	0.0011396	0.0015	0.0	0.0	0.0	9.634E-4	0.0	5.405E-4	5.385E-4	0.0	0.0	0.0	0.0	4.39E-4	5.568E-4	0.0	5.155E-4	0.0	9.565E-4	5.747E-4	0.0010846	6.291E-4	0.0011547	0.0016885	4.638E-4	7.356E-4	9.62E-4	4.744E-4	0.0	9.482E-4	
Picui Ground Dove	0.1875	0.1826576	0.196714	0.1736035	0.1770877	0.1753466	0.1886727	0.1805624	0.1843732	0.1515152	0.1696265	0.1797459	0.1617128	0.1466208	0.1783659	0.1597633	0.1841187	0.1983176	0.1589744	0.1622276	0.1829485	0.1539359	0.1744403	0.1469171	0.1383875	0.1297297	0.1378568	0.147737	0.1569868	0.1493268	0.1505073	0.1567164	0.1759465	0.1680926	0.1639175	0.1596374	0.1726447	0.1931034	0.1699205	0.1563385	0.1570439	0.1591389	0.1600186	0.1816844	0.1798942	0.1622391	0.1810811	0.1972187	
Blue Ground Dove	0.0	0.0	0.0	0.0	0.0	0.0	0.0	0.0	0.0	0.0	0.0	0.0	5.038E-4	5.727E-4	0.0	0.0	0.0	0.0	0.0	0.0	0.0	0.0	0.0	0.0	0.0	0.0	0.0	0.0	0.0	0.0	0.0	0.0	0.0	0.0	0.0	0.0	0.0	0.0	0.0	0.0	0.0	0.0	0.0	0.0	0.0	0.0	0.0	0.0	
White-tipped Dove	0.0804455	0.0746688	0.0905861	0.0742059	0.0818296	0.0734357	0.0844336	0.0942279	0.0893761	0.0785634	0.0710349	0.0758595	0.0715365	0.069874	0.0920598	0.0769231	0.0759162	0.0698445	0.0911681	0.0875706	0.0923623	0.0892128	0.0942164	0.0968208	0.0926594	0.1032432	0.098546	0.1046114	0.1127085	0.1003672	0.0930101	0.1066725	0.0885301	0.0910921	0.1010309	0.1150966	0.1114299	0.1083333	0.1077368	0.1006606	0.1081601	0.1076404	0.122449	0.1228393	0.0918711	0.1062619	0.1097297	0.1030341	
Gray-fronted Dove	0.0	0.0	0.0	0.0	0.0	0.0	0.0	0.0	0.0	0.0	0.0	3.737E-4	0.0	0.0	0.0	0.0	0.0	0.0	0.0	0.0	0.0	5.831E-4	0.0	0.0	0.0	0.0	0.0	4.27E-4	0.0	0.0	0.0	0.0	0.0	5.033E-4	0.0	0.0	0.0	0.0	0.0	0.0	0.0	0.0	0.0	0.0	0.0	0.0	0.0	0.0	
West Peruvian Dove	0.0	0.0	0.0	0.0	0.0	0.0	0.0	0.0	0.0	0.0	0.0	0.0	0.0	0.0	0.0	0.0	0.0	0.0	0.0	0.0	0.0	0.0	0.0	0.0	0.0	0.0	0.0	0.0	0.0	0.0	0.0	0.0	0.0	0.0	0.0	0.0	0.0	0.0	0.0	0.0	0.0	0.0	0.0	0.0	0.0	4.744E-4	0.0	0.0	
Eared Dove	0.6871906	0.7270173	0.7335702	0.628149	0.6542174	0.6568003	0.6789437	0.6679822	0.6616076	0.6734007	0.6925903	0.6618087	0.5964736	0.5910653	0.5494822	0.5662267	0.508726	0.4705582	0.5589744	0.5480226	0.6187093	0.612828	0.6021455	0.6175337	0.6293622	0.6281081	0.6494346	0.6528608	0.7170788	0.7288862	0.6961669	0.760755	0.7126949	0.7151485	0.7139175	0.6984628	0.7345768	0.6985632	0.6861894	0.7055678	0.7163202	0.7311102	0.7068646	0.7377712	0.7421837	0.7409867	0.7259459	0.7111252	
pigeon/dove sp.	0.0	0.0	0.0	0.0	0.0	0.0	0.0	0.0	0.0	0.0	0.0	0.0	0.0	0.0	0.0	0.0	4.363E-4	2.549E-4	0.0	0.0	0.0	5.831E-4	0.0	0.0	0.0	0.0	0.0	0.0	0.0	0.0	0.0015	0.0	0.0	0.0	0.0	0.0	0.0	0.0	0.0	0.0	7.698E-4	0.0	0.0	0.0015	4.81E-4	0.0	0.0	0.0015803	
Violet Turaco	0.0	0.0	4.44E-4	0.0	0.0	0.0	0.0	0.0	0.0	0.0	0.0	0.0	0.0	0.0	0.0	0.0	0.0	0.0	0.0	0.0	0.0	0.0	0.0	0.0	0.0	0.0	0.0	0.0	0.0	0.0	0.0	0.0	0.0	0.0	0.0	0.0	0.0	0.0	0.0	0.0	0.0	0.0	0.0	0.0015	0.0	0.0	0.0	0.0	
Guira Cuckoo	0.195854	0.1862706	0.1936057	0.172782	0.1632396	0.1528662	0.1487144	0.1539221	0.1478359	0.1234568	0.1236987	0.1386398	0.1304786	0.1225659	0.141542	0.1456532	0.1719023	0.1661993	0.1333333	0.1396287	0.1379515	0.1405248	0.1427239	0.1209056	0.1167268	0.1362162	0.1179321	0.118275	0.1167338	0.0875153	0.1195039	0.1014047	0.1085746	0.1152491	0.107732	0.1154907	0.145385	0.1844828	0.1655821	0.1714376	0.1828329	0.1988181	0.2235622	0.2030158	0.2145262	0.2129981	0.2048649	0.2092288	
Greater Ani	0.0	0.0	0.0	0.0	0.0	0.0	0.0	0.0	0.0	0.0	0.0024495	0.0015	0.0015	0.0	0.0015	4.552E-4	0.0	0.0	0.0015	4.036E-4	0.0	0.0	0.0	0.0	0.0	0.0	0.0	0.0	0.0	0.0	0.0	0.0	0.0	0.0	0.0	0.0	0.0	0.0	0.0	0.0	0.0	0.0	0.0	0.0	0.0	0.0	0.0	0.0	
Smooth-billed Ani	0.0	0.0	4.44E-4	0.0	0.0	0.0	0.0	0.0	0.0	0.0	0.0	0.0	5.038E-4	0.0	5.754E-4	4.552E-4	0.0	0.0	5.698E-4	0.0	0.0	0.0	0.0	0.0	0.0	0.0	0.0	0.0	0.0	0.0	0.0	0.0	0.0	0.0	0.0	0.0	0.0	2.874E-4	0.0	0.0	0.0	0.0	4.638E-4	0.0	0.0	4.744E-4	0.0	0.0	
Striped Cuckoo	0.0021658	0.0028101	0.0026643	0.0021906	0.0025178	0.0018734	6.949E-4	0.00148	0.0016863	5.612E-4	6.124E-4	7.474E-4	0.0	0.0	0.0	0.0	4.363E-4	0.0	0.0	4.036E-4	0.0	5.831E-4	0.0	0.0	0.0	0.0	0.0	0.0	0.0	0.0	0.0	0.0	5.568E-4	5.033E-4	0.0	0.0	4.782E-4	0.0063218	0.0028923	0.0059767	0.0092379	0.0059097	0.0092764	0.0110335	0.008177	0.0071157	0.0086486	0.0041087	
Ash-colored Cuckoo	0.0046411	0.0044159	0.0071048	0.0032859	0.004616	0.0018734	0.0048645	0.0054267	0.0028106	0.0028058	0.0024495	0.0022422	0.0010076	0.0011455	0.0011507	0.0018207	8.726E-4	2.549E-4	0.0011396	0.0	0.0	0.0	0.0	0.0	0.0	0.0	0.0	0.0	0.0	0.0	0.0	0.0	5.568E-4	0.0	5.155E-4	0.0	9.565E-4	0.0020115	0.0025307	0.0047185	0.0065435	0.0042212	0.0106679	0.008459	0.005772	0.0132827	0.0102703	0.0101138	
Common Squirrel-Cuckoo	0.0	0.0	0.0	0.0	0.0	0.0	0.0	0.0	0.0	0.0	6.124E-4	3.737E-4	0.0	5.727E-4	5.754E-4	0.0015	0.0	5.098E-4	0.0	0.0	0.0023683	5.831E-4	4.664E-4	4.817E-4	0.0030084	0.0010811	0.002154	0.0029889	0.0028752	0.001224	0.0	4.39E-4	5.568E-4	5.033E-4	0.0015	3.942E-4	0.0	0.0	0.0	3.146E-4	0.0	0.0012664	4.638E-4	0.0	0.0	0.0	0.0	3.161E-4	
Dark-billed Cuckoo	0.0219678	0.0164593	0.0239787	0.0164294	0.0176248	0.0149869	0.0138985	0.0133202	0.0151771	0.0089787	0.0122474	0.0067265	0.0025189	0.0040092	5.754E-4	0.0013655	0.0013089	0.0	0.0	0.0	0.0	0.0	4.664E-4	4.817E-4	0.0	0.0	0.0	0.0	0.0	0.0	0.0011274	4.39E-4	0.0016704	5.033E-4	0.0	0.0	0.0014347	5.747E-4	0.0032538	0.0157282	0.0296382	0.0232165	0.0431354	0.0433983	0.040885	0.0426945	0.0383784	0.0372946	
Yellow-billed Cuckoo	3.094E-4	0.0	0.0	0.0	4.196E-4	0.0	0.0	0.0	0.0	0.0	0.0	0.0	0.0	0.0	0.0	0.0	0.0	0.0	0.0	0.0	0.0	0.0	0.0	0.0	0.0	0.0	0.0	0.0	0.0	0.0	0.0	0.0	0.0	0.0	0.0	0.0	0.0	0.0	0.0	0.0	0.0	0.0	0.0	0.0	0.0	0.0	0.0	0.0	
Nacunda Nighthawk	0.0018564	0.0028101	8.881E-4	0.0013691	8.393E-4	0.001124	0.0010424	9.867E-4	0.0022485	0.0011223	0.0012247	0.0014948	0.0015113	0.0017182	5.754E-4	4.552E-4	0.0013089	0.0015	0.0	0.0	5.921E-4	0.0015	0.0	0.0	0.0	0.0	0.0	0.0015	5.75E-4	0.0	0.0	8.78E-4	0.0016704	0.0025164	0.0041237	0.0027592	0.001913	0.0043103	0.0039769	0.0025165	0.0015396	0.0021106	0.0032468	0.0011033	0.001924	4.744E-4	0.0021622	0.0025284	
Common Nighthawk	3.094E-4	0.0	8.881E-4	2.738E-4	0.0	3.747E-4	0.0	9.867E-4	0.0	0.0	0.0	0.0	0.0	0.0	0.0	0.0	0.0	0.0	0.0	0.0	0.0	0.0	0.0	0.0	0.0	0.0	0.0	0.0	0.0	0.0	0.0	0.0	0.0	0.0	0.0	0.0	0.0	0.0	0.0	0.0	0.0	0.0	0.0	0.0	0.0	0.0	0.0	0.0018963	
Little Nightjar	0.0012376	8.029E-4	0.0017762	0.0019168	0.0	3.747E-4	0.0	4.933E-4	0.0011242	0.0	0.0012247	0.0015	0.0	0.0	0.0	0.0	0.0	0.0	0.0	0.0	0.0015	0.0	0.0	0.0	0.0	0.0	0.0015	0.0	0.0	0.0	0.0	0.0015	0.0	5.033E-4	0.0010309	0.0	0.0	0.0	0.0021692	0.0015728	0.0019246	8.442E-4	0.0023191	0.0022067	0.001443	0.0028463	0.0021622	0.0022124	
Band-winged Nightjar	0.0015	0.0015	0.0017762	0.0015	4.196E-4	3.747E-4	0.0015	4.933E-4	5.621E-4	0.0015	0.0018371	7.474E-4	0.0015113	0.0015	0.0017261	0.0022758	0.0026178	0.0010196	0.0011396	4.036E-4	0.0017762	0.0034985	0.0015	9.634E-4	6.017E-4	0.0	0.0015	0.0017079	5.75E-4	6.12E-4	5.637E-4	8.78E-4	0.0011136	5.033E-4	0.0010309	0.0011825	0.0014347	2.874E-4	7.231E-4	9.437E-4	0.0015	0.0015	9.276E-4	0.0015	0.0015	4.744E-4	5.405E-4	0.0	
Scissor-tailed Nightjar	0.0030941	0.0016058	0.0022202	0.0057503	0.0041964	0.0014987	0.0031272	0.00296	0.0061832	0.0028058	0.004899	0.0044843	0.0035264	5.727E-4	5.754E-4	0.0018207	0.0	0.0010196	0.0	0.0	0.0	0.0	9.328E-4	0.0	0.0	0.0	5.385E-4	0.0	5.75E-4	0.0	0.0	4.39E-4	0.0011136	0.0010065	0.0046392	0.002365	0.0076518	0.0091954	0.0093999	0.0056622	0.0046189	0.0050654	0.0069573	0.0022067	0.007696	0.0037951	0.007027	0.0037927	
nightjar sp.	0.0	0.0	0.0	0.0	0.0	0.0	0.0	0.0	0.0	0.0	0.0	0.0	0.0	0.0	0.0	0.0	0.0	0.0	0.0	0.0	0.0	0.0	0.0	0.0	0.0	0.0	0.0	4.27E-4	0.0	0.0	0.0	0.0	0.0	0.0	0.0	0.0	0.0	0.0	0.0	0.0	0.0	0.0	0.0	3.678E-4	0.0	0.0	0.0	0.0	
Common Potoo	0.0	0.0	0.0	0.0	0.0	0.0	0.0	0.0	0.0	0.0	0.0	0.0	0.0	0.0	0.0	0.0	0.0	0.0	0.0	0.0	0.0	0.0	0.0	0.0	0.0	0.0	0.0	0.0	0.0	0.0	0.0	0.0	0.0	0.0	0.0	0.0	0.0	0.0	0.0	0.0012583	0.0015	0.0	0.0	0.0	4.81E-4	0.0	0.0	0.0	
swift sp.	0.0	0.0	0.0	0.0	0.0	0.0	0.0	0.0	0.0	0.0	0.0	0.0	0.0	0.0	5.754E-4	0.0	0.0	0.0	0.0	0.0	0.0	0.0	0.0	0.0	0.0	0.0	0.0	0.0	0.0	0.0	0.0	0.0	0.0	0.0	0.0	0.0	0.0	0.0	0.0	0.0	0.0	0.0	0.0	0.0	0.0	0.0	0.0	0.0	
White-necked Jacobin	0.0	0.0	0.0	0.0	0.0	0.0	3.475E-4	9.867E-4	5.621E-4	5.612E-4	0.0	0.0	0.0	0.0	0.0	0.0	0.0	0.0	0.0	0.0	0.0	0.0	0.0	0.0	0.0	0.0	0.0	0.0	0.0	0.0	0.0	0.0	0.0	0.0	0.0	0.0	0.0	0.0	0.0	0.0	0.0	0.0	0.0	0.0	0.0	0.0	0.0	0.0	
Black Jacobin	0.0	0.0	0.0	0.0015	0.0	0.0	0.0	0.0	0.0	0.0	0.0	3.737E-4	0.0	0.0	0.0	0.0	0.0	0.0	0.0015	0.0	0.0	0.0	0.0	0.0	6.017E-4	0.0	0.0	0.0	0.0	0.0	0.0	8.78E-4	0.0	0.0	0.0015	0.0	9.565E-4	0.0	0.0	0.0	0.0015	0.0	0.0	0.0	0.0	0.0	0.0	0.0	
Green-backed Firecrown	0.0	0.0	0.0	0.0	0.0	0.0	0.0	0.0	0.0	0.0	0.0	0.0	0.0	0.0	0.0	4.552E-4	0.0	2.549E-4	0.0015	0.0	0.0	0.0	0.0	0.0015	0.0	0.0	5.385E-4	0.0	0.0	6.12E-4	0.0	0.0	0.0	0.0	0.0	0.0	0.0	0.0015	0.0	0.0	0.0	0.0	0.0	0.0	0.0	0.0	0.0	0.0	
Giant Hummingbird	0.0	0.0	0.0	0.0015	0.0	0.0	0.0	0.0015	0.0	0.0	0.0015	0.0	0.0	0.0	0.0	0.0	0.0	0.0	0.0	0.0	0.0	0.0	0.0	0.0	0.0	0.0	0.0	0.0	0.0	0.0	0.0	0.0	0.0	0.0	0.0	0.0	0.0	0.0	0.0	0.0	0.0	0.0	0.0	0.0	0.0	0.0	0.0	0.0	
Blue-tufted Starthroat	0.0	4.014E-4	4.44E-4	0.0	0.0015	3.747E-4	3.475E-4	0.0	0.0	0.0	0.0	0.0	0.0	0.0	0.0	0.0015	0.0	0.0	0.0	0.0	5.921E-4	5.831E-4	0.0	0.0	0.0	0.0	0.0	0.0	0.0	0.0	0.0	4.39E-4	0.0	0.0	0.0	0.0	0.0	0.0	7.231E-4	0.0	0.0	0.0	0.0	0.0	0.0	0.0	0.0	0.0	
woodstar sp.	0.0	0.0	0.0	0.0	0.0	0.0	0.0	0.0	0.0	0.0	0.0	0.0	0.0	0.0	0.0	0.0	0.0	0.0	0.0	0.0	0.0	0.0	0.0	0.0	0.0	0.0	0.0	0.0	0.0	0.0	0.0	0.0	0.0	0.0	0.0	0.0	0.0	0.0	0.0	0.0	0.0	0.0	0.0	0.0	0.0	0.0015	0.0	0.0	
Glittering-bellied Emerald	0.2778465	0.267764	0.2828597	0.2291895	0.2543013	0.2873735	0.3339124	0.2353231	0.2360877	0.2093154	0.1971831	0.1715247	0.124937	0.1151203	0.1001151	0.0487028	0.0449389	0.0479225	0.037037	0.0250202	0.0201303	0.0239067	0.0298507	0.0207129	0.0138387	0.0183784	0.0150781	0.0209223	0.0253019	0.0208078	0.0208568	0.0250219	0.0361915	0.0583795	0.1051546	0.1580607	0.2204687	0.2264368	0.2241504	0.2359232	0.2421093	0.2384973	0.2666976	0.2695844	0.2405002	0.2343454	0.2594595	0.278445	
Swallow-tailed Hummingbird	0.0	0.0	0.0	0.0	0.0	0.0	0.0	0.0	0.0	0.0	0.0	0.0	0.0	0.0	0.0	0.0	0.0	0.0	0.0	4.036E-4	0.0	0.0	0.0	0.0	0.0	0.0	0.0	0.0	0.0	0.0	0.0	0.0	0.0	0.0	0.0	0.0	0.0	0.0	0.0	0.0	0.0	0.0	0.0	0.0	0.0	0.0	0.0	0.0	
White-throated Hummingbird	0.060953	0.0606182	0.0666075	0.0481928	0.0537138	0.0629449	0.0813065	0.0621608	0.0652052	0.0617284	0.0636865	0.0627803	0.0564232	0.056701	0.0805524	0.0673646	0.0706806	0.062962	0.0940171	0.0637611	0.071048	0.0618076	0.0615672	0.0659923	0.0722022	0.0740541	0.0651589	0.0747225	0.0856814	0.0899633	0.0749718	0.0772608	0.0768374	0.0754907	0.0721649	0.0725266	0.0674319	0.0606322	0.0520607	0.0556779	0.056582	0.0502322	0.054731	0.0673042	0.049062	0.0483871	0.0551351	0.0632111	
Gilded Hummingbird	0.1293317	0.1236451	0.1367673	0.101862	0.1044901	0.1150244	0.1240445	0.1100148	0.1208544	0.1313131	0.12921	0.1289238	0.1264484	0.1431844	0.1547756	0.1547565	0.1330716	0.131532	0.1401709	0.1271186	0.1533452	0.1282799	0.1128731	0.1276493	0.1034898	0.0891892	0.1055466	0.1050384	0.1092582	0.1028152	0.0986471	0.1374012	0.1213808	0.148465	0.1407216	0.1371699	0.1410808	0.1301724	0.1214751	0.1261403	0.1235566	0.1321233	0.1488868	0.1489518	0.1317941	0.1295066	0.1351351	0.1390645	
hummingbird sp.	0.0030941	0.0056202	0.0022202	0.003012	0.0025178	0.0048707	0.0111188	0.00296	0.0022485	0.0044893	0.0030618	0.0033632	0.0030227	0.0017182	0.0051784	9.103E-4	0.0026178	0.0045883	0.0039886	0.0032284	0.0011841	0.0023324	9.328E-4	0.0033719	0.0036101	0.0010811	0.002154	0.0017079	0.0017251	0.002448	0.0033822	0.0021949	0.0016704	0.0030196	0.0041237	0.0019708	0.0033477	0.0034483	0.005423	0.0059767	0.0050038	0.0037991	0.0046382	0.0047812	0.003367	0.0052182	0.007027	0.0031606	
Rallus sp.	0.0	0.0	0.0	0.0	0.0	0.0	0.0	4.933E-4	0.0	0.0	0.0	0.0	0.0	0.0	0.0	0.0	0.0	0.0	0.0	0.0	0.0	0.0	0.0	0.0	0.0	0.0	0.0	0.0	0.0	0.0	0.0	0.0	0.0	0.0	0.0	0.0	0.0	0.0	0.0	0.0	0.0	0.0	0.0	0.0	0.0	0.0	0.0	0.0	
Spotted Rail	0.0012376	0.0016058	0.0013321	8.215E-4	0.0029375	0.001124	0.0017373	0.0019734	0.0061832	0.0016835	6.124E-4	0.0018685	0.0030227	5.727E-4	5.754E-4	0.0013655	0.0026178	7.647E-4	5.698E-4	0.0016142	5.921E-4	0.0	0.0018657	9.634E-4	6.017E-4	0.0027027	0.0	0.001281	0.0034503	0.00306	0.0011274	4.39E-4	0.002784	0.0015098	0.0015464	0.0019708	0.0071736	0.0051724	0.0039769	0.0031456	0.0053888	0.0037991	0.0037106	0.0047812	0.003367	0.0028463	0.0032432	0.0012642	
Plumbeous Rail	0.0686881	0.0590124	0.0555062	0.0695509	0.0671423	0.0648183	0.0535094	0.0735076	0.0758853	0.0533109	0.0649112	0.0635277	0.0675063	0.0532646	0.0621404	0.0632681	0.0763525	0.0670405	0.0700855	0.0686037	0.079929	0.0565598	0.068097	0.0674374	0.0800241	0.0681081	0.0732364	0.0674637	0.0569293	0.0636475	0.0856821	0.0702371	0.0673719	0.0644187	0.0675258	0.0666141	0.0784314	0.075	0.0614606	0.0821013	0.0792918	0.0692275	0.0737477	0.065833	0.0644541	0.0678368	0.0691892	0.0704804	
Giant Wood-Rail	0.0352723	0.044159	0.0484014	0.0314896	0.0390264	0.0303484	0.0316192	0.0453873	0.0539629	0.0375982	0.033068	0.0381166	0.0423174	0.0389462	0.0489068	0.0450614	0.0445026	0.0387459	0.0461538	0.0415658	0.0307874	0.0489796	0.0317164	0.0366089	0.0373045	0.047027	0.0425417	0.0405636	0.0454284	0.0452876	0.0490417	0.048727	0.0367483	0.0442879	0.0561856	0.0398108	0.0559541	0.0545977	0.0477223	0.0484429	0.052348	0.0506543	0.0505566	0.0562707	0.0538721	0.044592	0.0545946	0.0543616	
Gray-cowled Wood-Rail	0.0371287	0.0293055	0.0426288	0.0342278	0.0331515	0.0355939	0.0371786	0.0424272	0.0528387	0.047138	0.049602	0.0459641	0.0438287	0.0372279	0.0586881	0.0359581	0.0418848	0.0323732	0.0564103	0.0464084	0.0550622	0.058309	0.0475746	0.0525048	0.0475331	0.047027	0.0414647	0.0482494	0.0615296	0.0526316	0.054115	0.0522388	0.048441	0.0468042	0.0530928	0.0547891	0.0569106	0.0416667	0.0459147	0.0383768	0.0458045	0.0455889	0.0542672	0.0481795	0.03848	0.0479127	0.0502703	0.0470923	
wood-rail sp.	0.0	0.0	0.0	0.0	0.0	0.0	0.0	0.0	0.0	0.0	0.0	0.0	0.0	0.0	0.0	0.0	0.0	0.0	0.0	0.0	0.0	0.0	0.0	4.817E-4	0.0	0.0	0.0	0.0	0.0	0.0	0.0	0.0	0.0	0.0	0.0	0.0	0.0	0.0	0.0	0.0	0.0	0.0	4.638E-4	0.0	0.0	0.0	0.0	0.0	
Spot-flanked Gallinule	0.0244431	0.0232838	0.0217584	0.0153341	0.0222409	0.0187336	0.014246	0.0236803	0.0241709	0.016835	0.0134721	0.0198057	0.0120907	0.0154639	0.0201381	0.0154756	0.0301047	0.016569	0.0136752	0.0153349	0.0153937	0.0233236	0.0228545	0.0187861	0.0258724	0.0254054	0.0199246	0.0264731	0.0212766	0.0269278	0.0293123	0.0342406	0.0345212	0.0543533	0.0391753	0.0433583	0.0425634	0.0367816	0.0354302	0.0308273	0.0300231	0.0303926	0.0306122	0.0231703	0.019721	0.0241935	0.0243243	0.0274968	
Common Gallinule	0.0603342	0.0606182	0.0519538	0.0429901	0.0449014	0.0427126	0.052467	0.0656142	0.0652052	0.0516274	0.0532762	0.0609118	0.0604534	0.0647194	0.0701956	0.0773782	0.074171	0.0627071	0.0814815	0.0718321	0.0976909	0.0909621	0.0783582	0.0900771	0.0890493	0.0967568	0.0990845	0.1088813	0.0960322	0.121175	0.1155581	0.1128183	0.1030067	0.1192753	0.1097938	0.0910524	0.1018651	0.1028736	0.0958062	0.0909091	0.0973826	0.0827353	0.0941558	0.0849577	0.0711881	0.0773245	0.0708108	0.0692162	
Red-fronted Coot	0.0612624	0.0566038	0.0528419	0.0596933	0.0629459	0.047958	0.0469076	0.0730143	0.0725126	0.047138	0.0532762	0.0549327	0.0604534	0.0492554	0.0443038	0.0650888	0.0719895	0.0596482	0.0598291	0.0536723	0.0740083	0.0571429	0.0774254	0.0655106	0.0740072	0.0940541	0.0904685	0.0751494	0.06613	0.0826193	0.083991	0.0693591	0.0662584	0.0754907	0.0680412	0.0618841	0.0679101	0.0738506	0.0668836	0.0732935	0.0538876	0.0650063	0.0793135	0.0614196	0.0668591	0.0626186	0.0583784	0.0758534	
Red-gartered Coot	0.080755	0.0746688	0.0679396	0.0763965	0.0784725	0.0700637	0.0639333	0.0828811	0.0837549	0.0555556	0.0661359	0.069133	0.0801008	0.067583	0.0632911	0.0673646	0.104712	0.0751976	0.0695157	0.0661824	0.0793369	0.0752187	0.079291	0.0717726	0.0776173	0.1086486	0.1066236	0.0922289	0.0718804	0.0685435	0.0868095	0.0583845	0.0718263	0.0764972	0.0659794	0.0626724	0.0769967	0.0764368	0.071945	0.0732935	0.0569669	0.0658506	0.0793135	0.0702464	0.0750361	0.0744782	0.0778378	0.0900759	
White-winged Coot	0.1039604	0.0847049	0.0781528	0.0799562	0.0801511	0.0621956	0.0618485	0.0863345	0.074199	0.0527497	0.0618494	0.0541854	0.0634761	0.0526919	0.0517837	0.0555303	0.0767888	0.0624522	0.0575499	0.0528652	0.0680876	0.0577259	0.0755597	0.0693642	0.0818291	0.0897297	0.094238	0.0930828	0.0649799	0.0777234	0.0856821	0.071554	0.0991091	0.0895823	0.0891753	0.0780449	0.0970827	0.1123563	0.0896602	0.0905945	0.0796767	0.0865344	0.0960111	0.0908422	0.0889851	0.0986717	0.0843243	0.1112516	
coot sp.	0.0092822	0.0080289	0.0102131	0.0164294	0.0297944	0.0179843	0.0145935	0.0266404	0.0326026	0.0151515	0.011635	0.0115845	0.013602	0.0137457	0.0115075	0.0113792	0.0152705	0.0094316	0.0074074	0.008071	0.0142096	0.012828	0.014459	0.0144509	0.009627	0.0145946	0.0199246	0.0269001	0.0074756	0.00612	0.0124014	0.0122915	0.0111359	0.0095622	0.0180412	0.01419	0.0095648	0.012931	0.0101229	0.0154137	0.0223249	0.0088645	0.0115955	0.0114013	0.012987	0.0175522	0.0189189	0.0135904	
Purple Gallinule	6.188E-4	0.0	0.0	0.0015	0.0015	0.0	0.0	9.867E-4	5.621E-4	0.0016835	0.0	0.0	5.038E-4	5.727E-4	0.0	0.0	0.0	2.549E-4	0.0	4.036E-4	5.921E-4	0.0	4.664E-4	0.0	0.0	0.0015	0.0	0.0	0.0	0.0	5.637E-4	0.0	0.0015	0.0	0.0	0.0	9.565E-4	8.621E-4	0.0018077	3.146E-4	0.0046189	0.003377	0.0041744	0.0029423	9.62E-4	0.0	0.0	6.321E-4	
Red-and-white Crake	0.0049505	0.0032116	0.0017762	0.0057503	0.0062946	0.0029974	0.004517	0.0059201	0.0056211	0.003367	0.0024495	0.0041106	0.0035264	0.0040092	0.0080552	0.005462	0.0021815	0.0050981	0.0039886	0.0060533	0.0041445	0.0046647	0.0060634	0.0057803	0.0054152	0.0054054	0.0059235	0.0064048	0.0034503	0.005508	0.0033822	0.0092186	0.0038976	0.0060393	0.0046392	0.0039417	0.0052606	0.0057471	0.0050615	0.0053476	0.0038491	0.0063318	0.0041744	0.0040456	0.003848	9.488E-4	0.0043243	0.0047408	
Speckled Rail	0.0	0.0	0.0	0.0	0.0	0.0	0.0	0.0	0.0	0.0	0.0	0.0	0.0	0.0	0.0	0.0	0.0	0.0	0.0	0.0015	0.0	0.0	0.0	0.0	0.0	0.0	0.0	0.0	0.0	0.0	0.0	0.0	0.0	0.0	0.0	0.0	0.0	0.0	0.0	0.0	0.0	0.0	0.0	0.0	0.0	0.0	0.0	0.0	
Yellow-breasted Crake	0.0	0.0	0.0	0.0	0.0	0.0	0.0	4.933E-4	0.0	0.0	0.0	0.0	0.0	0.0	0.0	0.0	0.0	0.0	0.0	0.0	0.0	0.0	0.0	0.0	0.0	0.0	0.0	0.0	0.0	0.0	0.0	0.0	0.0	0.0	0.0	0.0	0.0	0.0	0.0	0.0	0.0	0.0	0.0	0.0	0.0015	0.0	0.0	0.0	
Rufous-sided Crake	0.022896	0.0176636	0.026643	0.0210843	0.0226605	0.021731	0.0236275	0.0256537	0.0331647	0.0224467	0.0251072	0.0280269	0.0256927	0.0286369	0.0385501	0.038234	0.0357766	0.0270201	0.0393162	0.0286521	0.0373002	0.0338192	0.0359142	0.0414258	0.0421179	0.0318919	0.0393107	0.0426985	0.0431282	0.0428397	0.0422773	0.0539947	0.0423163	0.0382486	0.0417526	0.0441466	0.0396939	0.0344828	0.032538	0.0286254	0.0327175	0.0325032	0.0320037	0.0297904	0.022126	0.0241935	0.0286486	0.0268647	
Dot-winged Crake	3.094E-4	0.0040145	8.881E-4	0.0027382	0.0016786	0.002248	0.0017373	0.0044401	0.0039348	0.0016835	0.0018371	0.0011211	0.0025189	0.002291	0.0017261	0.0013655	0.0013089	0.0017843	0.0	8.071E-4	0.0	0.0034985	4.664E-4	9.634E-4	0.0012034	0.0016216	0.001077	0.0017079	0.0	0.0	0.0011274	0.0	5.568E-4	5.033E-4	5.155E-4	7.883E-4	0.0023912	0.0022989	0.0018077	0.002202	0.0030793	0.0029548	0.0023191	0.00331	0.005291	0.0014231	0.0037838	0.0018963	
rail/crake sp.	0.0	0.0	0.0	0.0	0.0	0.0	0.0	0.0	0.0	0.0	0.0	0.0	0.0	0.0	0.0	0.0	0.0	0.0	0.0	0.0	0.0	0.0	0.0	0.0	0.0	0.0	0.0	0.0	0.0	0.0	0.0	0.0	0.0	0.0	0.0	0.0	0.0	0.0	0.0	0.0	3.849E-4	0.0	0.0	3.678E-4	0.0	0.0	0.0	0.0	
Limpkin	0.0439356	0.044159	0.0639432	0.0470975	0.0562316	0.0498314	0.0403058	0.0577208	0.0697021	0.0521886	0.0618494	0.0650224	0.0549118	0.056701	0.0598389	0.0614474	0.0632635	0.0461382	0.0541311	0.0564972	0.0592066	0.0548105	0.0583022	0.0645472	0.0613718	0.072973	0.0630048	0.0661827	0.0759057	0.0673195	0.0710259	0.0662862	0.0662584	0.0613991	0.0778351	0.0626724	0.0851267	0.0686782	0.0737527	0.0682605	0.0842956	0.0700718	0.0793135	0.0636263	0.0610871	0.0621442	0.0513514	0.0537295	
Magellanic Plover	0.0	0.0	0.0	0.0	0.0	0.0	0.0	0.0	0.0	0.0	0.0	0.0	0.0	0.0	0.0	4.552E-4	0.0026178	0.002804	0.0015	0.0032284	0.0017762	0.0017493	0.0018657	0.0019268	0.0024067	0.0027027	0.004308	0.0029889	0.0017251	0.001836	5.637E-4	0.0	0.0	0.0	0.0	0.0	0.0	0.0	0.0	0.0	0.0	0.0	0.0	0.0	0.0	0.0	0.0	0.0	
Snowy Sheathbill	0.0052599	0.003613	0.0031083	0.0043812	0.0020982	0.001124	0.0034746	0.0078934	0.0056211	0.0056117	0.0036742	0.0056054	0.0060453	0.0063001	0.0097814	0.0127447	0.0095986	0.0089217	0.0119658	0.0209847	0.0230906	0.0145773	0.0191231	0.0207129	0.0252708	0.0297297	0.0226171	0.0128096	0.0155262	0.0171359	0.0157835	0.0079017	0.0116927	0.0060393	0.0046392	0.0086717	0.0052606	0.0043103	0.0028923	0.0062913	0.0061586	0.0042212	0.0069573	0.0088268	0.003367	0.006167	0.0037838	0.0079014	
Black-necked Stilt	0.1237624	0.1128061	0.1136767	0.1317087	0.1393202	0.1150244	0.0969423	0.1179082	0.1208544	0.1004489	0.0992039	0.1106129	0.1254408	0.093929	0.1070196	0.1028675	0.117801	0.1198063	0.1156695	0.1029056	0.0988751	0.1113703	0.1380597	0.1117534	0.1095066	0.1378378	0.1448573	0.1387703	0.0879816	0.0875153	0.1200676	0.1079895	0.110245	0.113236	0.1262887	0.1111549	0.1267336	0.1433908	0.1048445	0.1236238	0.1235566	0.1046855	0.1372913	0.1312983	0.1303511	0.1209677	0.1302703	0.1302149	
Andean Avocet	0.0	0.0	0.0	0.0	0.0	0.0	0.0	0.0	0.0	0.0	0.0	0.0	0.0	0.0	0.0	0.0	0.0	0.0	0.0	0.0	0.0	0.0	0.0	0.0	0.0	0.0	0.0	0.0	0.0	0.0	0.0	0.0	5.568E-4	0.0035229	0.0010309	0.0	0.0	0.0	0.0	0.0	0.0	0.0	0.0	0.0	0.0	0.0	0.0	0.0	
American Oystercatcher	0.0550743	0.0505821	0.0484014	0.0605148	0.0373479	0.0340952	0.033009	0.0315738	0.0286678	0.0359147	0.028169	0.043722	0.0377834	0.0515464	0.0448792	0.0446063	0.0466841	0.0423146	0.034188	0.04318	0.0485494	0.0472303	0.0489739	0.050578	0.0409146	0.0545946	0.0581583	0.0499573	0.0408281	0.0422277	0.0343856	0.0425812	0.0746102	0.0613991	0.071134	0.0634608	0.0363462	0.0428161	0.0354302	0.049072	0.0500385	0.0430561	0.0473098	0.0525929	0.0514671	0.044592	0.047027	0.0467762	
Blackish Oystercatcher	3.094E-4	0.0	0.0	0.0	0.0015	0.0015	3.475E-4	0.0	0.0	0.0	0.0015	3.737E-4	0.0	5.727E-4	0.0017261	0.0	8.726E-4	2.549E-4	0.0	8.071E-4	0.0	0.0	4.664E-4	4.817E-4	0.0	0.0	5.385E-4	0.0	5.75E-4	0.0	0.0015	0.0	0.0	0.0	0.0	3.942E-4	0.0	0.0	0.0	0.0	0.0	0.0	0.0	0.0015	0.0	4.744E-4	0.0	0.0	
Magellanic Oystercatcher	0.0	4.014E-4	0.0	0.0	0.0	0.0	3.475E-4	4.933E-4	0.0015	0.0	0.0	0.0	5.038E-4	0.0	0.0	4.552E-4	0.0	2.549E-4	0.0	4.036E-4	5.921E-4	5.831E-4	0.0	0.0	0.0	0.0	0.0	0.0	0.0	0.0	0.0	0.0	5.568E-4	0.0	0.0	0.0	0.0	0.0	3.615E-4	3.146E-4	0.0	0.0	0.0013915	0.0	0.0	4.744E-4	0.0	0.0	
Black-bellied Plover	0.0151609	0.0136491	0.0102131	0.0147864	0.0083928	0.0093668	0.005212	0.0093735	0.0112423	0.0173962	0.0061237	0.0156951	0.0125945	0.0085911	0.0120829	0.0095585	0.0069808	0.005608	0.0034188	0.0040355	0.0082889	0.0058309	0.0060634	0.0038536	0.0024067	0.0037838	0.008616	0.0046968	5.75E-4	0.003672	0.0028185	0.0026339	0.0083519	0.0030196	0.006701	0.0067008	0.0086083	0.0091954	0.0057845	0.0078641	0.008853	0.0126636	0.0143785	0.0213314	0.015392	0.009962	0.0081081	0.0148546	
American Golden-Plover	0.0365099	0.0401445	0.0341918	0.0479189	0.0260176	0.0295991	0.0198054	0.021707	0.0202361	0.0157127	0.0110227	0.0134529	0.0075567	0.0051546	0.0040276	0.0022758	0.0021815	0.0035687	0.0011396	0.0016142	0.0	0.0	9.328E-4	9.634E-4	6.017E-4	0.0010811	5.385E-4	0.0	0.0	0.0	0.0016911	8.78E-4	0.002784	0.0095622	0.0185567	0.0137958	0.0234338	0.0278736	0.0177151	0.0386914	0.0427252	0.0481216	0.046846	0.0533284	0.0481	0.0279886	0.0356757	0.0303413	
Black-bellied Plover/golden-plover sp.	0.0	0.0	4.44E-4	8.215E-4	4.196E-4	3.747E-4	3.475E-4	4.933E-4	0.0011242	5.612E-4	6.124E-4	3.737E-4	0.0010076	0.0011455	0.0015	0.0015	0.0	0.0	0.0	8.071E-4	0.0	5.831E-4	0.0	0.0	0.0	0.0	0.0	0.0	0.0	0.0	0.0	0.0	0.0	0.0	0.0	0.0	4.782E-4	0.0022989	0.0014461	3.146E-4	0.0	4.221E-4	0.0013915	0.0015	0.0	0.0018975	5.405E-4	3.161E-4	
Tawny-throated Dotterel	0.0	0.0	0.0015	8.215E-4	4.196E-4	3.747E-4	6.949E-4	4.933E-4	0.0011242	0.0022447	0.0012247	0.0011211	0.0025189	0.0068729	0.0080552	0.0095585	0.0139616	0.0119806	0.0131054	0.0121065	0.0094731	0.0110787	0.0163246	0.0091522	0.0072202	0.0081081	0.0102316	0.0055508	0.0046003	0.004284	0.0033822	0.0039508	0.0011136	0.0015098	0.0015	0.0	9.565E-4	0.0	0.0	0.0	0.0	0.0	0.0	3.678E-4	0.0	0.0	0.0	0.0	
Rufous-chested Dotterel	0.0	0.0	0.0	0.0	0.0	3.747E-4	0.0	0.0	0.0	0.0015	0.0	3.737E-4	0.0015113	0.0080183	0.0132336	0.013655	0.0170157	0.0142748	0.0131054	0.0153349	0.0118413	0.0157434	0.0158582	0.0125241	0.0078219	0.0102703	0.0123856	0.0098207	0.0069005	0.00306	0.0107103	0.0043898	0.0055679	0.0030196	0.0010309	0.0	0.0	0.0	0.0	3.146E-4	0.0	0.0	0.0	0.0	0.0	0.0	0.0	0.0	
Semipalmated Plover	0.0055693	0.0044159	0.0053286	0.0062979	0.0050357	0.0037467	3.475E-4	0.00148	0.0033727	0.0011223	0.0036742	0.0056054	0.0030227	0.0028637	0.0051784	0.0031862	0.0034904	0.0017843	0.0011396	0.0012107	0.0	5.831E-4	0.0013993	9.634E-4	0.0	0.0010811	0.0016155	0.001281	0.0	0.00306	0.0	0.0017559	0.0011136	0.0025164	0.0061856	7.883E-4	0.0043042	0.0043103	0.0021692	0.0037748	0.0057737	0.0084424	0.0055659	0.0091946	0.008177	0.0042694	0.0054054	0.0053729	
Southern Lapwing	0.4446163	0.4215175	0.4253996	0.4236035	0.4255141	0.3821656	0.3707436	0.4173656	0.4154019	0.3709315	0.4335579	0.4495516	0.4523929	0.4473081	0.4850403	0.4897588	0.5117801	0.5256181	0.4626781	0.480226	0.4979278	0.5037901	0.5410448	0.5072254	0.5102286	0.5745946	0.5966613	0.5982067	0.5641173	0.5177479	0.5400225	0.5223881	0.5746102	0.5772521	0.5561856	0.5372487	0.5432807	0.5672414	0.5209689	0.5026738	0.508853	0.4803715	0.5176252	0.4840015	0.4819625	0.4886148	0.4545946	0.4813527	
Collared Plover	0.0034035	0.0028101	0.0026643	0.0052026	0.0058749	0.0029974	0.0024322	4.933E-4	0.0022485	0.0056117	0.0024495	0.0041106	0.0020151	0.0068729	0.0034522	0.005462	0.0061082	0.0079021	0.0039886	0.0060533	0.0053286	0.0058309	0.0097948	9.634E-4	0.0030084	0.007027	0.006462	0.0055508	0.0011501	0.004284	0.0039459	0.0035119	0.0050111	0.0045294	0.0046392	0.00473	0.0038259	0.0028736	0.0028923	0.0028311	0.0023095	0.0025327	0.0018553	0.00331	0.002405	0.0018975	0.0032432	0.0028445	
Two-banded Plover	0.0232054	0.0232838	0.0297513	0.0355969	0.0297944	0.023979	0.0295344	0.0305871	0.0292299	0.0274972	0.0220453	0.034006	0.0347607	0.0429553	0.0356732	0.032772	0.0418848	0.038236	0.0279202	0.0338983	0.0319716	0.0373178	0.0452425	0.0361272	0.0318893	0.0421622	0.0393107	0.0333049	0.0224267	0.0189718	0.0202931	0.0193152	0.0428731	0.0251636	0.0128866	0.0082775	0.0095648	0.0031609	0.0043384	0.0047185	0.0046189	0.0046433	0.0027829	0.0047812	0.010582	0.009962	0.0108108	0.0164349	
small plover sp.	0.0	0.0	0.0	0.0	0.0	0.0	0.0	0.0	0.0	0.0	0.0	0.0	0.0	0.0	0.0	0.0	4.363E-4	0.0	0.0	0.0	0.0	0.0	0.0	0.0	0.0	0.0015	0.0	0.0	0.0	0.0	0.0	0.0	0.0	0.0	0.0	0.0	0.0	0.0	0.0	0.0	0.0	0.0	0.0	0.0	0.0	0.0	0.0	0.0	
Least Seedsnipe	0.0	0.0	0.0	0.0	0.0	0.0	3.475E-4	0.00148	5.621E-4	0.0	0.0012247	0.0011211	0.0055416	0.0028637	0.004603	0.0050068	0.0100349	0.0073923	0.0034188	0.0060533	0.0065127	0.0087464	0.0107276	0.0057803	0.0066185	0.0059459	0.004308	0.0038429	0.0040253	6.12E-4	0.0016911	4.39E-4	0.0015	5.033E-4	5.155E-4	0.0	0.0	0.0	0.0	0.0	0.0	0.0	0.0	3.678E-4	0.0	0.0	0.0	0.0	
South American Painted-Snipe	0.0058787	0.0076275	0.0039964	0.004655	0.0071339	0.0014987	0.0027797	0.0044401	0.0039348	0.0022447	0.0012247	0.0033632	0.0025189	0.0011455	0.0011507	0.0015	8.726E-4	0.0012745	5.698E-4	0.0	5.921E-4	5.831E-4	0.0	0.0015	6.017E-4	0.0027027	0.001077	0.0017079	0.0017251	0.001836	0.0016911	0.0013169	0.002784	0.0035229	0.0030928	0.0055183	0.0057389	0.0031609	0.005423	0.007235	0.0030793	0.0067539	0.0060297	0.0069879	0.007215	0.0023719	0.0043243	0.0037927	
Wattled Jacana	0.049505	0.0429546	0.044405	0.033954	0.0474192	0.0340952	0.0378735	0.0458806	0.0399101	0.0347924	0.0293938	0.038864	0.0337531	0.0286369	0.0333717	0.035503	0.039267	0.0305888	0.0324786	0.0274415	0.026643	0.0227405	0.0349813	0.0317919	0.0397112	0.04	0.0290792	0.0324509	0.027027	0.0305998	0.0439684	0.0342406	0.0389755	0.0493206	0.0448454	0.0457233	0.0502152	0.0508621	0.0542299	0.0629129	0.060816	0.0468552	0.0663265	0.0680397	0.0668591	0.0602467	0.0481081	0.0518331	
Upland Sandpiper	0.0034035	0.0092332	0.0026643	0.0065717	0.0083928	0.0044961	0.004517	0.0039467	0.0044969	0.003367	0.0012247	0.0022422	0.0015113	0.0015	0.0015	0.0	0.0	0.0	0.0	0.0	0.0	0.0	0.0	0.0	0.0	0.0	0.0	0.0	0.0	0.0	0.0	0.0	0.0	0.0	5.155E-4	0.0015	9.565E-4	8.621E-4	0.0018077	0.0018874	7.698E-4	0.0016885	0.0023191	0.0022067	0.002886	0.0037951	0.0010811	0.0047408	
Hudsonian Whimbrel	0.0012376	0.0012043	0.0013321	5.476E-4	0.0	7.493E-4	3.475E-4	0.0019734	0.0011242	0.0	6.124E-4	0.0	0.0015113	5.727E-4	5.754E-4	0.0	0.0	2.549E-4	0.0	0.0	0.0	0.0015	4.664E-4	0.0	0.0	0.0	0.0	0.0	0.0	0.0	5.637E-4	4.39E-4	0.0	0.0	0.0	0.0015	0.0015	2.874E-4	3.615E-4	9.437E-4	0.0019246	0.0012664	0.0013915	0.0022067	0.002405	4.744E-4	0.0	3.161E-4	
Eskimo Curlew	0.0	0.0015	0.0	0.0	0.0015	0.0	0.0	0.0	0.0	0.0	0.0	0.0	0.0	0.0015	0.0	0.0	0.0	0.0	0.0	0.0	0.0	0.0	0.0	0.0	0.0	0.0	0.0	0.0	0.0	0.0	0.0	0.0	0.0	0.0	0.0	0.0	0.0	0.0	0.0	0.0	0.0	0.0	0.0	0.0	0.0	0.0	0.0	0.0	
Eurasian Curlew	0.0	0.0	0.0	5.476E-4	0.0	0.0	0.0	0.0	0.0	5.612E-4	0.0	0.0	0.0	0.0	0.0	0.0	0.0	0.0	0.0	0.0	0.0	0.0	0.0	0.0	0.0	0.0	0.0	0.0	0.0	0.0	0.0	0.0	0.0	0.0	0.0	0.0	0.0	0.0	0.0	0.0	0.0	0.0	0.0	0.0	0.0	0.0	0.0	0.0	
Hudsonian Godwit	0.0380569	0.03332	0.0301954	0.0402519	0.0260176	0.0344698	0.0246699	0.0236803	0.0269815	0.0319865	0.0287814	0.0332586	0.0322418	0.032646	0.0310702	0.0254893	0.0253054	0.0234514	0.014245	0.0201776	0.0148017	0.0151603	0.0181903	0.0163776	0.0144404	0.0216216	0.0247711	0.0209223	0.0092007	0.0110159	0.0129651	0.0149254	0.0222717	0.0135883	0.0304124	0.0193142	0.0291726	0.0344828	0.0159074	0.0358603	0.0354119	0.0350359	0.0371058	0.0503862	0.039923	0.0327324	0.0302703	0.0312895	
Marbled Godwit	0.0	0.0	0.0	0.0	0.0	0.0	0.0	0.0	0.0	0.0	0.0	0.0	0.0	0.0	0.0	0.0	0.0	0.0	0.0	0.0	0.0	0.0	0.0	0.0	0.0	0.0	0.0	0.0	0.0	0.0	0.0	0.0	0.0	0.0	5.155E-4	0.0	0.0	0.0	0.0	0.0	0.0	0.0	0.0	0.0	0.0	0.0	0.0	0.0	
Short-billed Dowitcher	0.0024752	0.0020072	0.0013321	0.0	0.0	0.0	0.0	4.933E-4	0.0	0.0	0.0015	7.474E-4	5.038E-4	0.0	0.0015	0.0	0.0	0.0	0.0	0.0	0.0	0.0	0.0	0.0	0.0	0.0	0.0	0.0	0.0	0.0	0.0	0.0	0.0	0.0	0.0	0.0	9.565E-4	0.0	0.0	6.291E-4	0.0	0.0015	9.276E-4	0.0	9.62E-4	4.744E-4	0.0	0.0	
Pantanal Snipe	0.0089728	0.0064231	0.0071048	0.0065717	0.0083928	0.0044961	0.0062543	0.0054267	0.0039348	0.0072952	0.004899	0.0074738	0.0035264	0.002291	0.0057537	0.0045517	0.0039267	0.0050981	0.008547	0.0064568	0.0035524	0.0058309	0.0102612	0.0081888	0.0084236	0.0048649	0.0096931	0.0089667	0.0063255	0.005508	0.0090192	0.0074627	0.013363	0.0105687	0.0123711	0.0090658	0.0215208	0.0238506	0.0184382	0.0191884	0.0177059	0.0151963	0.0227273	0.0102979	0.010101	0.012334	0.0140541	0.011378	
Magellanic Snipe	0.0	0.0	0.0	0.0	0.0	0.0	0.0	0.0	0.0	0.0	0.0	0.0	0.0	5.727E-4	0.0	0.0	4.363E-4	0.0	0.0011396	0.0	0.0	0.0	0.0	0.0	0.0	0.0	0.0	0.0	0.0	0.0	0.0	0.0	0.0	0.0	0.0	0.0	0.0	0.0	0.0	0.0	0.0	0.0	0.0	0.0	0.0	0.0	0.0	0.0	
Pantanal/Magellanic Snipe	0.0	0.0	0.0	0.0	0.0	0.0	0.0	0.0	0.0	0.0	0.0	0.0	0.0020151	0.0011455	0.0040276	0.0013655	0.0047993	0.0043334	0.0096866	0.0076675	0.0059207	0.0034985	0.005597	0.0086705	0.0084236	0.0102703	0.0059235	0.0064048	0.0086256	0.0091799	0.0101466	0.0118525	0.0100223	0.0100654	0.007732	0.0067008	4.782E-4	8.621E-4	3.615E-4	0.0	0.0	8.442E-4	0.0	0.0	0.0	0.0	0.0	0.0	
snipe sp.	0.0	0.0	0.0	0.0	0.0	0.0015	0.0	0.0	0.0	0.0	0.0	0.0	0.0	0.0	0.0	0.0	0.0	0.0	0.0	0.0	0.0	0.0	0.0	0.0	0.0	0.0	0.0	0.0	0.0	0.0	0.0	0.0	0.0	0.0	0.0	0.0	0.0	0.0	0.0	0.0	0.0	0.0	0.0	0.0	0.0	0.0	0.0	0.0	
Wilson's Phalarope	0.0108292	0.0112405	0.0115453	0.0156079	0.0130088	0.0093668	0.0031272	0.0039467	0.0033727	0.0022447	0.0036742	0.0014948	5.038E-4	0.0017182	5.754E-4	0.0	4.363E-4	5.098E-4	0.0017094	0.0015	0.0	5.831E-4	0.0	0.0	0.0	5.405E-4	0.0	8.54E-4	0.0011501	6.12E-4	5.637E-4	4.39E-4	0.0	0.0045294	0.014433	0.011825	0.0129125	0.0192529	0.016269	0.01447	0.0169361	0.0168848	0.0148423	0.0150791	0.011063	0.0104364	0.0167568	0.0142225	
phalarope sp.	0.0	0.0	0.0	0.0	0.0	0.0	0.0	0.0	0.0	0.0	0.0	0.0	0.0	0.0	0.0	0.0	0.0	0.0	0.0	0.0	0.0	0.0	0.0	0.0	0.0	0.0	0.0	0.0	0.0	0.0	0.0	0.0	0.0	0.0	0.0	0.0	0.0	0.0	0.0	0.0	0.0	0.0	0.0	0.0	0.0	0.0	5.405E-4	0.0	
Terek Sandpiper	0.0	0.0015	0.0	0.0	0.0	0.0	0.0	0.0	0.0	0.0	0.0	0.0	0.0	0.0	0.0	0.0	0.0	0.0	0.0	0.0	0.0	0.0	0.0	0.0	0.0	0.0	0.0	0.0	0.0	0.0	0.0	0.0	0.0	0.0	0.0	0.0	0.0	0.0	0.0	0.0	0.0	0.0	0.0	0.0	0.0	0.0	0.0	0.0	
Spotted Sandpiper	0.0037129	0.0024087	0.0026643	0.0021906	0.0029375	7.493E-4	6.949E-4	0.00296	0.0015	0.0011223	0.0012247	0.0014948	0.0015	0.0011455	5.754E-4	0.0	0.0015	2.549E-4	0.0	0.0	0.0	0.0	0.0	0.0	0.0	0.0	0.0	0.0	0.0	0.0	0.0	0.0	5.568E-4	0.0010065	0.0	0.0	9.565E-4	0.0011494	0.0010846	0.0037748	0.004234	0.0037991	0.0055659	0.0088268	0.006734	0.0037951	0.0021622	0.0028445	
Solitary Sandpiper	0.0024752	0.0024087	0.0066607	0.0035597	0.0058749	0.0029974	0.0024322	0.0034534	5.621E-4	0.0016835	0.0012247	0.0022422	0.0010076	5.727E-4	0.0	9.103E-4	0.0	0.0010196	0.0	4.036E-4	0.0	0.0	0.0	0.0	6.017E-4	0.0	0.0	0.0	0.0	0.0	0.0016911	4.39E-4	0.0033408	0.0015098	0.0030928	0.0035475	0.0057389	0.0051724	0.0046999	0.0034602	0.0050038	0.003377	0.0046382	0.0077234	0.007696	0.0056926	0.007027	0.0063211	
Lesser Yellowlegs	0.0980817	0.0927338	0.0945826	0.1051479	0.1040705	0.0786812	0.0653231	0.0838678	0.06914	0.0589226	0.0483772	0.0579223	0.0523929	0.0332188	0.0258918	0.0318616	0.0161431	0.0178435	0.0125356	0.0104923	0.0118413	0.0104956	0.0097948	0.006262	0.0066185	0.012973	0.0091546	0.0089667	0.0097757	0.0146879	0.0135287	0.0280948	0.0707127	0.0583795	0.0886598	0.0772566	0.0703013	0.0997126	0.0697758	0.088078	0.0800616	0.0831575	0.1113173	0.1195292	0.1063011	0.0967742	0.1081081	0.1033502	
Willet	3.094E-4	0.0	0.0	2.738E-4	0.0015	3.747E-4	0.0	0.0	0.0	0.0015	0.0	0.0	0.0	5.727E-4	0.0	0.0	0.0	0.0	0.0	4.036E-4	0.0	0.0	0.0	0.0	0.0	0.0	0.0	0.0015	0.0	6.12E-4	0.0	0.0	5.568E-4	5.033E-4	0.0	0.0015	0.0	0.0	0.0	0.0012583	3.849E-4	8.442E-4	4.638E-4	7.356E-4	9.62E-4	0.0015	0.0	3.161E-4	
Greater Yellowlegs	0.0680693	0.0626255	0.0568384	0.0703724	0.0713386	0.0487074	0.0489924	0.0646275	0.0517144	0.0493827	0.0367422	0.0440957	0.0322418	0.0389462	0.0310702	0.0304961	0.0200698	0.0198827	0.0176638	0.0084746	0.0112493	0.0145773	0.0135261	0.0154143	0.0120337	0.0108108	0.0161551	0.0145175	0.013801	0.0159119	0.011274	0.0140474	0.0651448	0.0513337	0.0628866	0.0642491	0.0439981	0.0543103	0.0394071	0.0572507	0.0488838	0.0379907	0.0658627	0.0628908	0.0658971	0.0498102	0.0524324	0.0654235	
Lesser/Greater Yellowlegs	6.188E-4	8.029E-4	0.0013321	8.215E-4	4.196E-4	7.493E-4	0.0015	4.933E-4	5.621E-4	5.612E-4	0.0012247	7.474E-4	0.0015113	0.0015	0.0	0.0	0.0	5.098E-4	0.0017094	4.036E-4	0.0	5.831E-4	0.0	4.817E-4	0.0	5.405E-4	0.001077	8.54E-4	0.0011501	6.12E-4	0.0	8.78E-4	5.568E-4	5.033E-4	0.0025773	0.0015767	9.565E-4	0.0014368	0.0010846	9.437E-4	0.0015396	0.0012664	0.0041744	0.0014711	0.001443	0.0018975	5.405E-4	6.321E-4	
Tringa sp.	3.094E-4	8.029E-4	8.881E-4	5.476E-4	4.196E-4	3.747E-4	0.0	0.00148	5.621E-4	0.0	0.0	0.0	0.0	0.0	0.0	0.0	0.0	0.0	0.0	4.036E-4	5.921E-4	0.0	0.0	0.0	0.0015	5.405E-4	0.0	0.0	5.75E-4	6.12E-4	0.0	0.0017559	5.568E-4	5.033E-4	0.0	3.942E-4	4.782E-4	2.874E-4	7.231E-4	3.146E-4	0.0	4.221E-4	0.0	0.0	0.0	0.0	5.405E-4	0.0	
Ruddy Turnstone	0.0071163	0.0040145	0.0071048	0.0087623	0.0041964	0.0044961	0.0024322	0.0049334	0.0044969	0.0095398	0.0079608	0.0100897	0.0085642	0.0051546	0.0057537	9.103E-4	0.0034904	0.0038236	0.002849	0.0048426	0.0011841	0.0011662	0.0032649	0.0028902	0.0018051	0.0027027	0.003231	0.0064048	0.0017251	0.001836	0.0033822	0.0026339	0.0072383	0.005536	0.0123711	0.0106425	0.0062171	0.0086207	0.0050615	0.0100661	0.0096228	0.0113972	0.012987	0.0187569	0.01443	0.012334	0.007027	0.005689	
Red Knot	0.0024752	0.0056202	0.0053286	0.003012	0.0020982	0.0026227	0.004517	0.0044401	0.0033727	0.0089787	0.0067361	0.0127055	0.0115869	0.013173	0.0103567	0.0059172	0.004363	0.002804	0.0034188	0.0072639	5.921E-4	0.0034985	0.0041978	0.0043353	0.0024067	0.0032432	0.0059235	0.0072588	0.0017251	0.002448	0.0022548	0.0052678	0.0178174	0.0276799	0.0185567	0.0181317	0.0081301	0.0074713	0.0075922	0.0100661	0.0100077	0.0075981	0.0064935	0.0125046	0.012987	0.0094877	0.0064865	0.0028445	
Stilt Sandpiper	0.0021658	0.0052188	0.0039964	0.0060241	0.0067142	0.0041214	0.0031272	0.0034534	0.005059	0.0011223	0.0012247	0.0029895	0.0015113	0.0011455	0.0	0.002731	0.0013089	0.0010196	5.698E-4	4.036E-4	5.921E-4	0.0	0.0	0.0	6.017E-4	0.0	0.0	0.0	0.0	0.0	0.0	8.78E-4	0.002784	0.0010065	0.0020619	0.0015767	0.0047824	0.0054598	0.0046999	0.0094369	0.0092379	0.0101309	0.0092764	0.0099301	0.006734	0.0037951	0.0064865	0.005689	
Buff-breasted Sandpiper	0.0049505	0.0044159	0.0013321	0.0060241	0.0033571	0.0037467	6.949E-4	9.867E-4	0.0022485	0.0011223	0.0012247	7.474E-4	0.0015	0.0	0.0011507	0.0	0.0	0.0	0.0	4.036E-4	0.0	0.0	0.0	0.0	0.0	0.0	0.0	0.0	0.0	0.0	0.0	0.0	0.0	0.0015	0.0020619	0.0011825	0.0033477	0.0028736	0.0018077	0.0047185	0.008853	0.0101309	0.0074212	0.0161824	0.00962	0.0047438	0.007027	0.0028445	
Sanderling	0.0071163	0.0088318	0.0071048	0.0098576	0.0088124	0.0052454	0.0086866	0.0088801	0.0056211	0.006734	0.0061237	0.0071001	0.0080605	0.0183276	0.0115075	0.0104688	0.0126527	0.0112159	0.0074074	0.0088781	0.0059207	0.0139942	0.0163246	0.0115607	0.0090253	0.012973	0.008616	0.0115286	0.0034503	0.002448	0.0045096	0.0048288	0.0206013	0.0191243	0.0190722	0.0201025	0.0047824	0.0051724	0.0072307	0.0056622	0.0080831	0.0067539	0.0102041	0.0099301	0.007696	0.0085389	0.0091892	0.0101138	
Baird's Sandpiper	0.0064975	0.0132477	0.0146536	0.019989	0.0172052	0.0138629	0.0079917	0.0083868	0.0095559	0.0028058	0.0073484	0.0085949	0.0075567	0.0045819	0.004603	0.0036413	0.0013089	0.0015294	0.0017094	8.071E-4	5.921E-4	5.831E-4	4.664E-4	9.634E-4	6.017E-4	0.0021622	0.0026925	8.54E-4	0.0017251	0.001224	0.005637	0.0043898	0.0267261	0.0271766	0.0221649	0.026015	0.0090866	0.0086207	0.010846	0.0132117	0.008853	0.0063318	0.0111317	0.0091946	0.007696	0.0047438	0.0097297	0.0079014	
White-rumped Sandpiper	0.0451733	0.0469691	0.0399645	0.0583242	0.0352497	0.0393406	0.0403058	0.0399605	0.0466554	0.0460157	0.0342927	0.0482063	0.0468514	0.0441008	0.0304948	0.0263996	0.0148342	0.0122355	0.0074074	0.0052462	0.0023683	0.0034985	0.0097948	0.0043353	0.0030084	0.0037838	0.0070005	0.0085397	0.0011501	0.001224	0.0045096	0.0061457	0.0111359	0.0130851	0.028866	0.0271975	0.0296509	0.0393678	0.0267534	0.0547342	0.056582	0.0536091	0.0565863	0.0639941	0.0553151	0.040797	0.0454054	0.0496207	
Least Sandpiper	0.0	0.0	0.0	0.0	0.0	0.0	0.0	0.0	0.0	0.0	0.0	0.0	0.0	0.0	0.0	0.0	0.0	0.0	0.0	0.0	0.0	0.0	0.0	0.0	0.0	0.0	0.0	0.0	0.0	0.0	0.0	0.0	0.0	0.0	0.0	0.0	0.0	0.0	0.0	0.0	0.0	0.0	0.0	0.0	0.0	0.0	5.405E-4	0.0	
Pectoral Sandpiper	0.0284653	0.0325171	0.0244227	0.019989	0.0297944	0.0191083	0.0132036	0.0172669	0.019674	0.0061728	0.0085732	0.0142003	0.0060453	0.002291	0.0023015	0.0013655	0.0013089	0.0015294	0.0	8.071E-4	0.0	0.0	4.664E-4	4.817E-4	0.0	0.0015	0.0015	0.0	5.75E-4	0.0	0.0028185	0.0039508	0.0111359	0.0070458	0.0056701	0.0102483	0.0105213	0.0186782	0.0151844	0.0213904	0.0250192	0.0189954	0.0269017	0.0305259	0.022126	0.0218216	0.0351351	0.0325537	
Semipalmated Sandpiper	0.0	0.0	0.0	0.0	0.0	0.0	0.0	0.0	0.0	0.0	0.0	3.737E-4	0.0	0.0	0.0	0.0	0.0	0.0	0.0	0.0	0.0	0.0	0.0	0.0	0.0	0.0	5.385E-4	0.0	0.0	0.0	0.0	0.0	0.0	0.0	0.0	0.0	0.0	0.0	0.0	3.146E-4	0.0	4.221E-4	0.0	0.0	0.0	0.0	0.0	0.0	
peep sp.	0.0	0.0	0.0	0.0	4.196E-4	0.001124	6.949E-4	4.933E-4	0.0	0.0	0.0	0.0	0.0	0.0	0.0	0.0	0.0	5.098E-4	0.0	0.0	0.0	0.0	0.0	0.0	0.0	0.0	0.0	0.0	0.0	0.0	0.0	0.0	0.0	5.033E-4	0.0	3.942E-4	0.0	5.747E-4	7.231E-4	0.0	3.849E-4	8.442E-4	4.638E-4	0.0	0.0	0.0	0.0	0.0	
Calidris sp.	6.188E-4	0.0016058	4.44E-4	0.0032859	0.0033571	7.493E-4	0.0010424	0.0024667	0.0	0.0	0.0	7.474E-4	0.0015113	0.0	0.0	0.0	0.0	2.549E-4	0.0	0.0	5.921E-4	5.831E-4	0.0	0.0	0.0	0.0015	0.0	0.0	0.0	6.12E-4	5.637E-4	8.78E-4	0.0033408	0.0015098	5.155E-4	0.0011825	0.0	0.0014368	3.615E-4	3.146E-4	0.0011547	4.221E-4	4.638E-4	3.678E-4	4.81E-4	0.0	0.0016216	6.321E-4	
Scolopacidae sp.	0.0	0.0	4.44E-4	0.0	0.0	0.0	0.0	0.0	0.0	0.0	0.0	0.0	0.0	0.0	0.0	0.0	0.0	0.0	0.0	0.0	0.0	0.0	0.0	0.0	0.0	0.0	0.0	0.0	0.0	0.0	0.0	0.0	0.0	0.0	0.0	0.0	0.0	0.0	0.0	0.0	0.0	0.0	0.0	0.0	0.0	0.0	0.0	0.0	
shorebird sp.	0.0	0.0	0.0	5.476E-4	0.0	7.493E-4	3.475E-4	4.933E-4	0.0	0.0	0.0	0.0	0.0015	0.0	0.0	0.0	0.0	0.0	0.0	0.0	0.0	5.831E-4	0.0	0.0	0.0	0.0	0.0	0.0	0.0	0.0	0.0	0.0	0.0	0.0	0.0	7.883E-4	0.0	2.874E-4	0.0	3.146E-4	0.0	0.0012664	0.0	0.0	0.0	0.0	0.0	0.0	
Long-tailed Jaeger	0.0086634	0.0136491	8.881E-4	0.0115005	0.004616	7.493E-4	0.0017373	0.0078934	0.0061832	0.0044893	0.0012247	3.737E-4	0.0	0.0	0.0	0.0	0.0	2.549E-4	0.0	0.0	0.0	0.0	0.0	0.0	0.0	0.0	0.0	0.0	0.0	0.0	0.0	0.0	0.0	0.0	0.0	0.0	0.0	2.874E-4	0.0014461	0.0015728	0.0	4.221E-4	0.0	0.0015	9.62E-4	0.0037951	0.0016216	0.0018963	
Parasitic Jaeger	0.0092822	0.0032116	0.0017762	0.0021906	0.0012589	0.0014987	0.0027797	0.0064134	0.0061832	0.0044893	0.0042866	0.0033632	0.0030227	5.727E-4	0.0017261	0.0015	8.726E-4	0.0022942	0.0017094	8.071E-4	0.0015	0.0	0.0	0.0	0.0	0.0	0.0	4.27E-4	0.0	0.0	0.0	0.0	0.0011136	5.033E-4	0.0	3.942E-4	0.0	5.747E-4	0.0036153	0.0034602	0.0019246	0.0016885	0.0013915	0.0018389	0.004329	0.0052182	0.0043243	0.0066372	
Long-tailed/Parasitic Jaeger	0.0	0.0	0.0	0.0	0.0	0.0	0.0	0.0	0.0	0.0	0.0	0.0	0.0	0.0	0.0	0.0	0.0	0.0	0.0	0.0	0.0	0.0	0.0	0.0	0.0	0.0	0.0	0.0	0.0	0.0	0.0	0.0	0.0	0.0	0.0	0.0	0.0	0.0	0.0	0.0	0.0	0.0	0.0	0.0	0.0	9.488E-4	0.0	0.0	
Pomarine Jaeger	3.094E-4	4.014E-4	4.44E-4	0.0035597	8.393E-4	0.0014987	0.0010424	0.0019734	0.0028106	0.0011223	0.0	7.474E-4	0.0	0.0	0.0	0.0	0.0	0.0	0.0	0.0	0.0	0.0	0.0	0.0	0.0	0.0	0.0	0.0	0.0	0.0	0.0	0.0	0.0	0.0	0.0	0.0	0.0	8.621E-4	3.615E-4	0.0025165	0.0	0.0	0.0	3.678E-4	9.62E-4	0.0018975	0.0	6.321E-4	
Parasitic/Pomarine Jaeger	3.094E-4	0.0	0.0	0.0	0.0	0.0	0.0	0.0	0.0	0.0	0.0	0.0	0.0	0.0	0.0	0.0	0.0	0.0	0.0	0.0	0.0	0.0	0.0	0.0	0.0	0.0	0.0	0.0	0.0	0.0	0.0	0.0	0.0	0.0	0.0	0.0	0.0	0.0	0.0	0.0	0.0	0.0	0.0	0.0	0.0	0.0014231	0.0	0.0	
Chilean Skua	0.0012376	4.014E-4	4.44E-4	2.738E-4	0.0015	7.493E-4	6.949E-4	0.0019734	0.0	0.0022447	0.0012247	7.474E-4	0.0025189	0.0011455	0.0023015	9.103E-4	0.0013089	0.0017843	5.698E-4	0.0024213	0.0015	0.0023324	4.664E-4	0.0024085	0.0015	5.405E-4	0.0016155	0.0038429	0.0028752	6.12E-4	0.0011274	0.0013169	5.568E-4	5.033E-4	0.0015	0.0011825	4.782E-4	2.874E-4	0.0	0.0015728	3.849E-4	4.221E-4	0.0	0.0014711	9.62E-4	9.488E-4	0.0	9.482E-4	
Brown Skua	0.0043317	0.0012043	4.44E-4	0.0027382	0.0020982	7.493E-4	6.949E-4	4.933E-4	0.0016863	0.0016835	6.124E-4	0.0014948	5.038E-4	0.0	0.0	0.0	0.0013089	5.098E-4	0.0	8.071E-4	0.0041445	0.0	0.0	0.0014451	6.017E-4	5.405E-4	0.0016155	8.54E-4	0.0028752	0.0015	0.0	4.39E-4	0.0	0.0	0.0015	0.0	0.0	2.874E-4	0.0090383	0.0053476	0.0	0.0016885	9.276E-4	3.678E-4	0.0	0.0018975	0.0	0.0015803	
South Polar Skua	0.0	0.0	0.0	0.0	0.0	0.0	0.0	0.0	0.0	0.0	0.0	0.0	0.0	0.0	0.0	0.0	0.0	0.0	0.0	0.0	0.0	0.0	0.0	0.0	0.0	0.0	0.0	0.0	0.0	0.0	0.0	0.0	0.0	0.0	0.0	0.0	0.0	0.0	0.0	6.291E-4	0.0	0.0	0.0	0.0	0.0	0.0	0.0	0.0	
jaeger sp.	0.0012376	0.0024087	8.881E-4	0.003012	4.196E-4	7.493E-4	0.0	4.933E-4	0.0	0.0011223	0.0	3.737E-4	0.0	0.0	0.0	0.0	0.0	0.0	0.0	0.0	0.0	0.0	0.0	0.0	0.0	0.0	0.0	0.0	0.0	0.0	0.0	0.0	0.0	0.0	0.0	0.0	0.0	2.874E-4	0.0014461	0.0028311	7.698E-4	0.0	0.0	0.0	4.81E-4	4.744E-4	0.0021622	0.0	
skua sp.	0.0012376	4.014E-4	0.0	8.215E-4	0.0012589	0.0015	0.0	0.0015	0.0022485	5.612E-4	6.124E-4	3.737E-4	0.0015	0.0	0.0	4.552E-4	4.363E-4	2.549E-4	5.698E-4	4.036E-4	0.0	5.831E-4	4.664E-4	0.0	0.0	0.0	5.385E-4	0.0	0.0	0.0	0.0011274	0.0	0.0015	5.033E-4	0.0	0.0	0.0	0.0	0.0	0.0015728	0.0	0.0	0.0	0.0	0.0	4.744E-4	0.0	0.0	
jaeger/skua sp.	3.094E-4	0.0020072	0.0	2.738E-4	0.0	0.0	3.475E-4	0.0	0.0	5.612E-4	0.0	0.0	0.0	0.0	0.0	0.0	0.0	0.0	0.0	0.0	0.0	0.0	0.0	0.0	0.0	0.0	0.0	0.0	0.0	0.0	0.0	0.0	0.0	0.0	0.0	0.0	0.0	0.0	0.0	0.0	3.849E-4	0.0	0.0	0.0	0.0	0.0	5.405E-4	9.482E-4	
Sabine's Gull	0.0	0.0	0.0	0.0	0.0	0.0	0.0	0.0	0.0	0.0	0.0	0.0	5.038E-4	0.0	0.0	0.0013655	8.726E-4	7.647E-4	0.0011396	0.0	0.0	0.0	0.0	0.0	0.0	0.0	0.0	0.0	0.0	0.0	0.0	0.0	0.0	0.0	0.0	0.0	0.0	0.0	0.0	0.0	0.0	0.0	0.0	0.0	0.0	0.0	0.0	0.0	
Brown-hooded Gull	0.2131807	0.1810518	0.1798401	0.1864732	0.1716324	0.1449981	0.133426	0.1623088	0.1742552	0.1335578	0.1120637	0.1278027	0.1314861	0.1305842	0.1173763	0.131543	0.1609948	0.1404537	0.1441595	0.1727199	0.2208407	0.2	0.2513993	0.2528902	0.2424789	0.2956757	0.3317178	0.324082	0.2742956	0.2343941	0.2722661	0.2115891	0.2717149	0.2415702	0.2340206	0.2045723	0.203252	0.216092	0.1963124	0.2050959	0.1909161	0.1886872	0.2184601	0.2155204	0.1948052	0.2025617	0.2	0.2183944	
Gray-hooded Gull	0.0618812	0.0509835	0.0559503	0.055586	0.0516156	0.0352192	0.0323141	0.0370005	0.0387858	0.03367	0.033068	0.0433483	0.0413098	0.0246277	0.0304948	0.0473373	0.04363	0.0474127	0.0501425	0.0520581	0.0663114	0.0460641	0.0755597	0.0568401	0.0529483	0.0691892	0.0635433	0.057643	0.0310523	0.0257038	0.035513	0.0254609	0.0250557	0.0286865	0.0345361	0.0295625	0.0363462	0.0362069	0.0390456	0.0449827	0.0300231	0.0396792	0.0514842	0.0544318	0.0548341	0.050759	0.0427027	0.0594185	
Brown-hooded/Gray-hooded Gull	3.094E-4	0.0028101	8.881E-4	0.0013691	0.0029375	0.0018734	0.0010424	0.0019734	0.0	0.0011223	0.0012247	0.0011211	0.0035264	5.727E-4	0.0023015	0.002731	4.363E-4	0.0015294	0.002849	0.0032284	0.0041445	0.0029155	0.0032649	0.0052987	0.0030084	0.0021622	0.0026925	0.0015	0.0011501	6.12E-4	0.0	0.0017559	0.0	5.033E-4	5.155E-4	7.883E-4	4.782E-4	0.0014368	0.0	9.437E-4	3.849E-4	0.0	0.0015	0.0	0.0	0.0	0.0	0.0	
Chroicocephalus sp.	0.0	0.0	0.0	0.0	0.0	0.0	0.0	0.0	0.0	0.0	0.0	0.0	5.038E-4	0.0	0.0	0.0	0.0	0.0	0.0	0.0	0.0	0.0	0.0	0.0	6.017E-4	0.0	0.0	0.0	0.0	0.0	0.0	0.0	0.0	0.0	0.0	0.0	0.0	0.0	0.0	0.0	0.0	0.0	0.0	0.0	0.0	0.0	0.0	0.0	
Gray Gull	0.0	0.0	0.0	0.0	0.0	0.0	0.0	0.0	0.0	5.612E-4	0.0	0.0	0.0	0.0	0.0	0.0	0.0	0.0	0.0	0.0	0.0	0.0	0.0	0.0	0.0	0.0	0.0	0.0	0.0	0.0	0.0	0.0	0.0	0.0	0.0	0.0	0.0	0.0	0.0	0.0	0.0	0.0	0.0	0.0	0.0	0.0	0.0	0.0	
Dolphin Gull	0.0	0.0	0.0	0.0	0.0	0.0	0.0	0.0	0.0	0.0	0.0	0.0	5.038E-4	0.0	0.0	0.0	0.0	2.549E-4	0.0	4.036E-4	0.0	0.0	9.328E-4	0.0019268	0.0024067	0.0016216	0.0	4.27E-4	0.0011501	0.001224	0.0011274	0.0015	0.0	5.033E-4	0.0	3.942E-4	0.0	0.0	0.0	0.0	0.0	0.0	0.0	0.0	0.0	0.0	0.0	0.0	
Franklin's Gull	0.0	0.0	0.0	0.0	0.0	0.0	0.0	4.933E-4	0.0	0.0	0.0	0.0	0.0	0.0	0.0	0.0	0.0	0.0	0.0	0.0028249	0.0017762	0.0	0.0	0.0	0.0	0.0	0.0	0.0	0.0	0.0	0.0	0.0	0.0	0.0	0.0	0.0	0.0	0.0	0.0	0.0	0.0	4.221E-4	0.0	0.0	0.0	0.0	0.0015	0.0	
Olrog's Gull	0.0201114	0.0112405	0.0186501	0.0202629	0.0134285	0.0179843	0.0138985	0.0157869	0.014615	0.0185185	0.0146969	0.0134529	0.0196474	0.0154639	0.0224396	0.0259445	0.0209424	0.0265103	0.022792	0.0472155	0.0544701	0.0483965	0.0475746	0.0703276	0.0631769	0.0762162	0.0570813	0.0405636	0.0373778	0.0391677	0.0287486	0.0285338	0.0206013	0.0256668	0.0180412	0.0169492	0.0186514	0.0189655	0.0137383	0.0217049	0.0204003	0.017729	0.0269017	0.025377	0.026455	0.0232448	0.0205405	0.0186473	
Kelp Gull	0.1101485	0.0987555	0.1119005	0.1114458	0.1032312	0.0824279	0.0903405	0.0888012	0.0933108	0.0892256	0.0789957	0.0956652	0.0866499	0.1030928	0.1006904	0.1005917	0.1147469	0.101453	0.1133903	0.1343826	0.1645944	0.1358601	0.1721082	0.1868979	0.1726835	0.1967568	0.1750135	0.1643894	0.1397355	0.1407589	0.1414882	0.1106234	0.1386414	0.1137393	0.1123711	0.1036657	0.0793879	0.0772989	0.0817064	0.0990878	0.0842956	0.0734487	0.0793135	0.0890033	0.0755171	0.073055	0.0832432	0.0960809	
Larus sp.	6.188E-4	0.0	0.0	0.0	0.0	3.747E-4	0.0	0.0	0.0	5.612E-4	0.0	0.0	5.038E-4	5.727E-4	0.0	0.0015	0.0	2.549E-4	0.0015	0.0	0.0	5.831E-4	0.0	0.0	0.0	0.0	0.0	0.0	0.0	6.12E-4	5.637E-4	0.0021949	0.0	0.0	0.0	0.0	0.0	0.0	0.0	3.146E-4	0.0	0.0	0.0	0.0	0.0	4.744E-4	0.0	0.0	
gull sp.	0.001547	0.0044159	0.0017762	0.0038335	0.0054553	0.0041214	0.0048645	0.0049334	0.0039348	0.003367	0.0036742	0.0071001	0.0065491	0.0028637	0.0023015	0.002731	0.0052356	0.0058629	0.0108262	0.0084746	0.0071048	0.0122449	0.0125933	0.015896	0.0144404	0.0081081	0.0059235	0.0076857	0.0051754	0.00612	0.0090192	0.0087796	5.568E-4	0.0035229	0.0025773	0.0031533	0.0052606	0.0057471	0.005423	0.0034602	0.004234	0.0029548	0.0046382	0.0044134	9.62E-4	0.0018975	0.0021622	0.0031606	
Black Skimmer	0.0324876	0.0349257	0.0310835	0.0345016	0.0234998	0.0281004	0.0211953	0.0251603	0.0326026	0.0454545	0.0226577	0.0325112	0.027204	0.0297824	0.0316456	0.024579	0.0187609	0.019118	0.0131054	0.0242131	0.0136175	0.0209913	0.020056	0.0168593	0.0162455	0.0216216	0.0177706	0.0170794	0.0109258	0.0116279	0.0146561	0.0136084	0.0155902	0.0090589	0.0201031	0.0122192	0.0153037	0.0229885	0.0122921	0.0229632	0.030408	0.0291262	0.0343228	0.0393527	0.03367	0.0298861	0.0340541	0.033818	
Least Tern	0.0	0.0	0.0	0.0	0.0	0.0	0.0	0.0	0.0	0.0	0.0	0.0	0.0	0.0	0.0	0.0	0.0	0.0	0.0	0.0	0.0	0.0	0.0	0.0	0.0	0.0	0.0	0.0	0.0	0.0	0.0	0.0	0.0	0.0	0.0	0.0	0.0	0.0	0.0	0.0	0.0	0.0	0.0	3.678E-4	0.0	4.744E-4	0.0	0.0	
Yellow-billed Tern	6.188E-4	0.0016058	0.0035524	0.0024644	0.0025178	0.0014987	0.0013899	9.867E-4	0.0022485	0.0056117	0.0024495	0.0085949	0.0055416	0.0040092	0.0040276	0.0022758	0.0052356	0.0050981	0.0011396	0.0040355	0.0023683	5.831E-4	0.0069963	0.004817	6.017E-4	5.405E-4	0.001077	0.0025619	0.0011501	0.001836	0.0022548	0.0013169	0.0022272	5.033E-4	0.0025773	0.0015767	0.0028694	0.0043103	7.231E-4	9.437E-4	0.0019246	8.442E-4	9.276E-4	0.0029423	0.002886	0.0018975	0.0016216	0.0028445	
Large-billed Tern	0.0012376	0.0016058	0.0035524	0.0019168	0.0012589	0.0029974	6.949E-4	0.0	0.0011242	0.0028058	0.0024495	0.0037369	0.0015113	0.0057274	0.0051784	0.0013655	0.0039267	0.0020393	0.0017094	0.0020178	0.0017762	0.0034985	0.0018657	0.0024085	0.0024067	0.0010811	0.003231	0.001281	0.0011501	0.005508	0.0033822	0.0048288	0.0011136	0.0020131	0.0025773	0.002365	9.565E-4	0.0037356	3.615E-4	6.291E-4	0.0015	0.0012664	0.0018553	7.356E-4	0.001924	0.0018975	0.0021622	0.0025284	
Gull-billed Tern	0.0055693	0.0096347	0.0190941	0.0172508	0.0155266	0.0086175	0.0100764	0.0039467	0.0073075	0.006734	0.0030618	0.0100897	0.0125945	0.0074456	0.0109321	0.0091033	0.0039267	0.0068825	0.008547	0.0064568	0.0047365	0.0099125	0.0093284	0.0086705	0.0024067	0.0059459	0.004308	0.0059778	0.0040253	0.004896	0.0039459	0.0065847	0.002784	0.0035229	0.0087629	0.0031533	0.0105213	0.0068966	0.0028923	0.0069204	0.0065435	0.0063318	0.0060297	0.0040456	0.006253	0.006167	0.0032432	0.0050569	
Snowy-crowned Tern	0.070854	0.0682457	0.071048	0.0777656	0.0658833	0.0524541	0.056984	0.0700543	0.0618325	0.0662177	0.0502143	0.0706278	0.0523929	0.0652921	0.0581128	0.0505234	0.0541012	0.0479225	0.0353276	0.0536723	0.053878	0.0460641	0.0559701	0.0582852	0.0469314	0.0702703	0.0651589	0.0627669	0.0563542	0.0434517	0.0591883	0.048727	0.0957684	0.0714645	0.0829897	0.0733149	0.0535629	0.0586207	0.0462762	0.0717207	0.0681293	0.0641621	0.0653989	0.0776021	0.0567581	0.0583491	0.0551351	0.0647914	
Arctic Tern	0.0	0.0	0.0	0.0	0.0	0.0	0.0	0.0	0.0	0.0	0.0	0.0	0.0	0.0	0.0011507	0.0	0.0	0.0	0.0	0.0	0.0	0.0	0.0	0.0	0.0	0.0	0.0	0.0	0.0	0.0	0.0	0.0	0.0	0.0	0.0	0.0	4.782E-4	5.747E-4	3.615E-4	0.0	0.0	0.0	0.0	0.0	0.0	0.0	0.0	0.0	
South American Tern	0.0064975	0.0044159	0.0062167	0.007667	0.0041964	0.0037467	0.0027797	0.0078934	0.0044969	0.0084175	0.0091855	0.0093423	0.0095718	0.0103093	0.0097814	0.0059172	0.0082897	0.0076472	0.0045584	0.0161421	0.0272351	0.0157434	0.0191231	0.0255299	0.0192539	0.0378378	0.0317717	0.0209223	0.0333525	0.0214198	0.0225479	0.0193152	0.0629176	0.0437846	0.0494845	0.0516358	0.0229555	0.025	0.0307303	0.0257943	0.0192456	0.0160405	0.0134508	0.0110335	0.008658	0.0147059	0.0086486	0.0069532	
Antarctic Tern	0.0	0.0	0.0	0.0	0.0	0.0	0.0	0.0	0.0	0.0	0.0	0.0	0.0	0.0	0.0	0.0	0.0	0.0	5.698E-4	0.0	0.0	0.0	0.0	9.634E-4	0.0	5.405E-4	5.385E-4	0.0	0.0	0.0	0.0	0.0	0.0	0.0	0.0	0.0	0.0	0.0	0.0	0.0	0.0	0.0	0.0	0.0	0.0	0.0	0.0	0.0	
Common Tern	0.0269183	0.0220795	0.0204263	0.0238226	0.0172052	0.0176096	0.0069493	0.0143069	0.0191119	0.0173962	0.0177587	0.0130792	0.0125945	0.0080183	0.0074799	0.0022758	0.0034904	0.0022942	0.0017094	0.0012107	5.921E-4	0.0011662	0.0032649	4.817E-4	0.0012034	0.0021622	0.0016155	0.0034159	0.0	0.001836	0.0022548	0.0021949	0.0038976	0.0050327	0.0082474	0.0051242	0.0076518	0.0123563	0.0122921	0.0188739	0.0204003	0.0185732	0.0269017	0.0297904	0.026455	0.0241935	0.0194595	0.0271808	
Common/Arctic Tern	0.0	0.0	0.0	0.0	0.0	0.0	0.0	0.0	0.0	0.0	0.0	0.0	0.0	0.0	0.0	0.0	0.0	0.0	0.0	0.0	0.0	0.0	0.0	0.0	0.0	0.0	0.0	0.0	0.0	0.0	0.0	0.0	5.568E-4	0.0	0.0	0.0	0.0	0.0	0.0	0.0	0.0	0.0	0.0	0.0	0.0	0.0	0.0	0.0	
Sterna sp.	0.001547	4.014E-4	8.881E-4	0.0013691	4.196E-4	0.0018734	6.949E-4	4.933E-4	0.0011242	5.612E-4	0.0018371	0.0018685	0.0	5.727E-4	0.0011507	4.552E-4	4.363E-4	0.0017843	0.0	8.071E-4	5.921E-4	0.0017493	0.0023321	9.634E-4	0.0	0.0027027	5.385E-4	0.001281	0.0011501	0.001224	0.0022548	0.0021949	0.0011136	0.0010065	0.0	0.0011825	9.565E-4	0.0022989	0.0010846	0.002202	0.0015396	0.0012664	9.276E-4	0.0018389	0.0	9.488E-4	5.405E-4	9.482E-4	
Sandwich Tern	0.0108292	0.0116419	0.0102131	0.0131435	0.0083928	0.0108655	0.0104239	0.0152935	0.0179876	0.0151515	0.0097979	0.0149477	0.0156171	0.0057274	0.0097814	0.0045517	0.0047993	0.0033138	0.005698	0.003632	0.0011841	0.0017493	0.0013993	0.0033719	6.017E-4	0.0010811	5.385E-4	0.001281	0.0011501	6.12E-4	5.637E-4	8.78E-4	0.0038976	0.0035229	0.0061856	0.0098542	0.011956	0.0135057	0.0151844	0.0157282	0.0184758	0.0160405	0.0134508	0.0198602	0.010582	0.0128083	0.0075676	0.0094817	
Royal Tern	0.0238243	0.0220795	0.0239787	0.0232749	0.0188838	0.0142375	0.0135511	0.0207203	0.0202361	0.0190797	0.0183711	0.0171898	0.0191436	0.024055	0.0143843	0.0186618	0.017452	0.0170788	0.011396	0.019774	0.0094731	0.0209913	0.0195896	0.017341	0.011432	0.0145946	0.0231556	0.0136635	0.0069005	0.0104039	0.0090192	0.0105356	0.0183742	0.0130851	0.0201031	0.0181317	0.0143472	0.0149425	0.0144613	0.0154137	0.0184758	0.0113972	0.0157699	0.0191247	0.012025	0.0118596	0.0162162	0.0180152	
large tern sp.	0.0	0.0	0.0	0.0	0.0	0.0	0.0	0.0	0.0	0.0	0.0	0.0	0.0	0.0	0.0	0.0	0.0	0.0	0.0	0.0	0.0	0.0	0.0	0.0	0.0	0.0	0.0	0.0	0.0	0.0	0.0	0.0	0.0	0.0	0.0	0.0	0.0	0.0	0.0	3.146E-4	0.0	0.0	0.0	0.0	0.0	0.0	0.0	0.0	
tern sp.	0.0021658	0.0020072	0.0031083	8.215E-4	0.0016786	0.0041214	0.0020848	0.00148	0.0016863	0.0028058	0.0018371	7.474E-4	0.0010076	0.0	5.754E-4	0.0	8.726E-4	0.0010196	5.698E-4	0.0020178	5.921E-4	0.0034985	0.0027985	0.0043353	0.0030084	0.0016216	0.002154	4.27E-4	5.75E-4	0.001836	0.0016911	0.0035119	5.568E-4	0.0010065	0.0	0.0019708	0.0	0.0020115	0.005423	0.0037748	0.0030793	0.0012664	0.0041744	3.678E-4	0.001924	9.488E-4	0.0016216	0.0012642	
Chilean Flamingo	0.0374381	0.0361301	0.0341918	0.041621	0.0386068	0.0397152	0.0295344	0.0379872	0.0421585	0.0353535	0.0404164	0.043722	0.0534005	0.0446735	0.0362486	0.0405098	0.0458115	0.052001	0.0273504	0.0427764	0.0343398	0.0419825	0.0522388	0.0476879	0.0433213	0.0594595	0.0613893	0.0623399	0.0333525	0.0342717	0.0434047	0.0386304	0.0389755	0.0387519	0.0345361	0.0271975	0.0368245	0.0454023	0.0249458	0.0443536	0.047729	0.0409455	0.0306122	0.0445017	0.039923	0.0332068	0.0275676	0.0372946	
Andean Flamingo	0.0	0.0	0.0	0.0	0.0	0.0	0.0	0.0	5.621E-4	0.0	0.0	0.0	0.0	0.0	0.0	0.0	4.363E-4	2.549E-4	0.0	4.036E-4	5.921E-4	0.0	0.0	9.634E-4	0.0	0.0	5.385E-4	0.0	0.0	0.0	5.637E-4	4.39E-4	0.0	0.0010065	5.155E-4	0.0	0.0	2.874E-4	0.0	0.0	0.0	4.221E-4	0.0	0.0015	0.0	0.0015	0.0	0.0	
flamingo sp.	0.0	0.0	0.0	0.0	0.0	0.0	0.0	0.0	0.0	0.0	0.0	0.0	0.0	0.0	0.0	0.0	0.0	0.0	0.0	0.0	0.0	0.0	0.0	0.0	0.0	0.0	0.0	0.0	0.0	0.0	0.0	0.0	0.0	0.0	0.0	0.0	0.0	0.0	0.0	0.0	0.0	0.0	4.638E-4	0.0	0.0	0.0	0.0	0.0	
White-tufted Grebe	0.0751856	0.0674428	0.0661634	0.0703724	0.0780529	0.0659423	0.0538568	0.0892945	0.079258	0.0561167	0.0636865	0.0639013	0.0770781	0.0647194	0.0581128	0.0682749	0.0885689	0.0655111	0.0803419	0.066586	0.0828893	0.0793003	0.1016791	0.0895954	0.0926594	0.1064865	0.1071621	0.118702	0.0828062	0.0764994	0.0913191	0.0816506	0.0957684	0.0885757	0.0845361	0.0800158	0.0808226	0.0813218	0.0726681	0.0751809	0.0623557	0.0557197	0.0705009	0.0588452	0.0740741	0.0759013	0.072973	0.0824905	
Least Grebe	0.0	0.0	0.0	0.0	0.0	0.0	3.475E-4	0.0	0.0	0.0	0.0	0.0	0.0	0.0015	0.0015	0.0015	0.0	0.0	0.0	0.0015	0.0	0.0	4.664E-4	0.0	0.0	0.0	0.0	0.0	0.0	0.0	0.0	0.0	0.0	0.0	5.155E-4	0.0011825	9.565E-4	5.747E-4	0.0015	0.0	0.0	0.0	0.0	0.0	0.0	0.0	0.0	0.0	
Pied-billed Grebe	0.0362005	0.0264954	0.0346359	0.0306681	0.0310533	0.0247284	0.0257123	0.0315738	0.029792	0.023569	0.0238824	0.0224215	0.0206549	0.0263459	0.027618	0.024579	0.0418848	0.0280398	0.0319088	0.027845	0.0296033	0.0297376	0.0340485	0.033237	0.0391095	0.0427027	0.0333872	0.029035	0.0212766	0.0336597	0.0360767	0.0294118	0.0356347	0.0377453	0.0335052	0.0311391	0.0401722	0.0321839	0.0401302	0.0355458	0.0292533	0.0253271	0.0310761	0.0356749	0.030303	0.0308349	0.0340541	0.0366625	
Great Grebe	0.0467203	0.0325171	0.0373002	0.038609	0.0461603	0.0348445	0.0305768	0.0532807	0.0567735	0.0432099	0.0532762	0.0549327	0.0670025	0.0486827	0.0632911	0.0719162	0.0881326	0.0741779	0.0763533	0.0940274	0.1190053	0.0956268	0.1263993	0.1295761	0.1341757	0.1421622	0.1270867	0.1332195	0.0971823	0.121787	0.1133033	0.1009658	0.1302895	0.1253145	0.121134	0.0993299	0.0779531	0.0764368	0.0661605	0.0654294	0.0673595	0.053187	0.0570501	0.0555351	0.042809	0.0474383	0.0405405	0.0524652	
Silvery Grebe	0.0027847	0.0024087	0.0026643	0.0060241	0.0083928	0.0063694	0.0034746	0.00296	0.0106802	0.0044893	0.0061237	0.0074738	0.0055416	0.0040092	0.0017261	0.0050068	0.008726	0.0068825	0.0039886	0.0068604	0.0041445	0.0093294	0.0102612	0.0130058	0.0132371	0.0243243	0.0247711	0.0209223	0.0109258	0.0091799	0.0129651	0.0100966	0.0217149	0.0130851	0.0190722	0.0106425	0.0071736	0.0117816	0.0057845	0.0066059	0.0069284	0.0097087	0.0055659	0.0036778	0.003367	0.0080645	0.0097297	0.0079014	
King Penguin	0.0	0.0	0.0	0.0	4.196E-4	0.0	0.0	9.867E-4	0.0	0.0	0.0	0.0	0.0	0.0	0.0	0.0	0.0	0.0	0.0	0.0	0.0	0.0	0.0	0.0	0.0	0.0010811	0.0	0.0	0.0	0.0	0.0	4.39E-4	0.0	0.0	0.0	0.0015	0.0	0.0	0.0	0.0015	0.0	0.0	0.0	0.0	0.0	0.0	0.0	0.0015	
Magellanic Penguin	0.0027847	4.014E-4	4.44E-4	0.0013691	8.393E-4	0.0029974	0.0086866	0.0172669	0.0157392	0.0185185	0.0153092	0.0153214	0.0065491	0.0063001	0.004603	0.0113792	0.0069808	0.0104512	0.0119658	0.0153349	0.0260509	0.0110787	0.0135261	0.0236031	0.0180505	0.027027	0.0183091	0.0136635	0.0201265	0.0110159	0.011274	0.0052678	0.0122494	0.011072	0.0020619	0.00473	0.0015	0.0025862	0.0115691	0.012268	0.0019246	0.0029548	9.276E-4	0.0018389	9.62E-4	9.488E-4	0.0010811	0.0022124	
Macaroni Penguin	0.0	0.0	0.0	0.0	0.0	0.0	0.0	0.0	0.0	0.0	0.0	0.0	0.0	0.0	0.0	0.0	0.0	0.0	0.0	0.0	0.0	0.0	0.0	0.0	0.0	0.0	5.385E-4	0.0	0.0	0.0	0.0	0.0	0.0	0.0	0.0	0.0	0.0	0.0	0.0	0.0	0.0	0.0	0.0	0.0	0.0	0.0	0.0	0.0	
Western Rockhopper Penguin	0.0	0.0	0.0	0.0	0.0	0.0	0.0	0.0	0.0	0.0	0.0	0.0	0.0	0.0	0.0	0.0	0.0	0.0	5.698E-4	4.036E-4	0.0	0.0	4.664E-4	4.817E-4	6.017E-4	0.0	5.385E-4	0.0	0.0	0.0	0.0	8.78E-4	0.0	0.0	0.0	0.0	0.0	0.0	0.0	0.0	0.0	0.0	0.0	0.0	0.0	0.0	0.0	0.0	
Northern Royal Albatross	0.0030941	8.029E-4	0.0	2.738E-4	4.196E-4	0.0	0.0	9.867E-4	0.0	0.0	0.0	0.0	0.0015113	0.0	0.0	0.0	0.0	0.0	0.0	0.0	0.0	0.0	0.0	0.0	6.017E-4	0.0010811	0.0	0.0	0.0	0.0	0.0	0.0	0.0	0.0	0.0	0.0	0.0	0.0	0.0010846	6.291E-4	0.0015	0.0	4.638E-4	0.0	0.0	0.0037951	5.405E-4	0.0	
Southern Royal Albatross	0.0043317	0.0012043	0.0015	8.215E-4	0.0016786	0.0	0.0	4.933E-4	0.0011242	0.0011223	0.0	3.737E-4	0.0020151	0.0	0.0	0.0015	0.0	0.0	0.0	0.0012107	0.0029603	0.0	0.0015	0.0	0.0018051	0.0021622	0.0026925	0.0	0.0017251	0.0	0.0033822	0.0	0.0	0.0	0.0	0.0011825	0.0015	2.874E-4	0.0010846	0.0025165	0.0	4.221E-4	4.638E-4	0.0014711	9.62E-4	0.0018975	0.0	0.0015803	
Northern/Southern Royal Albatross	3.094E-4	0.0	4.44E-4	5.476E-4	0.0	0.0	0.0	0.0	5.621E-4	5.612E-4	6.124E-4	3.737E-4	0.0020151	0.0	0.0	0.0	0.0	0.0	0.0	0.0	0.0017762	5.831E-4	0.0	4.817E-4	6.017E-4	5.405E-4	5.385E-4	4.27E-4	0.0	0.0	0.0	0.0	0.0	0.0	0.0	0.0	4.782E-4	0.0	0.0010846	0.0028311	0.0015	0.0	0.0015	0.0	0.0	0.0	0.0016216	0.0	
Snowy Albatross	3.094E-4	0.0012043	0.0	0.0	0.0	0.0	0.0	0.0	0.0	0.0	0.0	3.737E-4	0.0	0.0	0.0	0.0	0.0	0.0	0.0	0.0	0.0	0.0	0.0	0.0	0.0	0.0	0.0	0.0	0.0	0.0	0.0	0.0	0.0	0.0	0.0	0.0	0.0	2.874E-4	0.0	6.291E-4	0.0	0.0	9.276E-4	0.0	0.0	0.0	0.0	0.0	
Tristan Albatross	0.0	0.0	0.0	0.0	0.0	0.0	0.0	0.0	0.0	0.0	0.0	0.0	0.0	0.0	0.0	0.0	0.0	0.0	0.0	0.0	0.0	0.0	0.0	0.0	0.0	0.0	0.0	0.0	0.0	6.12E-4	0.0	0.0	0.0	0.0	0.0	0.0	0.0	0.0	0.0	0.0	0.0	0.0	0.0	0.0	0.0	0.0	0.0	0.0	
Snowy/Tristan Albatross	6.188E-4	4.014E-4	0.0	0.0	0.0	0.0	0.0	0.0	5.621E-4	0.0	0.0	0.0	0.0	0.0	0.0	0.0	0.0	0.0	0.0	0.0	0.0	0.0	0.0	0.0	0.0	0.0	0.0	0.0	0.0	0.0	0.0	0.0	0.0	0.0	0.0	0.0	0.0	0.0	0.0	0.0	0.0	0.0	0.0	0.0	0.0	0.0018975	0.0	0.0	
Snowy/Tristan/Antipodean Albatross	3.094E-4	0.0	0.0015	0.0010953	0.0	0.0	0.0	4.933E-4	5.621E-4	0.0	6.124E-4	0.0014948	0.0	0.0	0.0	0.0	0.0	0.0	0.0	4.036E-4	0.0	0.0	0.0	4.817E-4	0.0	0.0	0.0	4.27E-4	0.0	0.0015	0.0	0.0	0.0	0.0	0.0	0.0	0.0	0.0	0.0015	6.291E-4	3.849E-4	0.0	0.0	0.0015	0.0	0.0	0.0	0.0	
large albatross sp.	3.094E-4	0.0	0.0	0.0	0.0	0.0	0.0	0.0	0.0	0.0	6.124E-4	3.737E-4	5.038E-4	0.0	0.0	0.0	0.0	0.0	0.0	0.0	0.0	0.0	0.0	0.0	0.0	0.0	0.0	0.0	0.0	0.0	0.0	0.0	0.0	0.0	0.0	0.0	0.0	0.0	0.0	0.0	0.0	0.0	0.0	0.0	0.0	0.0	0.0	0.0	
Sooty Albatross	3.094E-4	0.0	0.0	0.0	0.0	0.0	0.0	0.0	5.621E-4	0.0	0.0	0.0	0.0	0.0	0.0	0.0	0.0	0.0	0.0	0.0	0.0	0.0	0.0	0.0	0.0	0.0	0.0	0.0	0.0	0.0	0.0	0.0	0.0	0.0	0.0	0.0	0.0	0.0	0.0	0.0	0.0	0.0	0.0	0.0	0.0	0.0	0.0	0.0	
Atlantic Yellow-nosed Albatross	0.0111386	0.0156564	0.0097691	0.0128697	0.0276962	0.0089921	0.0041696	0.0241737	0.0157392	0.0207632	0.0146969	0.0074738	0.0060453	0.0	5.754E-4	0.0013655	8.726E-4	0.0010196	0.0	0.0	0.0041445	0.0	0.0	0.0014451	0.0015	0.0059459	0.0037695	0.0	0.0017251	0.0	0.0	0.0	0.0	0.0	0.0	0.0011825	4.782E-4	0.0011494	0.0014461	0.0044039	0.0	0.0016885	4.638E-4	0.0018389	0.005772	0.0042694	0.0021622	0.0066372	
Atlantic/Indian Yellow-nosed Albatross	0.0	0.0	0.0	0.0	0.0	0.0	0.0	0.0	0.0	0.0	0.0	7.474E-4	0.0	0.0	0.0	0.0	0.0	0.0	0.0	0.0	0.0	0.0	0.0	0.0015	0.0	0.0	0.0	0.0	0.0	0.0	0.0	0.0	0.0	0.0	0.0	0.0	0.0	0.0	0.0	0.0	0.0	0.0	0.0	0.0	0.0	0.0	0.0	0.0	
Gray-headed Albatross	3.094E-4	0.0	0.0	2.738E-4	0.0	0.0	0.0	0.0	0.0	0.0	0.0	0.0	0.0	0.0	0.0	0.0	0.0	0.0	0.0	0.0	0.0	0.0	0.0	0.0	0.0	0.0	0.0	0.0	0.0	0.0	0.0	0.0	0.0	0.0	0.0	0.0	0.0	0.0	0.0	3.146E-4	0.0	0.0	0.0	0.0	0.0	0.0	0.0	0.0	
White-capped Albatross	0.0064975	0.0	0.0	0.0016429	0.0033571	0.0	3.475E-4	0.0019734	5.621E-4	0.0016835	0.0	0.0	0.0010076	0.0	0.0	0.0015	0.0	2.549E-4	0.0	0.0	0.0	0.0	0.0	0.0015	6.017E-4	0.0037838	0.0	0.0	0.0	0.0015	0.0	0.0	0.0	0.0	0.0	0.0	0.0	0.0	0.0	0.0015	0.0	0.0	0.0	0.0014711	9.62E-4	9.488E-4	0.0010811	0.0	
White-capped/Salvin's/Chatham Albatross	0.0	0.0	0.0	0.0015	0.0	0.0	0.0	0.0	0.0	0.0	0.0	0.0	0.0	0.0	0.0	0.0	0.0	0.0	0.0	0.0	0.0	0.0	0.0	0.0	0.0	0.0	0.0	0.0	0.0	0.0	0.0	0.0	0.0	0.0	0.0	0.0	0.0	0.0	0.0	0.0	0.0	0.0	0.0	3.678E-4	0.0	0.0	0.0	0.0	
Black-browed Albatross	0.0281559	0.0112405	0.0071048	0.0120482	0.019723	0.0089921	0.004517	0.0226936	0.0207982	0.0252525	0.0140845	0.0179372	0.0125945	0.0040092	0.0074799	0.0040965	0.0047993	0.0038236	0.0017094	0.0052462	0.0142096	0.0087464	0.0041978	0.0096339	0.0090253	0.0162162	0.0123856	0.0111016	0.0109258	0.004284	0.0067644	0.0026339	0.002784	0.0010065	5.155E-4	0.0035475	9.565E-4	0.0017241	0.0213304	0.0305127	0.0050038	0.0063318	0.0037106	0.0029423	0.007696	0.0137571	0.0081081	0.0101138	
small albatross sp.	0.001547	0.0016058	0.0013321	0.0019168	0.0033571	3.747E-4	0.0	4.933E-4	5.621E-4	5.612E-4	0.004899	0.0033632	5.038E-4	0.0	0.0	0.0	0.0	2.549E-4	5.698E-4	0.0	0.0	0.0	0.0	9.634E-4	0.0	0.0	5.385E-4	0.0	0.0	0.0	0.0	0.0	0.0	0.0	0.0	0.0	0.0	0.0	0.0	0.0015728	0.0015	0.0	0.0015	3.678E-4	0.0	0.0	0.0	3.161E-4	
albatross sp.	3.094E-4	0.0	0.0	0.0010953	8.393E-4	0.0	3.475E-4	0.0	0.0	0.0	0.0	0.0	0.0	0.0	0.0	0.0	0.0	0.0	0.0	0.0	0.0	0.0	0.0	0.0	0.0	0.0	0.0015	0.0	0.0	0.0	0.0	0.0	0.0	0.0	0.0	0.0	0.0	0.0	0.0	0.0	0.0	0.0	0.0	0.0	0.0	0.0	0.0	0.0	
Wilson's Storm-Petrel	0.0071163	0.0048173	4.44E-4	0.0101314	0.0083928	3.747E-4	0.0	0.00296	5.621E-4	0.0016835	0.0018371	0.0037369	0.004534	0.0011455	5.754E-4	0.0015	0.0013089	2.549E-4	5.698E-4	0.0016142	0.0041445	0.0015	4.664E-4	0.0024085	0.0054152	0.0027027	0.0037695	4.27E-4	0.0040253	6.12E-4	0.0028185	8.78E-4	0.0011136	0.0	0.0	0.0019708	4.782E-4	8.621E-4	0.005423	0.0066059	0.0015	0.0029548	4.638E-4	0.0015	9.62E-4	0.0033207	0.0016216	0.0012642	
White-bellied Storm-Petrel	6.188E-4	0.0	0.0	0.0	0.0	0.0	0.0	0.0	0.0	0.0	0.0	0.0	0.0	0.0	0.0	0.0	0.0	0.0	0.0	0.0	0.0	0.0	0.0	0.0	0.0	0.0	0.0	0.0	0.0	0.0	0.0	0.0	0.0	0.0	0.0	0.0	0.0	0.0	0.0	3.146E-4	0.0	0.0	0.0	0.0	0.0	0.0	0.0	0.0	
Black-bellied Storm-Petrel	0.0012376	0.0	0.0	2.738E-4	0.0	0.0	0.0	0.0	0.0	0.0	0.0	0.0	0.0	0.0	0.0	0.0	0.0	0.0	0.0	0.0	0.0	0.0	0.0	0.0	0.0	0.0	0.0	0.0	0.0	0.0	0.0	0.0	0.0	0.0	0.0	0.0	0.0	0.0	0.0	3.146E-4	0.0	0.0	0.0	0.0	0.0	0.0018975	0.0	0.0	
Leach's Storm-Petrel	0.0	0.0	0.0	0.0	0.0	0.0	0.0	0.0	0.0	5.612E-4	0.0	0.0	0.0	0.0	0.0	0.0	0.0	0.0	0.0	0.0	0.0	0.0	0.0	0.0	0.0	0.0	0.0	0.0	0.0	0.0	0.0	0.0	0.0	0.0	0.0	0.0	0.0	0.0	0.0	0.0	0.0	0.0	0.0	0.0	0.0	0.0	0.0	0.0	
storm-petrel sp.	0.0	0.0	0.0	0.0010953	0.0012589	0.0	0.0	0.0	0.0	5.612E-4	6.124E-4	0.0	0.0	0.0	0.0	0.0	0.0	2.549E-4	0.0	0.0	0.0	0.0	0.0	0.0	0.0	0.0	0.0	0.0	0.0	0.0	5.637E-4	0.0	0.0	0.0	0.0	0.0	0.0	0.0	0.0	3.146E-4	0.0	0.0	0.0	0.0	4.81E-4	0.0	0.0	0.0	
Southern Giant-Petrel	0.0160891	0.0092332	0.0022202	0.0054765	0.0096517	0.002248	0.0031272	0.0059201	0.0056211	0.0016835	0.0024495	7.474E-4	0.004534	0.0011455	0.0011507	0.0013655	0.0039267	0.002804	0.005698	0.0177563	0.0272351	0.0180758	0.0223881	0.0303468	0.0204573	0.0324324	0.0274637	0.0140905	0.0224267	0.0269278	0.0169109	0.0122915	0.0211581	0.0115752	0.0180412	0.0173433	0.0047824	0.0037356	0.0119306	0.0257943	0.0127021	0.0088645	0.0097403	0.008459	0.004329	0.0118596	0.0113514	0.0135904	
Northern Giant-Petrel	0.0018564	0.0012043	0.0	0.0019168	8.393E-4	0.0	3.475E-4	9.867E-4	0.0011242	0.0	0.0	7.474E-4	0.0	0.0	0.0	0.0	4.363E-4	2.549E-4	5.698E-4	0.0016142	0.0	0.0023324	4.664E-4	0.0	0.0018051	0.0043243	0.0016155	0.0	0.0046003	0.001224	0.0022548	8.78E-4	0.0016704	5.033E-4	5.155E-4	7.883E-4	0.0	5.747E-4	0.005423	0.0066059	3.849E-4	0.0016885	0.0027829	0.0014711	0.002405	0.0056926	0.0027027	9.482E-4	
Southern/Northern Giant-Petrel	0.001547	8.029E-4	0.0035524	0.0032859	0.0012589	0.0	0.0	9.867E-4	0.0011242	0.0	6.124E-4	0.0011211	0.0	0.0	0.0	0.0	0.0	0.0	5.698E-4	0.0	0.0	5.831E-4	9.328E-4	0.0014451	0.0012034	0.0010811	5.385E-4	4.27E-4	0.0011501	6.12E-4	0.0	0.0	0.0022272	0.0015098	5.155E-4	0.0015767	4.782E-4	8.621E-4	0.0039769	0.0044039	0.0034642	0.0012664	0.0013915	7.356E-4	0.0	0.0028463	0.0027027	0.0012642	
Southern Fulmar	0.0	0.0	0.0	0.0015	0.0	3.747E-4	0.0	0.0	0.0	0.0	0.0	0.0	0.0	0.0	0.0	0.0	0.0	2.549E-4	0.0	0.0028249	5.921E-4	0.0011662	4.664E-4	0.0024085	0.0030084	0.0010811	5.385E-4	8.54E-4	0.0	0.001224	0.0015	0.0	0.0	0.0	0.0	0.0	4.782E-4	0.0	3.615E-4	0.0015728	0.0	0.0	0.0023191	0.0	0.0	0.0	0.0	0.0015	
Pintado Petrel	0.0	0.0	4.44E-4	0.0	8.393E-4	0.0	0.0	4.933E-4	0.0015	0.0	0.0	0.0	0.0	0.0	0.0	0.0015	0.0	2.549E-4	5.698E-4	0.0012107	5.921E-4	5.831E-4	0.0015	9.634E-4	6.017E-4	0.0021622	0.0026925	4.27E-4	0.0040253	6.12E-4	0.0	0.0	0.0011136	0.0	0.0	3.942E-4	4.782E-4	0.0015	0.0015	0.0056622	3.849E-4	0.0012664	0.0015	0.0015	0.0	4.744E-4	0.0	0.0015	
Kerguelen Petrel	0.0	0.0	0.0	0.0	0.0	0.0	0.0	0.0	0.0	0.0	0.0	0.0	0.0	0.0	0.0	0.0	0.0	0.0	0.0	0.0	0.0011841	0.0	0.0	0.0	0.0	0.0	0.0	0.0	0.0	6.12E-4	0.0	0.0	0.0	0.0	0.0	0.0	0.0	0.0	0.0	0.0	0.0	0.0	0.0	0.0	0.0	0.0	0.0	0.0	
Trindade Petrel	0.0	0.0	0.0	0.0	0.0	0.0	0.0	0.0	5.621E-4	0.0	0.0	0.0	0.0	0.0	0.0	0.0	0.0	0.0	0.0	0.0	0.0	0.0	0.0	0.0	0.0	0.0	0.0	0.0	0.0	0.0	0.0	0.0	0.0	0.0	0.0	0.0	0.0	0.0	0.0	0.0	0.0	0.0	0.0	0.0	0.0	0.0	0.0	0.0	
Soft-plumaged Petrel	0.0043317	4.014E-4	4.44E-4	0.0013691	0.0016786	0.0	0.0	0.00148	0.0	0.0	6.124E-4	0.0015	0.0	0.0	0.0	0.0	0.0	0.0	0.0	0.0	5.921E-4	0.0	0.0	0.0	0.0	0.0	0.0	0.0	0.0	0.0	0.0	0.0	0.0	0.0	0.0	0.0	4.782E-4	0.0	0.0	3.146E-4	0.0	0.0	0.0	0.0	0.0015	4.744E-4	0.0	0.0	
White-headed Petrel	3.094E-4	0.0	0.0	0.0	0.0	0.0	0.0	0.0	0.0	0.0	0.0	0.0	0.0	0.0	0.0	0.0	0.0	0.0	0.0	0.0	0.0	0.0	0.0	0.0	0.0	0.0	0.0	0.0	0.0	0.0	0.0	0.0	0.0	0.0	0.0	0.0	0.0	0.0	0.0	3.146E-4	0.0	0.0	0.0	0.0	0.0	0.0	0.0	0.0	
Atlantic Petrel	0.0241337	0.0068246	0.0026643	0.0205367	0.0193034	0.0	3.475E-4	0.0034534	0.0028106	5.612E-4	6.124E-4	3.737E-4	0.0	0.0	0.0	0.0	0.0	0.0	0.0	0.0	0.0	0.0	0.0	4.817E-4	0.0	0.0	0.0	0.0	0.0	0.0	0.0	0.0	0.0	0.0	0.0	0.0	0.0	0.0	0.0015	0.0015728	0.0	0.0012664	0.0023191	0.0	4.81E-4	0.0052182	0.0016216	0.0	
Pterodroma sp.	0.0	0.0	0.0	0.0	0.0	0.0	0.0	0.0	0.0	0.0	0.0	0.0	0.0	0.0	0.0	0.0	0.0	0.0	0.0	0.0	0.0	0.0	0.0	0.0	0.0	0.0	0.0	0.0	0.0	0.0	0.0	0.0	0.0	0.0	0.0	0.0	0.0	0.0	3.615E-4	0.0	0.0	0.0	0.0	0.0	0.0	0.0	0.0	0.0	
Blue Petrel	0.0	0.0	0.0	0.0	0.0	0.0	0.0	0.0	0.0	0.0	0.0	0.0	0.0	0.0	0.0	0.0	0.0	0.0	0.0	8.071E-4	0.0047365	5.831E-4	0.0	0.0	0.0	0.0	5.385E-4	4.27E-4	0.0	6.12E-4	0.0	0.0	0.0	0.0	0.0	0.0	0.0	0.0	0.0	3.146E-4	0.0	0.0	0.0	0.0	0.0	0.0	0.0	0.0	
Antarctic Prion	0.0	0.0	0.0	0.0	0.0	0.0	0.0	0.0	0.0	0.0	0.0	0.0	0.0	0.0	0.0	0.0	0.0	0.0	0.0	0.0	0.0	0.0	0.0	0.0	0.0	0.0	0.0	0.0	0.0	0.0	0.0	0.0	0.0	0.0	0.0	0.0	0.0	0.0	0.0	0.0	0.0	0.0	0.0	0.0	0.0	4.744E-4	0.0	0.0	
Slender-billed Prion	0.0	0.0	0.0	0.0	4.196E-4	0.0	0.0	0.0	0.0	0.0	0.0	0.0	0.0	0.0	0.0	0.0	0.0	0.0	0.0	0.0	0.0	0.0	0.0	0.0	0.0012034	0.0015	0.0	0.0015	0.0	0.0	0.0	0.0	0.0	0.0	0.0	0.0	0.0	0.0	0.0	0.0	0.0015	4.221E-4	0.0	0.0	0.0	0.0	0.0	3.161E-4	
prion sp.	0.0	0.0	0.0	0.0	0.0	0.0	0.0	0.0	0.0	0.0	0.0	0.0	0.0	0.0	0.0	0.0	0.0	0.0	0.0	0.0	0.0	0.0	0.0	0.0	0.0	0.0	0.0	0.0	0.0	0.0	0.0	0.0	0.0	0.0	0.0	0.0	0.0015	0.0	0.0	0.0	0.0	0.0	0.0	0.0	0.0	0.0	0.0	0.0	
Gray Petrel	0.001547	0.0	4.44E-4	0.0	4.196E-4	0.0	0.0	0.0	0.0	5.612E-4	6.124E-4	0.0	0.0	0.0	0.0	0.0	0.0	0.0	0.0	0.0	0.0	0.0	0.0	0.0	0.0	0.0	0.001077	0.0	0.0	0.0	0.0	0.0	0.0	0.0	0.0	0.0	0.0	0.0	0.0	9.437E-4	0.0	0.0	0.0	0.0	0.0	0.0028463	0.0	3.161E-4	
White-chinned Petrel	0.0253713	0.0172621	0.0048845	0.0147864	0.0214016	0.0074934	0.0034746	0.0202269	0.019674	0.0274972	0.0122474	0.0168161	0.009068	0.002291	0.0023015	0.0022758	0.0017452	0.0015294	5.698E-4	0.0020178	0.0059207	0.0023324	4.664E-4	0.004817	0.0024067	0.0086486	0.006462	0.0017079	0.0051754	6.12E-4	0.0067644	8.78E-4	0.0016704	0.0025164	0.0010309	0.0027592	9.565E-4	0.0022989	0.0191612	0.0257943	0.004234	0.0084424	0.0018553	0.0036778	0.006253	0.0113852	0.0064865	0.0129583	
Spectacled Petrel	0.0061881	0.0024087	4.44E-4	0.0095838	0.0075535	0.0	3.475E-4	4.933E-4	0.0022485	0.0	0.0012247	0.0	0.0	0.0	0.0	0.0	0.0	0.0	0.0	0.0	0.0	0.0	0.0	0.0	0.0	0.0	0.0	0.0	0.0	0.0	0.0	0.0	0.0	0.0	0.0	0.0	0.0	0.0	0.0	6.291E-4	0.0	4.221E-4	0.0	0.0	0.0	9.488E-4	0.0	0.0	
Westland Petrel	0.0	0.0	0.0	0.0	0.0	0.0	0.0	0.0	0.0	0.0	6.124E-4	0.0	0.0	0.0	0.0	0.0	0.0	0.0	0.0	4.036E-4	0.0	0.0	0.0	0.0	0.0	0.0	0.0	0.0	0.0	0.0	0.0	0.0	0.0	0.0	0.0	0.0	0.0	0.0	0.0	0.0	0.0	0.0	0.0	0.0	4.81E-4	0.0	0.0	0.0	
Procellaria sp.	6.188E-4	0.0	0.0	0.0027382	8.393E-4	0.0	0.0	0.0	0.0	0.0	0.0	0.0	0.0	0.0	0.0	0.0	0.0	0.0	0.0	0.0	0.0	0.0011662	0.0	0.0	0.0	0.0	0.0	0.0	0.0	0.0	0.0	0.0	0.0	0.0	0.0	0.0	0.0	0.0	0.0	3.146E-4	0.0	0.0	0.0	0.0	0.0	0.0	0.0	0.0	
Cory's Shearwater	0.0049505	0.0104376	8.881E-4	0.0167032	0.0029375	0.001124	0.0017373	4.933E-4	0.0011242	0.0016835	0.0	0.0011211	0.0	0.0	0.0	0.0	0.0	0.0	0.0	0.0	0.0	0.0	0.0	0.0	0.0	0.0	0.0	0.0	0.0	0.0	0.0	0.0	0.0	0.0	0.0	0.0	0.0	0.0	0.0	0.0	0.0	0.0	0.0	0.0	4.81E-4	0.0023719	0.0016216	0.0018963	
Cory's/Scopoli's Shearwater	0.0092822	0.0032116	4.44E-4	0.0035597	0.0167856	0.001124	0.0	0.0039467	0.0016863	5.612E-4	0.0	3.737E-4	0.0	0.0	0.0	0.0	0.0	0.0	0.0	0.0	0.0	0.0	0.0	0.0	0.0	0.0	0.0	0.0	0.0	0.0	0.0	0.0	0.0	0.0	0.0	0.0	0.0	0.0	0.0	3.146E-4	0.0	0.0	0.0	0.0	0.0	0.0	0.0	6.321E-4	
Cape Verde Shearwater	0.0068069	0.0060217	0.0013321	2.738E-4	0.0058749	0.0014987	0.0020848	0.0034534	0.0056211	0.0028058	0.0012247	7.474E-4	0.0010076	0.0	0.0	0.0	0.0	0.0	0.0	0.0	0.0	0.0	0.0	0.0	0.0	0.0	0.0	0.0	0.0	0.0	0.0	0.0	0.0	0.0	0.0	0.0	0.0	0.0	0.0	0.0	0.0	0.0	0.0	0.0011033	9.62E-4	0.0014231	0.0	0.0069532	
Cory's/Scopoli's/Cape Verde Shearwater	0.0	0.0	0.0	0.0	8.393E-4	0.0	0.0	9.867E-4	0.0	0.0	0.0	3.737E-4	5.038E-4	0.0	0.0	0.0	0.0	0.0	0.0	0.0	0.0	0.0	0.0	0.0	0.0	0.0	0.0	0.0	0.0	0.0	0.0	0.0	0.0	0.0	0.0	0.0	0.0	0.0	0.0	0.0	0.0	0.0	0.0	0.0	0.0	0.0	0.0	0.0	
Great Shearwater	0.03125	0.0276997	0.0124334	0.0323111	0.0444817	0.0134882	0.0048645	0.0310804	0.0269815	0.0246914	0.0171464	0.0220478	0.0125945	0.0034364	0.0034522	0.0036413	0.0030541	0.0017843	0.0011396	0.0024213	0.0041445	0.0	0.0	0.0	6.017E-4	0.0010811	0.0	0.0	0.0	0.0	0.0022548	0.0	0.0016704	0.0010065	0.0	0.0015767	4.782E-4	8.621E-4	0.0231381	0.0279962	0.0026944	0.0063318	0.0023191	0.0022067	0.006734	0.0137571	0.0091892	0.0085335	
Sooty Shearwater	0.0077351	0.0016058	8.881E-4	0.0043812	0.0058749	0.0026227	0.0024322	0.0143069	0.0039348	0.0117845	0.004899	0.0067265	0.004534	5.727E-4	0.0	9.103E-4	8.726E-4	0.0015	0.0	8.071E-4	0.0041445	5.831E-4	0.0	0.0019268	0.0030084	0.0102703	0.0026925	8.54E-4	0.0034503	0.001836	0.0033822	8.78E-4	0.0011136	0.0	0.0	0.002365	4.782E-4	8.621E-4	0.0061461	0.0088078	3.849E-4	0.0021106	9.276E-4	7.356E-4	4.81E-4	0.0014231	0.0	0.0044248	
Manx Shearwater	0.0201114	0.0188679	0.0084369	0.0232749	0.030214	0.0093668	0.004517	0.023187	0.0168634	0.0252525	0.011635	0.0082212	0.0080605	0.0015	0.0011507	0.0018207	8.726E-4	0.0010196	0.0	0.0012107	0.0041445	0.0	0.0	0.0015	0.0018051	0.0032432	5.385E-4	0.0	0.0011501	0.0	0.0028185	8.78E-4	0.0011136	0.0	0.0	0.0027592	4.782E-4	0.0034483	0.0195228	0.0179302	0.0073133	0.0029548	0.0023191	0.0029423	0.005291	0.0090133	0.0037838	0.0104298	
Subantarctic Shearwater	0.0	0.0	0.0015	2.738E-4	0.0	0.0	0.0	0.0	0.0	0.0	6.124E-4	0.0	0.0	0.0	0.0	0.0	0.0	0.0	0.0	0.0	0.0	0.0	0.0	0.0	0.0	0.0	5.385E-4	0.0	0.0	0.0	0.0	0.0	0.0	0.0	0.0	0.0	0.0	0.0	0.0	3.146E-4	0.0	0.0	0.0	0.0	0.0	0.0	0.0	0.0	
small shearwater sp.	6.188E-4	4.014E-4	0.0	0.0	4.196E-4	0.0	0.0	0.0	0.0	0.0	0.0	0.0	0.0010076	0.0	0.0	0.0	0.0	0.0	0.0	0.0	0.0	0.0	0.0	0.0	0.0	0.0	5.385E-4	0.0	0.0	0.0	0.0	0.0	0.0	0.0	0.0	7.883E-4	0.0	0.0	0.0	0.0	3.849E-4	0.0	0.0	0.0	0.0	0.0015	5.405E-4	0.0	
shearwater sp.	0.001547	0.0012043	0.0	8.215E-4	0.0041964	0.0	3.475E-4	0.0	5.621E-4	0.0	0.0	7.474E-4	0.0020151	0.0	0.0	0.0	0.0	0.0	0.0	0.0	0.0	0.0	0.0	0.0	0.0	0.0	0.0	0.0	0.0	0.0	0.0	4.39E-4	0.0	0.0	0.0	0.0	0.0	0.0	0.0	3.146E-4	0.0	0.0	0.0	0.0	0.0	0.0	0.0	6.321E-4	
Common Diving-Petrel	0.0	0.0	0.0	0.0	0.0	0.0	0.0	0.0	0.0	0.0	0.0	0.0	0.0	0.0	0.0	0.0	0.0	0.0	0.0	0.0	0.0	0.0	0.0	0.0	0.0	0.0	0.0	0.0	0.0	6.12E-4	0.0	0.0	0.0	0.0	0.0	0.0	0.0	0.0	0.0	0.0	0.0	0.0	0.0	0.0	0.0	0.0	0.0	0.0	
procellariid sp.	0.0	0.0	0.0	0.0	0.0	0.0	0.0	0.0	0.0	0.0	0.0	0.0	0.0	0.0	0.0	0.0	0.0	0.0	0.0	0.0	0.0	0.0	0.0	0.0	0.0	0.0	0.0	0.0	0.0	0.0	0.0	0.0	0.0	0.0	0.0	0.0	0.0	0.0	0.0	0.0	0.0	4.221E-4	0.0	0.0	0.0	0.0	0.0	0.0	
Maguari Stork	0.0835396	0.0786833	0.0723801	0.0629792	0.0667226	0.0618209	0.0548992	0.0601875	0.0646431	0.0521886	0.0538885	0.0597907	0.0715365	0.0515464	0.0747986	0.0741921	0.0837696	0.0833546	0.0774929	0.0726392	0.079929	0.083965	0.1119403	0.0924855	0.0824308	0.1027027	0.1163166	0.118275	0.106958	0.0985312	0.1144307	0.0992098	0.1180401	0.1097131	0.1180412	0.1080016	0.1238642	0.1442529	0.1117137	0.1349481	0.1401078	0.1317011	0.1447124	0.1386539	0.1149591	0.1005693	0.0983784	0.0881795	
Jabiru	0.0	0.0	0.0	0.0	0.0	0.0	0.0	0.0	0.0	0.0	0.0	0.0	0.0	0.0	0.0	0.0	0.0	0.0	0.0	0.0	0.0	0.0	0.0	0.0	0.0	0.0	0.0	0.0	0.0	0.0	0.0	0.0	0.0	0.0	0.0	0.0	0.0	0.0	0.0	0.0	0.0	0.0	0.0	0.0	0.0	0.0	0.0	3.161E-4	
Wood Stork	0.022896	0.0264954	0.0195382	0.0186199	0.0193034	0.0119895	0.0163308	0.0157869	0.0219224	0.0179574	0.016534	0.0220478	0.0176322	0.0091638	0.0126582	0.0059172	0.0034904	0.0038236	0.0011396	0.0024213	5.921E-4	5.831E-4	0.0018657	0.0024085	0.0018051	0.0	5.385E-4	8.54E-4	0.0017251	6.12E-4	0.0022548	0.0013169	0.0011136	0.0015098	0.0010309	7.883E-4	0.0014347	0.0014368	0.0014461	0.0044039	0.0084681	0.0101309	0.0217996	0.0228025	0.024531	0.0237192	0.0286486	0.0252845	
stork sp.	0.0	0.0	0.0	0.0	0.0	0.0	0.0	0.0	0.0	0.0	0.0	0.0	0.0	0.0	0.0	0.0	0.0	0.0	0.0	0.0	0.0	0.0	0.0	0.0	0.0	0.0	0.0	0.0	0.0	0.0	0.0	0.0	0.0	0.0	0.0	0.0	0.0	0.0	0.0	0.0	0.0	4.221E-4	0.0	0.0	0.0	0.0	0.0	0.0	
Magnificent Frigatebird	0.0030941	0.0015	8.881E-4	2.738E-4	4.196E-4	0.0018734	6.949E-4	0.0015	0.0016863	0.0016835	0.0012247	7.474E-4	0.0015	0.0	0.0	0.0	0.0	0.0	0.0	4.036E-4	0.0	0.0	0.0	0.0	0.0	0.0	0.0	0.0	0.0	0.0	0.0	0.0	0.0	0.0	0.0	0.0015	0.0	0.0015	0.0	3.146E-4	0.0015	4.221E-4	0.0015	0.0	9.62E-4	0.0	0.0	9.482E-4	
Brown Booby	0.0	0.0	0.0	0.0	0.0	0.0	0.0	0.0	0.0	0.0	0.0	0.0	0.0	0.0	0.0	0.0	0.0	0.0	0.0	0.0	0.0	0.0	0.0	0.0	0.0	0.0	0.0	0.0	0.0	0.0	0.0	0.0	0.0	0.0	0.0	0.0	0.0	0.0	0.0	0.0	0.0	0.0	0.0	0.0	4.81E-4	0.0	0.0	0.0	
Anhinga	0.0015	0.0020072	0.0026643	8.215E-4	0.0020982	0.001124	0.0013899	0.0024667	0.0011242	0.003367	0.0018371	0.0037369	0.0	5.727E-4	0.0017261	0.0031862	0.0013089	7.647E-4	0.0017094	0.0016142	0.0035524	0.0017493	0.0013993	4.817E-4	6.017E-4	5.405E-4	0.002154	4.27E-4	5.75E-4	0.002448	0.0016911	0.0015	0.0022272	0.0025164	5.155E-4	0.0019708	9.565E-4	0.0014368	0.0014461	0.0025165	0.0011547	0.0012664	0.0023191	0.0022067	0.002405	0.0014231	0.0015	0.0012642	
Neotropic Cormorant	0.2122525	0.2107587	0.1922735	0.1752464	0.1951322	0.1663544	0.1678249	0.1894425	0.1928049	0.1649832	0.1537048	0.1532138	0.1405542	0.1363116	0.1542002	0.1483842	0.1479058	0.1328065	0.1390313	0.1392252	0.1184133	0.1183673	0.1413246	0.1382466	0.1522262	0.1508108	0.1728595	0.1861657	0.173088	0.1842105	0.1899662	0.1962248	0.2216036	0.2325113	0.2695876	0.2506898	0.2505978	0.2652299	0.2447578	0.2488204	0.2359507	0.2380751	0.2657699	0.2467819	0.2376142	0.2390892	0.2281081	0.2408344	
Imperial Cormorant	0.0	4.014E-4	0.0	0.0	0.0	0.0	0.0	0.0015	0.0015	5.612E-4	6.124E-4	3.737E-4	0.0010076	0.0015	0.0011507	9.103E-4	0.0013089	5.098E-4	0.0	8.071E-4	0.0029603	0.0011662	0.0013993	0.0028902	0.0066185	0.0016216	0.0037695	0.001281	5.75E-4	6.12E-4	5.637E-4	4.39E-4	0.0	0.0	0.0	3.942E-4	4.782E-4	2.874E-4	0.0	6.291E-4	0.0	0.0	0.0	0.0	0.0	0.0	0.0	0.0	
White-faced Ibis	0.1367574	0.1144119	0.1132327	0.1125411	0.1254721	0.1022855	0.1000695	0.1114948	0.1135469	0.0830527	0.0881813	0.093423	0.0916877	0.0687285	0.0840046	0.0764679	0.0990401	0.0843742	0.0854701	0.0698144	0.0674956	0.0845481	0.0844216	0.0761079	0.0709988	0.0794595	0.0990845	0.089667	0.06728	0.0599755	0.0845547	0.071554	0.0996659	0.1167589	0.1201031	0.1095782	0.1281683	0.1491379	0.1265365	0.1437559	0.138953	0.1329675	0.1456401	0.1489518	0.1423761	0.1389943	0.1437838	0.1453856	
Bare-faced Ibis	0.0767327	0.0774789	0.062167	0.0676342	0.0671423	0.0640689	0.07123	0.0863345	0.0837549	0.0555556	0.0667483	0.068012	0.0826196	0.0727377	0.0736479	0.0578061	0.0658813	0.060158	0.0632479	0.0524617	0.0609828	0.0629738	0.068097	0.0573218	0.0619735	0.0513514	0.0689284	0.059778	0.0649799	0.0471236	0.0614431	0.071115	0.0690423	0.0895823	0.093299	0.0772566	0.0961263	0.0968391	0.0983369	0.0943693	0.08699	0.0806247	0.0918367	0.0901067	0.0981241	0.0740038	0.0848649	0.0919722	
Plumbeous Ibis	0.0	0.0015	0.0015	5.476E-4	0.0	0.0	6.949E-4	4.933E-4	0.0011242	0.0	0.0	3.737E-4	0.0015113	0.0011455	0.0011507	0.002731	4.363E-4	7.647E-4	0.0011396	0.0020178	0.0023683	0.0011662	9.328E-4	9.634E-4	0.0012034	0.0021622	0.001077	0.0021349	0.0023002	0.001224	0.0022548	8.78E-4	0.0011136	0.0020131	5.155E-4	3.942E-4	0.0014347	2.874E-4	0.0018077	0.0012583	3.849E-4	0.0015	9.276E-4	0.0	4.81E-4	4.744E-4	0.0015	9.482E-4	
Buff-necked Ibis	0.0	0.0	0.0	0.0	0.0	0.0	0.0	0.0	0.0	0.0	0.0	0.0	0.0	0.0015	0.0	0.0	0.0	0.0	0.0	0.0	0.0	0.0	0.0	0.0	0.0	0.0	0.0	0.0	0.0	0.0	0.0	0.0	0.0	0.0	0.0	0.0	0.0	0.0	0.0	0.0	0.0	0.0	0.0	0.0	0.0	0.0	0.0	0.0	
Black-faced Ibis	6.188E-4	4.014E-4	0.0039964	0.0013691	0.0029375	0.0029974	0.0013899	0.0059201	0.0061832	0.0028058	0.0079608	0.0093423	0.0080605	0.0085911	0.009206	0.008193	0.0104712	0.005353	0.0091168	0.0088781	0.0035524	0.0093294	0.0093284	0.0086705	0.0060168	0.0048649	0.0096931	0.0106746	0.0040253	0.0067319	0.0107103	0.0079017	0.0072383	0.005536	0.0020619	0.0019708	0.001913	0.0011494	0.0018077	0.0018874	0.0015396	0.0012664	0.0013915	0.0014711	4.81E-4	4.744E-4	5.405E-4	0.0012642	
Theristicus sp.	0.0	0.0	0.0	0.0	0.0	0.0	0.0	0.0	0.0	5.612E-4	0.0	0.0	0.0	0.0	0.0	0.0	0.0	0.0	0.0	0.0	0.0	0.0	0.0	0.0	0.0	0.0	0.0	4.27E-4	0.0	0.0	0.0	0.0	0.0	0.0	0.0	0.0	0.0	0.0	0.0	0.0	0.0	0.0	0.0	0.0	0.0	0.0	0.0	0.0	
ibis sp.	0.0	0.0	0.0	0.0	0.0	0.0015	0.0	0.0	0.0	0.0	0.0	0.0	0.0	0.0	0.0	0.0	0.0	0.0	0.0	0.0	0.0	0.0	0.0	0.0	0.0	0.0	0.0	0.0	0.0	0.0	0.0	0.0	0.0	5.033E-4	0.0	0.0	0.0	0.0	0.0	0.0	3.849E-4	0.0	0.0	0.0	0.0	0.0	0.0	0.0015	
Roseate Spoonbill	0.0618812	0.073063	0.0563943	0.0553122	0.0700797	0.0569502	0.0507297	0.0666009	0.0663294	0.0420875	0.056338	0.063154	0.061461	0.0378007	0.0322209	0.0309513	0.0200698	0.0229416	0.0159544	0.0129136	0.0136175	0.0029155	0.0172575	0.0178227	0.0120337	0.0124324	0.0123856	0.0179334	0.0086256	0.0073439	0.0152198	0.0127305	0.0167038	0.0231505	0.0278351	0.0244383	0.0420851	0.0554598	0.0459147	0.0619692	0.0785219	0.0755593	0.0797774	0.070982	0.0721501	0.0607211	0.0637838	0.0553097	
Rufescent Tiger-Heron	0.0111386	0.0116419	0.0150977	0.0161555	0.0167856	0.0183589	0.0218902	0.0226936	0.0275436	0.0185185	0.0214329	0.0205531	0.0256927	0.0263459	0.0316456	0.030041	0.0257417	0.0310986	0.034188	0.0326877	0.0367081	0.0373178	0.0326493	0.0419075	0.0379061	0.0383784	0.0446957	0.0414176	0.0368028	0.0458996	0.0411499	0.0390694	0.0306236	0.0342224	0.0427835	0.0248325	0.0363462	0.0293103	0.0281996	0.0223341	0.0200154	0.0147742	0.0231911	0.0191247	0.017797	0.0151803	0.0232432	0.0186473	
Pinnated Bittern	0.0	0.0	4.44E-4	0.0	0.0	0.0	0.0	0.0	0.0	0.0	6.124E-4	0.0	0.0	0.0	0.0	0.0	0.0	0.0	0.0	0.0	0.0	5.831E-4	0.0	0.0	0.0	0.0	0.0	0.0	0.0015	0.0	5.637E-4	0.0	0.0	0.0	0.0	0.0	0.0	0.0	0.0	0.0040893	0.0	0.0	0.0	0.0	0.0	0.0	0.0	0.0	
Stripe-backed Bittern	0.0058787	0.0080289	0.0057726	0.0052026	0.0079731	0.0048707	0.0034746	0.0093735	0.0106802	0.0039282	0.0030618	0.004858	0.0030227	0.0011455	0.0011507	0.0013655	0.0021815	0.0015294	0.002849	4.036E-4	0.0023683	0.0034985	0.0018657	0.0024085	0.0024067	0.0037838	0.001077	0.0042699	0.0011501	0.001224	0.0135287	0.0087796	0.0044543	0.0060393	0.0036082	0.0043358	0.0052606	0.0045977	0.0057845	0.0110098	0.0115473	0.0135078	0.0092764	0.0055167	0.011544	0.0075901	0.0054054	0.0079014	
Black-crowned Night Heron	0.0662129	0.0614211	0.0612789	0.0514786	0.0562316	0.0449607	0.0528145	0.0513074	0.0567735	0.0465769	0.0465401	0.038864	0.0377834	0.0286369	0.0373993	0.030041	0.0235602	0.0293143	0.0245014	0.0238095	0.0296033	0.0279883	0.0275187	0.02842	0.0318893	0.027027	0.0231556	0.0209223	0.0253019	0.0244798	0.0253664	0.0215101	0.0261693	0.0372421	0.0494845	0.0405991	0.0549976	0.0640805	0.0621837	0.0648003	0.0681293	0.0688054	0.0765306	0.0680397	0.0731121	0.0711575	0.0610811	0.0603666	
Whistling Heron	0.105198	0.10277	0.089254	0.0977547	0.1112044	0.0843012	0.0639333	0.0922546	0.0826307	0.0611672	0.0814452	0.0784753	0.0700252	0.0704467	0.0782509	0.0737369	0.0890052	0.087688	0.0786325	0.071025	0.0740083	0.0857143	0.0909515	0.0814066	0.0746089	0.0983784	0.1060851	0.1007686	0.0822312	0.0746634	0.102593	0.0935031	0.1018931	0.1122295	0.1041237	0.1048482	0.1205165	0.1318966	0.1131598	0.1201636	0.1177829	0.1224145	0.1377551	0.1320338	0.1063011	0.101518	0.1162162	0.1125158	
Little Blue Heron	0.0	0.0	0.0	0.0	0.0	0.0	0.0	0.0	0.0	0.0011223	6.124E-4	0.0	0.0	0.0	0.0	0.0	4.363E-4	5.098E-4	0.0	4.036E-4	5.921E-4	0.0	0.0	0.0	0.0012034	0.0	0.0	4.27E-4	5.75E-4	0.0	0.0	0.0015	0.0055679	0.0035229	5.155E-4	0.0011825	0.001913	0.0014368	7.231E-4	0.0	0.0015	0.0	0.0	0.0	0.0	0.0	0.0	0.0	
Snowy Egret	0.146349	0.1348856	0.1363233	0.135816	0.1502308	0.1281379	0.1296039	0.152442	0.1691962	0.1346801	0.1469688	0.156577	0.1647355	0.1426117	0.1513234	0.1319982	0.1335079	0.1170023	0.1139601	0.1004843	0.1089402	0.1055394	0.0998134	0.1098266	0.1149218	0.1037838	0.1238557	0.1054654	0.0960322	0.0985312	0.1155581	0.1084284	0.1224944	0.1142426	0.1082474	0.1107607	0.1530368	0.1721264	0.1446132	0.1770997	0.1755196	0.1747573	0.1934137	0.1776388	0.1813372	0.1669829	0.1745946	0.1668774	
Striated Heron	0.0448639	0.0457648	0.0417407	0.038609	0.040705	0.0314725	0.0246699	0.0325604	0.0258572	0.0157127	0.0208206	0.0235426	0.0196474	0.0063001	0.0069045	0.002731	0.0061082	0.0030589	0.0017094	0.0012107	0.0041445	0.0034985	4.664E-4	9.634E-4	0.0012034	5.405E-4	0.002154	0.0017079	0.0023002	0.001836	0.0016911	0.0013169	0.0011136	0.0030196	0.0041237	0.011825	0.011956	0.0264368	0.0328995	0.0364895	0.0561971	0.0439004	0.0496289	0.0559029	0.0586821	0.050759	0.0545946	0.0477244	
Western Cattle-Egret	0.0485767	0.0545965	0.0368561	0.0498357	0.0469996	0.0295991	0.033009	0.0384805	0.0320405	0.0252525	0.0300061	0.0284006	0.0261965	0.0114548	0.0143843	0.0059172	0.0104712	0.0094316	0.008547	0.0084746	0.0065127	0.0104956	0.011194	0.0134875	0.0120337	0.0167568	0.0113086	0.0093937	0.0092007	0.0073439	0.0062007	0.0092186	0.0089087	0.0065425	0.0072165	0.007095	0.0157819	0.0261494	0.016269	0.0380623	0.0411855	0.0455889	0.0612245	0.0500184	0.049543	0.0351044	0.0448649	0.0540455	
Western/Eastern Cattle-Egret	0.0	0.0	0.0	0.0	0.0	0.0	0.0	0.0015	0.0	0.0	0.0	0.0	0.0	0.0	0.0	0.0	0.0	0.0	0.0	0.0	0.0	0.0	0.0	0.0	0.0	0.0	0.0	0.0	0.0	0.0	0.0	0.0	0.0	0.0	0.0	0.0	0.0	0.0	0.0	0.0	0.0	4.221E-4	0.0	3.678E-4	0.0	0.0	0.0	0.0	
Great Egret	0.1256188	0.120835	0.1256661	0.114184	0.1296685	0.112027	0.1129256	0.1188949	0.1382799	0.1099888	0.1132884	0.1367713	0.1365239	0.1076747	0.1237054	0.1224397	0.1387435	0.1213357	0.1282051	0.1251009	0.1255181	0.1189504	0.1231343	0.1324663	0.1444043	0.147027	0.1427033	0.14731	0.1299597	0.1321909	0.1465614	0.1347673	0.1353007	0.1389029	0.1448454	0.1355932	0.1678623	0.1729885	0.1597975	0.1632589	0.1789838	0.1570283	0.190167	0.1724899	0.1645022	0.1389943	0.1481081	0.1438053	
Cocoi Heron	0.0959158	0.1051786	0.1012433	0.0993976	0.0981956	0.0962907	0.0896456	0.1050814	0.1141091	0.1066218	0.1016534	0.1068759	0.1168766	0.1076747	0.1202532	0.1147019	0.1212914	0.1126689	0.1236467	0.1234867	0.1296625	0.1294461	0.1385261	0.1363198	0.1419976	0.1237838	0.1308562	0.1391973	0.119609	0.1162791	0.1161218	0.1079895	0.0985523	0.1026673	0.1134021	0.1001182	0.1171688	0.1178161	0.1037599	0.1217364	0.134719	0.1139721	0.1391466	0.1496874	0.1260221	0.1252372	0.1275676	0.1213654	
heron sp.	0.0	0.0	0.0	0.0	0.0	3.747E-4	3.475E-4	4.933E-4	0.0	0.0	0.0	0.0	0.0	0.0	0.0	0.0	0.0	0.0	0.0	0.0	0.0	0.0	0.0	0.0	0.0	0.0	0.0	0.0	0.0	0.0	0.0	0.0	0.0	0.0	0.0	0.0	0.0	0.0	0.0	0.0	0.0	0.0	0.0	0.0	0.0	0.0	0.0	0.0	
white egret sp.	0.0	0.0	0.0	0.0	0.0	0.0	0.0015	0.0	0.0	0.0	0.0	0.0	0.0	0.0	0.0	0.0	0.0	0.0	0.0	0.0	0.0	0.0	0.0	0.0	0.0	0.0	0.0	0.0	0.0	0.0	0.0	0.0	0.0	0.0	0.0	0.0	0.0	0.0	0.0	0.0	3.849E-4	0.0	0.0	0.0	0.0	0.0	0.0	0.0	
Black Vulture	0.0123762	0.0080289	0.009325	0.0071194	0.0029375	0.0063694	0.0048645	0.0049334	0.0084317	0.0084175	0.0042866	0.0063528	0.0055416	0.0045819	0.0080552	0.0063723	0.0056719	0.0076472	0.0034188	0.0060533	0.0071048	0.0052478	0.0069963	0.0057803	0.0048135	0.0113514	0.0080775	0.0072588	0.0097757	0.004896	0.0107103	0.0087796	0.0100223	0.0130851	0.0108247	0.01419	0.0205643	0.0149425	0.0151844	0.012268	0.0127021	0.0147742	0.0171614	0.0147113	0.012987	0.0118596	0.0140541	0.0082174	
Turkey Vulture	0.0123762	0.0084303	0.0066607	0.0095838	0.0071339	0.0082428	0.0072967	0.0078934	0.0095559	0.0084175	0.0055113	0.0071001	0.0075567	0.0074456	0.0051784	0.0013655	0.0	0.0010196	0.0	0.0	0.0	0.0015	0.0	4.817E-4	0.0	5.405E-4	0.0	4.27E-4	0.0	0.001224	0.0011274	4.39E-4	0.0	0.0020131	0.0036082	0.0059125	0.0086083	0.0060345	0.0115691	0.0062913	0.0146266	0.0139299	0.0166976	0.0198602	0.017797	0.0151803	0.0162162	0.0091656	
Lesser Yellow-headed Vulture	3.094E-4	0.0015	4.44E-4	0.0015	4.196E-4	3.747E-4	0.0	4.933E-4	5.621E-4	0.0011223	0.0	0.0	0.0	0.0	0.0011507	0.0	0.0	0.0	0.0	0.0	0.0	0.0	0.0	0.0	0.0	0.0	0.0	0.0	0.0	0.0	0.0	0.0	0.0	0.0	0.0015	0.0	0.0	2.874E-4	0.0	0.0	0.0	0.0	4.638E-4	3.678E-4	0.0	4.744E-4	0.0010811	6.321E-4	
Cathartes sp.	0.0	0.0	0.0	0.0	0.0	0.0	0.0	0.0	0.0	0.0	0.0	0.0	0.0	0.0	0.0	0.0	0.0	0.0	0.0	0.0	0.0	0.0	0.0	0.0	0.0	0.0	0.0	0.0	0.0	0.0	0.0	0.0	0.0	0.0	0.0	0.0	0.0	0.0	0.0	3.146E-4	0.0	0.0	0.0013915	0.0	0.0	0.0	0.0	3.161E-4	
Osprey	3.094E-4	4.014E-4	0.0	5.476E-4	0.0015	0.0	0.0015	4.933E-4	0.0	0.0015	0.0	0.0	0.0	0.0	5.754E-4	0.0	0.0	0.0	0.0	4.036E-4	0.0	0.0	0.0	0.0	0.0	0.0	5.385E-4	0.0	0.0	0.0	0.0	0.0	0.0	0.0	0.0	0.0	0.0	2.874E-4	0.0	0.0	0.0	0.0	0.0015	0.0	0.0015	0.0018975	0.0037838	3.161E-4	
White-tailed Kite	0.0253713	0.0236853	0.0261989	0.0254655	0.0239194	0.019483	0.0170257	0.0202269	0.0213603	0.0162738	0.0195958	0.0179372	0.0231738	0.0177549	0.0299194	0.0259445	0.0410122	0.0354321	0.0324786	0.0371267	0.0367081	0.038484	0.0401119	0.0467245	0.0481348	0.052973	0.0511578	0.0431255	0.0379528	0.0330477	0.0507328	0.0351185	0.032294	0.0362355	0.035567	0.0358691	0.0430416	0.0454023	0.0350687	0.0330293	0.0280985	0.0367244	0.0463822	0.0400883	0.027417	0.022296	0.027027	0.0252845	
Swallow-tailed Kite	0.0	0.0015	0.0	2.738E-4	0.0	0.0	0.0	0.0	0.0	0.0	0.0	0.0	0.0	0.0015	0.0	0.0	0.0	0.0	0.0	0.0	0.0	0.0	0.0	0.0	0.0	0.0	0.0	0.0	0.0	0.0	0.0	0.0	0.0	0.0	0.0	0.0	0.0	0.0	0.0	0.0015	7.698E-4	0.0015	9.276E-4	3.678E-4	0.0	4.744E-4	5.405E-4	0.0	
Sharp-shinned Hawk	0.0034035	0.0028101	8.881E-4	0.0016429	0.0016786	0.002248	0.0010424	0.00296	0.0033727	0.0022447	0.0042866	0.0026158	0.0040302	0.0011455	0.0017261	0.0036413	0.0030541	0.0025491	0.002849	0.0012107	0.0017762	0.0040816	0.0046642	0.0033719	0.0024067	0.0037838	0.001077	0.0042699	0.0017251	0.004284	0.0016911	0.0021949	0.0016704	0.0010065	0.0030928	0.0027592	0.001913	0.0043103	0.0039769	0.007235	0.0061586	0.003377	0.0060297	0.0025745	0.001443	0.0018975	0.0010811	9.482E-4	
Bicolored Hawk	0.0	0.0	0.0	5.476E-4	8.393E-4	3.747E-4	0.0	0.0	0.0	0.0	0.0	3.737E-4	0.0	0.0	0.0	0.0	4.363E-4	0.0	0.0	0.0	0.0	0.0	0.0015	0.0	0.0	0.0	0.0	0.0	0.0	0.0	0.0	0.0	5.568E-4	0.0	0.0	0.0	0.0	0.0	7.231E-4	0.0	3.849E-4	0.0	0.0	0.0	0.0	0.0	0.0	0.0	
Long-winged Harrier	0.0631188	0.0590124	0.0577265	0.0451807	0.0461603	0.0314725	0.0319666	0.0345338	0.0387858	0.0263749	0.0324556	0.0332586	0.0367758	0.0292096	0.0362486	0.0350478	0.0501745	0.0423146	0.0495726	0.0367232	0.044405	0.058309	0.0592351	0.0467245	0.045728	0.0654054	0.0700054	0.0636208	0.0626797	0.0654835	0.0682074	0.0671642	0.0684855	0.0679416	0.0860825	0.0705558	0.083692	0.0747126	0.0697758	0.0912237	0.0785219	0.0768257	0.0862709	0.0915778	0.0697451	0.06926	0.0610811	0.0657396	
Cinereous Harrier	0.0108292	0.0112405	0.0124334	0.0142388	0.0109106	0.0059948	0.0048645	0.0078934	0.0033727	0.0050505	0.0055113	0.0056054	0.0085642	0.0028637	0.0057537	0.0036413	0.008726	0.0104512	0.0079772	0.0112994	0.008881	0.0151603	0.0107276	0.0086705	0.009627	0.0091892	0.0140011	0.0081127	0.0063255	0.0140759	0.0078918	0.0114135	0.0111359	0.0125818	0.0087629	0.0110367	0.0143472	0.0152299	0.0119306	0.0201321	0.0196305	0.0189954	0.0199443	0.0198602	0.02405	0.0203985	0.0183784	0.0107459	
harrier sp.	6.188E-4	0.0	0.0	0.0	0.0	0.0	0.0	0.0	0.0	0.0	0.0	0.0	0.0	0.0	0.0	0.0	0.0	0.0	0.0	0.0	5.921E-4	0.0	9.328E-4	0.0	0.0	0.0	0.0	0.0	0.0	0.0	0.0	4.39E-4	0.0	0.0	5.155E-4	0.0	0.0	2.874E-4	0.0015	3.146E-4	0.0	0.0	0.0	0.0	0.0	0.0	0.0	0.0	
Mississippi Kite	0.0	0.0	0.0	0.0	0.0	0.0	0.0	0.0	0.0	0.0	0.0	0.0	0.0	0.0	0.0	0.0	0.0	0.0	0.0	0.0	0.0	0.0	0.0	0.0	0.0	0.0	0.0	0.0	0.0	0.0	0.0	0.0	0.0	0.0	0.0	0.0	0.0	0.0	0.0	0.0	0.0	0.0	0.0	0.0	0.0	0.0	0.0	0.0015	
Plumbeous Kite	0.0	0.0	4.44E-4	0.0	0.0	0.0	0.0	0.0	0.0	0.0	0.0	0.0	0.0	0.0	0.0	0.0	0.0	0.0	0.0	0.0	0.0	0.0	0.0	0.0	0.0	0.0	0.0	0.0	0.0	0.0	0.0	0.0	0.0	0.0	0.0	0.0	0.0	0.0	0.0	0.0	3.849E-4	0.0	0.0	0.0015	0.0	0.0	0.0	0.0	
Crane Hawk	0.0	4.014E-4	0.0	2.738E-4	0.0	0.0	0.0	0.0	0.0	0.0	6.124E-4	0.0	0.0	0.0	0.0	0.0	0.0	2.549E-4	0.0	0.0	0.0	0.0	0.0	4.817E-4	0.0	0.0	0.0	0.0	0.0	0.0	0.0	0.0	0.0	0.0	0.0	0.0	0.0	0.0	0.0	0.0015	0.0	0.0	0.0	0.0	0.0	0.0	0.0	9.482E-4	
Black-collared Hawk	3.094E-4	4.014E-4	0.0015	0.0010953	8.393E-4	3.747E-4	6.949E-4	4.933E-4	0.0	0.0	0.0	0.0	5.038E-4	0.0	5.754E-4	0.0013655	4.363E-4	0.0	0.0017094	4.036E-4	0.0	0.0015	0.0	0.0015	0.0015	0.0021622	0.001077	4.27E-4	5.75E-4	6.12E-4	0.0011274	8.78E-4	5.568E-4	0.0	5.155E-4	0.0	4.782E-4	2.874E-4	3.615E-4	0.0	0.0	4.221E-4	0.0013915	0.0	0.0	0.0	0.0	0.0	
Snail Kite	0.0454827	0.0453633	0.053286	0.0470975	0.0545531	0.0329712	0.0264072	0.0350271	0.0252951	0.0213244	0.0208206	0.0235426	0.0156171	0.010882	0.0207135	0.0172963	0.0139616	0.0145297	0.011396	0.0112994	0.0153937	0.0163265	0.0102612	0.0163776	0.0174489	0.0183784	0.0204631	0.0187874	0.0189764	0.0220318	0.0326945	0.0210711	0.0328508	0.0392552	0.0546392	0.0469058	0.05978	0.0632184	0.0477223	0.080843	0.0754426	0.0945547	0.093692	0.0893711	0.0798461	0.0592979	0.0751351	0.0527813	
Savanna Hawk	3.094E-4	0.0012043	8.881E-4	0.0015	4.196E-4	3.747E-4	3.475E-4	4.933E-4	0.0011242	5.612E-4	0.0015	3.737E-4	0.0	0.0015	5.754E-4	9.103E-4	4.363E-4	2.549E-4	0.0	0.0	0.0015	5.831E-4	0.0015	0.0	0.0015	0.0	0.0016155	0.0015	5.75E-4	0.0	0.0011274	0.0030729	0.0016704	0.0010065	5.155E-4	0.0	0.001913	0.0	0.0	6.291E-4	0.0015396	4.221E-4	0.0018553	3.678E-4	0.001924	9.488E-4	5.405E-4	3.161E-4	
Great Black Hawk	0.0	4.014E-4	0.0	5.476E-4	0.0	0.001124	3.475E-4	0.0	5.621E-4	0.0015	6.124E-4	0.0	5.038E-4	0.0	5.754E-4	0.0013655	0.0	2.549E-4	5.698E-4	0.0	0.0015	0.0015	0.0015	9.634E-4	6.017E-4	5.405E-4	0.0015	8.54E-4	5.75E-4	0.002448	5.637E-4	8.78E-4	0.0016704	0.0010065	0.0	0.0015	4.782E-4	0.0	7.231E-4	9.437E-4	0.0	8.442E-4	0.0	7.356E-4	0.0015	0.0	0.0010811	3.161E-4	
Chaco Eagle	0.0015	0.0	0.0	0.0	0.0	0.0	0.0	0.0	0.0	0.0	0.0	0.0	0.0	0.0	0.0	0.0	0.0	0.0	0.0	0.0	0.0	0.0	0.0015	0.0	0.0	0.0	0.0	0.0	0.0	0.0	0.0	0.0	0.0	0.0	0.0	0.0	0.0	0.0	0.0	3.146E-4	0.0	0.0	0.0	0.0	0.0	0.0	0.0	0.0	
Buteogallus sp.	0.0	0.0	0.0	0.0	0.0	0.0	0.0	0.0	0.0	0.0	0.0	0.0	0.0	0.0	0.0	0.0	0.0	0.0	0.0	0.0	0.0	0.0	0.0	0.0	0.0	0.0	0.0	0.0	0.0	0.0	0.0	0.0	0.0	0.0	0.0	0.0	0.0	0.0	3.615E-4	0.0	0.0	0.0	0.0	0.0	0.0	0.0	0.0	0.0	
Roadside Hawk	0.1321163	0.1324769	0.1238899	0.1248631	0.1430969	0.113151	0.1164003	0.1401085	0.1500843	0.1358025	0.1530925	0.1726457	0.1576826	0.1580756	0.1881473	0.1602185	0.1924084	0.1970431	0.188604	0.1884584	0.2036708	0.1860058	0.2070896	0.1873796	0.1895307	0.2081081	0.2057081	0.1985482	0.2041403	0.1884945	0.1944758	0.1887621	0.1731626	0.2033216	0.2041237	0.1903823	0.1922525	0.1859195	0.1659436	0.1585404	0.1466513	0.1401435	0.1525974	0.1518941	0.1399711	0.1257116	0.1156757	0.1368521	
Harris's Hawk	0.1042698	0.1075873	0.1101243	0.1152793	0.1351238	0.1232671	0.1369006	0.1386285	0.1467116	0.1430976	0.1561543	0.1472347	0.1496222	0.172394	0.1852704	0.1816113	0.1561955	0.180729	0.2045584	0.1803874	0.2001184	0.1766764	0.1805037	0.183526	0.179302	0.1659459	0.175552	0.1716482	0.1811386	0.1799266	0.1634724	0.1694469	0.1247216	0.1529945	0.1505155	0.1434765	0.1401243	0.1186782	0.131598	0.1122995	0.0981524	0.1017307	0.0974026	0.0952556	0.0841751	0.0868121	0.0783784	0.1046144	
White-tailed Hawk	0.0024752	0.0052188	0.0031083	0.0065717	0.0058749	0.0048707	0.0086866	0.0074001	0.0039348	0.0072952	0.0079608	0.0093423	0.0080605	0.0045819	0.0069045	0.008193	0.0026178	0.0045883	0.0039886	0.0028249	0.0029603	0.0011662	0.0015	0.0028902	0.0012034	0.0016216	0.001077	4.27E-4	0.0023002	6.12E-4	5.637E-4	0.0030729	0.0022272	0.0030196	0.0020619	0.0019708	9.565E-4	0.0014368	0.0014461	6.291E-4	0.0015396	0.0021106	0.0037106	0.00331	0.001924	0.0015	0.0037838	0.0050569	
Variable Hawk	9.282E-4	8.029E-4	0.0017762	0.0019168	0.0033571	0.0018734	6.949E-4	0.00148	0.0022485	0.0011223	0.0018371	0.0022422	0.0060453	0.0034364	0.0028769	0.0072827	0.004363	0.0035687	0.0051282	0.003632	0.0065127	0.0040816	0.0083955	0.0052987	0.0054152	0.0064865	0.005385	0.0034159	0.0051754	0.004896	0.0039459	0.0043898	0.0044543	0.0015098	5.155E-4	0.0019708	0.0043042	0.0017241	0.0018077	0.0015728	0.0026944	0.0029548	9.276E-4	0.0022067	0.001924	0.0023719	0.0032432	0.0012642	
Black-chested Buzzard-Eagle	0.001547	0.0052188	0.0062167	0.0032859	0.0054553	0.0029974	0.0031272	0.0049334	0.0033727	0.0028058	0.0024495	0.0041106	0.0035264	0.0051546	0.0040276	0.0068275	0.0065445	0.005608	0.0045584	0.0072639	5.921E-4	0.0017493	0.0027985	0.0019268	0.0012034	0.0010811	0.0059235	0.0034159	0.0040253	0.002448	0.0050733	0.0017559	0.0038976	0.0040262	0.0015464	0.0043358	0.0043042	0.0037356	0.0036153	0.0028311	0.0030793	0.0025327	0.0041744	0.0062523	0.002405	0.0033207	0.0037838	0.0018963	
Geranoaetus sp.	0.0	0.0	0.0	0.0	0.0	0.0	0.0	0.0	0.0	0.0	0.0	0.0	0.0	0.0	0.0	0.0	0.0	0.0	0.0	0.0	0.0	0.0	0.0	0.0	0.0	0.0	0.0	0.0	0.0	0.0	0.0	0.0	0.0	0.0	0.0	0.0	0.0	0.0	0.0	0.0	0.0	0.0	0.0	0.0	0.0	0.0	0.0	0.0015	
Broad-winged Hawk	0.0	0.0	0.0	0.0	0.0	0.0	0.0	0.0	0.0	0.0	0.0	0.0	0.0	0.0	0.0	0.0	0.0	0.0	0.0	0.0	0.0	0.0	0.0	0.0	0.0	0.0	0.0	0.0	0.0	0.0	0.0	0.0	0.0	0.0	0.0	0.0	0.0	0.0	0.0	0.0	0.0	0.0	0.0	0.0	4.81E-4	4.744E-4	0.0	0.0	
White-throated Hawk	0.0	0.0	0.0	0.0	0.0	0.0	0.0	0.0	0.0	0.0	0.0	0.0	0.0	0.0	0.0015	0.0	0.0	0.0	0.0	0.0	0.0	0.0	0.0	0.0	0.0	0.0	0.0	0.0	0.0	0.0	0.0	0.0	0.0	0.0	0.0	0.0	0.0	0.0	0.0	0.0	0.0	0.0	0.0	0.0	0.0	0.0	0.0	0.0	
Short-tailed Hawk	0.0	0.0	0.0	0.0	0.0	0.0	0.0	0.0	0.0	0.0	0.0	0.0	0.0	0.0	0.0	0.0	0.0	0.0	0.0	0.0	0.0	0.0	0.0	0.0	0.0	0.0	0.0	0.0	0.0	0.0	0.0	0.0	0.0	0.0	0.0015	0.0	0.0	0.0	0.0	0.0	0.0	0.0	0.0	0.0	0.0	0.0	0.0	0.0	
Swainson's Hawk	0.0136139	0.0140506	0.0142096	0.0156079	0.0142677	0.0142375	0.0072967	0.0069068	0.0044969	0.0028058	0.0030618	7.474E-4	0.0	0.0	0.0	0.0	0.0	0.0	0.0	0.0	0.0	0.0	0.0	0.0	0.0	0.0	0.0	0.0	0.0	0.0	0.0	0.0	0.0	5.033E-4	0.0	0.0	0.0	5.747E-4	3.615E-4	6.291E-4	0.0015396	0.0122415	0.0231911	0.0246414	0.015392	0.0232448	0.0189189	0.0145386	
Buteo sp.	0.0	0.0	0.0	0.0	4.196E-4	0.0	0.0	0.0	0.0	0.0	0.0	0.0	0.0	0.0	0.0	0.0	0.0	0.0	0.0	0.0	0.0	0.0	0.0	0.0	0.0	0.0	0.0	0.0	0.0	0.0	0.0	0.0	0.0	0.0	0.0	0.0	0.0	0.0	0.0	0.0	0.0	0.0	4.638E-4	0.0	0.0	0.0	0.0	0.0	
hawk sp.	0.0	0.0	0.0	0.0	0.0	0.0	0.0	0.0	0.0	0.0	0.0	0.0	0.0	0.0	0.0	0.0	0.0	0.0	0.0	0.0	0.0	5.831E-4	0.0	0.0	0.0	0.0	0.0	0.0	0.0	0.0	0.0	0.0015	0.0	0.0	0.0	0.0	0.0	0.0	0.0	0.0	0.0	0.0	0.0	0.0	0.0	0.0	0.0	0.0	
American Barn Owl	0.0139233	0.0076275	0.0075488	0.0082147	0.0121695	0.0127389	0.0069493	0.0118402	0.0123665	0.0095398	0.0097979	0.0104634	0.0110831	0.0040092	0.0063291	0.0059172	0.0113438	0.0127453	0.0108262	0.0092817	0.0065127	0.0093294	0.0051306	0.0091522	0.0072202	0.0075676	0.007539	0.0098207	0.0126509	0.0110159	0.0107103	0.0100966	0.0116927	0.0080523	0.0118557	0.0063067	0.0153037	0.0135057	0.010846	0.0135263	0.0080831	0.0092866	0.0120594	0.0147113	0.008177	0.0080645	0.0118919	0.0104298	
Tropical Screech-Owl	0.0123762	0.0092332	0.008881	0.007667	0.0121695	0.0127389	0.0121612	0.0143069	0.0129286	0.010101	0.0110227	0.0123318	0.0115869	0.0074456	0.0103567	0.010924	0.0104712	0.0091767	0.0131054	0.0064568	0.0082889	0.0081633	0.0093284	0.0081888	0.0072202	0.0048649	0.0059235	0.0076857	0.0126509	0.0079559	0.0078918	0.0100966	0.0089087	0.0090589	0.0123711	0.0059125	0.011956	0.0126437	0.0086768	0.0116389	0.008853	0.0130857	0.0125232	0.011769	0.008658	0.0085389	0.0064865	0.0116941	
Great Horned Owl	3.094E-4	4.014E-4	0.0	0.003012	8.393E-4	3.747E-4	0.0013899	0.00148	5.621E-4	5.612E-4	0.0012247	0.0014948	0.0015113	0.002291	0.0051784	0.0013655	0.0013089	0.0015294	0.0039886	0.0012107	0.0029603	0.0034985	0.0051306	0.0028902	0.0018051	0.0010811	5.385E-4	8.54E-4	0.0034503	0.00306	0.0016911	0.0057068	0.002784	0.0035229	0.0051546	0.00473	0.0047824	0.0037356	0.005423	9.437E-4	7.698E-4	0.0029548	9.276E-4	7.356E-4	0.002405	9.488E-4	0.0010811	0.0012642	
Ferruginous Pygmy-Owl	0.0024752	0.0024087	0.0079929	0.003012	0.0029375	0.0014987	0.0062543	0.0039467	0.0067454	0.0061728	0.0036742	0.004858	0.0065491	0.0040092	0.004603	0.0022758	0.004363	0.0045883	0.002849	0.0032284	0.0053286	0.0040816	0.005597	0.0067437	0.0060168	0.0059459	0.002154	0.0021349	0.0051754	0.003672	0.005637	0.0057068	0.0072383	0.0045294	0.007732	0.0078833	0.0052606	0.0066092	0.0068691	0.002202	0.0023095	0.0037991	0.005102	0.00331	0.005291	0.0056926	0.0037838	0.0037927	
Austral Pygmy-Owl	0.0	0.0	0.0	0.0	4.196E-4	3.747E-4	0.0	0.0	0.0	0.0015	0.0	0.0	0.0010076	0.0015	0.0	0.0	0.0	0.0	0.0	0.0	5.921E-4	0.0	0.0	0.0	0.0	0.0016216	0.0	0.0	0.0	0.0015	0.0	4.39E-4	5.568E-4	0.0	0.0	3.942E-4	0.0	0.0	0.0	6.291E-4	0.0	0.0	0.0	0.0	0.0	9.488E-4	0.0	0.0015	
Ferruginous/Austral Pygmy-Owl	3.094E-4	4.014E-4	0.0	8.215E-4	4.196E-4	0.001124	3.475E-4	0.00148	0.0	0.0	0.0015	0.0	0.0015	5.727E-4	0.0015	4.552E-4	8.726E-4	0.0012745	0.0	8.071E-4	0.0	0.0	0.0	0.0	0.0	0.0	0.0	0.0	5.75E-4	0.0015	5.637E-4	0.0	0.0	0.0010065	0.0015	0.0	0.0	2.874E-4	0.0	0.0	0.0	0.0	0.0	0.0	0.0	0.0	0.0	0.0	
Burrowing Owl	0.1246906	0.1095945	0.1087922	0.1089814	0.1086865	0.0962907	0.0913829	0.0927479	0.1006183	0.0796857	0.0851194	0.1001495	0.0947103	0.0956472	0.1052934	0.1101502	0.1317627	0.1231201	0.0900285	0.1033091	0.0935465	0.0851312	0.1147388	0.0809249	0.0926594	0.1054054	0.0872375	0.0815542	0.079356	0.0813953	0.0766629	0.0794557	0.0879733	0.0875692	0.0768041	0.0819866	0.1023434	0.116954	0.1073753	0.0962567	0.0969977	0.106374	0.1150278	0.1206326	0.1173641	0.1195446	0.1059459	0.1055626	
Striped Owl	0.0055693	0.0052188	0.0048845	0.0049288	0.0050357	0.0078681	0.0059069	0.00296	0.0044969	0.0028058	0.0018371	0.0059791	0.0050378	0.0028637	0.0040276	0.0045517	0.0061082	0.0063727	0.0045584	0.0056497	0.008881	0.0134111	0.0065299	0.0067437	0.0060168	0.0075676	0.008616	0.0093937	0.0057504	0.0073439	0.0062007	0.0065847	0.0089087	0.0130851	0.0072165	0.0134017	0.0062171	0.0094828	0.0101229	0.0103806	0.008853	0.0097087	0.0069573	0.005149	0.00481	0.0052182	0.0043243	0.0044248	
Short-eared Owl	0.0024752	0.0020072	8.881E-4	0.0010953	0.0033571	0.0037467	0.0017373	0.00296	0.0033727	0.0022447	0.0042866	0.0041106	0.0025189	0.002291	0.0017261	0.002731	0.0052356	0.0035687	0.002849	0.0044391	0.0023683	0.0052478	0.0060634	0.0024085	0.0036101	0.0059459	0.0080775	0.0076857	0.0109258	0.0067319	0.0090192	0.0065847	0.0105791	0.0080523	0.0087629	0.0082775	0.0095648	0.008046	0.0090383	0.007235	0.0050038	0.0042212	0.0069573	0.0047812	0.005291	0.0023719	0.0010811	0.0025284	
Asio sp.	0.0	0.0	0.0	0.0	0.0	0.0	0.0	0.0	0.0	0.0	0.0	0.0	0.0	0.0015	0.0	0.0	0.0	0.0	0.0	0.0	0.0	0.0	0.0	0.0	0.0	0.0	0.0	0.0	0.0	0.0	0.0	0.0	0.0	0.0	0.0	0.0	0.0	0.0	0.0	0.0	0.0	0.0	0.0	0.0	0.0	0.0	0.0	0.0	
Ringed Kingfisher	0.0232054	0.025291	0.0293073	0.0265608	0.0310533	0.0292244	0.0215427	0.0300937	0.034851	0.0252525	0.0189835	0.0272795	0.0221662	0.032646	0.0264672	0.0286755	0.0431937	0.0323732	0.0324786	0.0318805	0.0390764	0.0291545	0.0382463	0.0303468	0.032491	0.0437838	0.0323102	0.0333049	0.0379528	0.0312118	0.0338219	0.0324846	0.0267261	0.0317061	0.0371134	0.0350808	0.0368245	0.0324713	0.0296457	0.0229632	0.0311778	0.0215281	0.0296846	0.0305259	0.027898	0.0317837	0.0318919	0.0233881	
Amazon Kingfisher	0.0021658	0.0044159	0.0057726	0.0024644	0.0058749	0.0041214	0.0027797	0.0039467	0.0033727	0.0050505	0.0061237	0.0082212	0.0060453	0.0057274	0.0074799	0.0072827	0.0078534	0.0112159	0.008547	0.0064568	0.0082889	0.0099125	0.0102612	0.0052987	0.0048135	0.0064865	0.006462	0.0064048	0.0069005	0.004896	0.0067644	0.0061457	0.0038976	0.0050327	0.006701	0.0063067	0.0062171	0.0068966	0.0068691	0.0031456	0.0050038	0.0059097	0.0055659	0.0029423	0.003848	0.0042694	0.0027027	0.0053729	
Green Kingfisher	0.0188738	0.0192694	0.0204263	0.0186199	0.0205623	0.0198576	0.0180681	0.021707	0.0236088	0.023569	0.0189835	0.0216741	0.02267	0.0257732	0.043153	0.0254893	0.0270506	0.0262554	0.0358974	0.0302663	0.0307874	0.0279883	0.0223881	0.0289017	0.0186522	0.027027	0.0236941	0.028608	0.027027	0.0244798	0.0281849	0.0263389	0.0217149	0.0221439	0.0278351	0.0193142	0.0263032	0.0229885	0.0238612	0.0188739	0.0204003	0.0151963	0.0194805	0.0224347	0.022607	0.0256167	0.0210811	0.0167509	
Toco Toucan	0.0	0.0	0.0	0.0	0.0	0.0	0.0	0.0	0.0	0.0	0.0	0.0	0.0	0.0	0.0	0.0	0.0	2.549E-4	0.0	0.0	0.0	0.0	0.0	0.0	0.0	0.0	0.0	0.0	0.0	0.0	0.0	0.0	0.0	0.0	0.0	0.0	0.0	0.0	0.0	0.0	0.0	0.0	0.0	0.0	0.0	0.0	0.0	0.0	
White-barred Piculet	0.0037129	0.0052188	0.0071048	0.0082147	0.0075535	0.0104908	0.0083391	0.0059201	0.0073075	0.0106622	0.0128598	0.0085949	0.009068	0.0103093	0.0126582	0.0104688	0.0056719	0.0066276	0.0079772	0.011703	0.0153937	0.0081633	0.0149254	0.0240848	0.0198556	0.0167568	0.0177706	0.0170794	0.0189764	0.0079559	0.0067644	0.0171203	0.0089087	0.0085556	0.0041237	0.0078833	0.0086083	0.0086207	0.0079537	0.0062913	0.0092379	0.0059097	0.0046382	0.008459	0.006253	0.0047438	0.0054054	0.0060051	
White Woodpecker	0.0024752	0.0048173	0.0084369	0.0054765	0.0058749	0.0056201	0.0086866	0.0054267	0.0168634	0.0061728	0.0073484	0.0074738	0.0075567	0.0074456	0.0115075	0.008193	0.0095986	0.0114708	0.0102564	0.0064568	0.0106572	0.012828	0.0130597	0.0115607	0.0084236	0.0054054	0.0070005	0.0076857	0.0161012	0.0116279	0.005637	0.0118525	0.0150334	0.0135883	0.0061856	0.0110367	0.013869	0.0114943	0.0133767	0.0091224	0.0092379	0.0109751	0.0060297	0.0047812	0.004329	0.0047438	0.0054054	0.0053729	
White-fronted Woodpecker	3.094E-4	0.0	0.0	2.738E-4	0.0015	7.493E-4	3.475E-4	0.0	0.0	0.0	0.0	0.0	0.0	0.0	0.0	0.0	0.0	5.098E-4	0.0	0.0015	0.0	0.0	4.664E-4	0.0	6.017E-4	0.0	0.0016155	0.0	0.0	0.0	0.0015	0.0	0.0	0.0015	5.155E-4	3.942E-4	4.782E-4	2.874E-4	3.615E-4	6.291E-4	3.849E-4	4.221E-4	4.638E-4	0.0	0.0	0.0	0.0	0.0015	
Checkered Woodpecker	0.0482673	0.0469691	0.0470693	0.036966	0.0444817	0.0475834	0.0482974	0.0518007	0.0629567	0.0617284	0.0538885	0.0478326	0.0453401	0.0544101	0.0736479	0.0527993	0.0484293	0.0497069	0.0769231	0.0694108	0.0663114	0.0728863	0.0867537	0.0910405	0.0776173	0.0713514	0.0683899	0.0708796	0.0851064	0.0673195	0.0648253	0.0763828	0.0495546	0.0624056	0.0762887	0.0705558	0.0631277	0.0494253	0.0643529	0.0506449	0.051963	0.0476995	0.0630798	0.0628908	0.0514671	0.0502846	0.06	0.0591024	
Cream-backed Woodpecker	0.0	0.0	0.0	0.0	0.0	0.0	0.0	0.0	0.0	0.0	0.0	0.0	0.0	0.0	0.0	0.0	0.0	0.0	0.0	0.0	0.0	0.0	0.0	0.0015	0.0	0.0	0.0	0.0	0.0	0.0	0.0	0.0	0.0	5.033E-4	0.0	0.0	0.0	0.0	0.0	0.0	0.0	0.0	0.0	0.0	0.0	0.0	0.0	0.0	
Green-barred Woodpecker	0.2274134	0.2167804	0.2335702	0.1768894	0.2039446	0.1858374	0.1924948	0.1795757	0.1871838	0.1689113	0.1812615	0.195441	0.1929471	0.1912944	0.2295742	0.2084661	0.210733	0.2204945	0.2273504	0.2058111	0.2249852	0.2075802	0.2215485	0.22158	0.2111913	0.2059459	0.2019386	0.2169086	0.2317424	0.2019584	0.2006764	0.2203687	0.1898664	0.2184197	0.2154639	0.2238865	0.2037303	0.2307471	0.2046276	0.2000629	0.1920708	0.1988181	0.224026	0.2361162	0.2265512	0.2319734	0.2437838	0.2398862	
Campo Flicker	0.1129332	0.0963468	0.098579	0.0944688	0.1019723	0.0820532	0.0785268	0.0828811	0.0848791	0.0740741	0.0881813	0.0941704	0.0921914	0.0882016	0.1179517	0.0969504	0.1217277	0.1172572	0.1105413	0.1020985	0.1042037	0.0956268	0.1142724	0.1016378	0.089651	0.1097297	0.092084	0.0973527	0.0874066	0.0795594	0.0992108	0.0930641	0.0874165	0.0971314	0.0907216	0.0965708	0.1047346	0.1146552	0.1106291	0.1107266	0.1081601	0.1080625	0.1229128	0.1221037	0.1236171	0.1072106	0.1172973	0.102086	
Colaptes sp.	0.0	0.0	0.0	0.0	0.0	0.0	0.0	0.0	5.621E-4	0.0	0.0	0.0	0.0	0.0	0.0	0.0	0.0	0.0	0.0	0.0	0.0	0.0	0.0	0.0	0.0	0.0	0.0	0.0	0.0	0.0	0.0	0.0	0.0	0.0	0.0	0.0	0.0	0.0	0.0	0.0	0.0	4.221E-4	0.0	0.0	0.0	0.0	0.0	0.0	
woodpecker sp.	0.0	0.0	0.0	2.738E-4	0.0	0.0	3.475E-4	0.0	0.0	0.0	0.0	0.0	0.0	0.0	0.0	0.0	0.0	0.0	0.0	0.0	0.0	0.0	0.0	0.0	0.0	0.0	0.0	0.0	0.0	0.0	0.0	0.0	0.0	0.0	0.0	0.0	4.782E-4	0.0	0.0	0.0	3.849E-4	0.0	0.0	0.0	0.0	0.0	0.0	0.0	
Spot-winged Falconet	0.0	4.014E-4	8.881E-4	0.0	0.0020982	3.747E-4	6.949E-4	4.933E-4	0.0	0.0	0.0	3.737E-4	0.0020151	0.0011455	0.0011507	0.0	0.0	0.0012745	0.0011396	4.036E-4	5.921E-4	0.0011662	0.0013993	0.0	0.0	0.0	5.385E-4	0.0	5.75E-4	0.0	0.0	8.78E-4	0.0011136	0.0	0.0	0.0	0.0	0.0	0.0010846	3.146E-4	0.0	8.442E-4	0.0	0.0015	0.0	0.0018975	5.405E-4	6.321E-4	
Crested Caracara	0.2862005	0.2974709	0.2957371	0.2782037	0.2819975	0.2615212	0.2689368	0.2960039	0.3046655	0.2878788	0.31782	0.3456652	0.3647355	0.3419244	0.3866513	0.3841602	0.4070681	0.4213612	0.3931624	0.3970944	0.4031972	0.3906706	0.4258396	0.422447	0.4061372	0.4145946	0.4501885	0.4355252	0.439908	0.4069767	0.4075536	0.3880597	0.3780624	0.3960745	0.4051546	0.3736697	0.4318508	0.4235632	0.3843095	0.3630072	0.3641263	0.3676657	0.3877551	0.3758735	0.3443963	0.3296964	0.312973	0.3018331	
Yellow-headed Caracara	0.0	0.0	0.0	0.0	0.0	0.0	0.0	0.0	0.0	0.0	0.0	0.0	0.0	0.0	0.0	0.0	0.0	0.0	0.0	0.0	0.0	0.0	0.0	0.0	0.0	0.0	0.0	0.0	0.0	0.0	0.0	0.0	0.0	0.0	0.0	0.0	0.0	0.0	0.0	0.0	0.0	0.0	0.0	0.0	0.0	0.0015	0.0	0.0	
Chimango Caracara	0.5556931	0.5427539	0.5421847	0.4715225	0.4599245	0.4192581	0.4179986	0.3838185	0.3940416	0.3703704	0.4164115	0.4555306	0.4629723	0.4822451	0.509206	0.5052344	0.5462478	0.5375988	0.5054131	0.531477	0.5636471	0.5294461	0.5928172	0.5578035	0.5770156	0.5772973	0.6225094	0.6195559	0.5974698	0.5422277	0.5580609	0.5368745	0.5829621	0.5777554	0.5871134	0.5471029	0.5552367	0.6	0.5733912	0.5668449	0.5846805	0.5626847	0.6396104	0.6083119	0.5940356	0.5891841	0.547027	0.5986094	
American Kestrel	0.0863243	0.0867122	0.080373	0.0777656	0.0784725	0.0738104	0.0649757	0.0937346	0.0933108	0.0774411	0.084507	0.0893124	0.097733	0.0819015	0.0989643	0.1106054	0.1492147	0.145297	0.1270655	0.1440678	0.1272943	0.1428571	0.1595149	0.1478805	0.1395909	0.1648649	0.174475	0.146883	0.1121334	0.0966952	0.1059752	0.0935031	0.1052339	0.0976346	0.1	0.0835633	0.0918221	0.0893678	0.0730296	0.0638566	0.060816	0.0624736	0.0839518	0.0812799	0.0784031	0.0896584	0.0718919	0.0805942	
Aplomado Falcon	0.021349	0.0313127	0.0226465	0.024644	0.0297944	0.0198576	0.0201529	0.0271337	0.0275436	0.0246914	0.0244948	0.0280269	0.0241814	0.0366552	0.0402762	0.0391443	0.0545375	0.0522559	0.0324786	0.0403551	0.0378922	0.0425656	0.0489739	0.0423892	0.043923	0.0508108	0.0355412	0.0392827	0.0345026	0.0281518	0.0310034	0.0215101	0.0200445	0.0231505	0.0231959	0.0224675	0.0267814	0.0258621	0.0173536	0.0179302	0.0134719	0.0151963	0.0190167	0.0180213	0.014911	0.0166034	0.0140541	0.0192794	
Peregrine Falcon	0.0108292	0.0140506	0.0150977	0.0161555	0.015107	0.0119895	0.0086866	0.0148002	0.0269815	0.0157127	0.0275566	0.0198057	0.0125945	0.0080183	0.0057537	9.103E-4	0.0021815	0.0015294	5.698E-4	8.071E-4	5.921E-4	0.0034985	0.0018657	4.817E-4	0.0012034	0.0010811	0.0026925	0.001281	0.0011501	0.002448	0.0016911	8.78E-4	0.0011136	0.0015098	0.0015464	0.002365	0.0047824	0.0068966	0.0115691	0.01447	0.0127021	0.0118193	0.0111317	0.0150791	0.015392	0.0137571	0.0124324	0.0126422	
large falcon sp.	0.0	0.0	0.0	0.0	0.0	0.0	0.0	0.0	0.0	0.0	6.124E-4	0.0	0.0	0.0	0.0	0.0	0.0	0.0	0.0	0.0	0.0	0.0	0.0	0.0	0.0	0.0	0.0	0.0	0.0	0.0	0.0	0.0	0.0	0.0	0.0	0.0	0.0	0.0	0.0	0.0	0.0	0.0	0.0	0.0	0.0	0.0	0.0	0.0	
falcon sp.	0.0	0.0	0.0	0.0	0.0	0.0	0.0	0.0	0.0	0.0	0.0	0.0	0.0	0.0	0.0	0.0	0.0	0.0	0.0	0.0	0.0	0.0	0.0	0.0	0.0	0.0	0.0	0.0	0.0	0.0	0.0	0.0	0.0	0.0	0.0	0.0	0.0	0.0	0.0	0.0	0.0	0.0	0.0	0.0	0.0	0.0	0.0	3.161E-4	
diurnal raptor sp.	0.0	0.0	0.0	0.0	0.0	0.0	0.0	0.0	0.0	0.0	0.0	3.737E-4	0.0	0.0	0.0	0.0	0.0	0.0	0.0	0.0	0.0	0.0	0.0	0.0	0.0	0.0	0.0015	0.0	0.0	0.0	0.0	0.0	0.0	0.0	0.0	0.0	0.0	0.0	0.0	0.0	3.849E-4	0.0	0.0	0.0	0.0	0.0	0.0	3.161E-4	
Cockatiel	3.094E-4	0.0	0.0	0.0	0.0	0.0	0.0	0.0	0.0	0.0	0.0	0.0	0.0	0.0	0.0	0.0	0.0	0.0	0.0	0.0	0.0	0.0	0.0	0.0	0.0	0.0	0.0	0.0	0.0	0.0	0.0	0.0	0.0	0.0	0.0	0.0	0.0	2.874E-4	0.0	0.0	0.0	0.0	0.0	0.0	0.0	0.0	0.0	0.0	
Rose-ringed Parakeet	0.0	0.0	0.0	0.0	0.0	0.0	0.0	0.0	0.0	0.0	0.0	0.0	0.0	0.0	0.0	0.0	0.0	0.0	0.0	0.0	0.0	0.0	0.0	0.0	0.0	0.0	0.0	4.27E-4	0.0	0.0	0.0	0.0	0.0	0.0	0.0	0.0	0.0	0.0	0.0	0.0	0.0	0.0	0.0	0.0	0.0	0.0	0.0	0.0	
Eastern Rosella	0.0	0.0	0.0	0.0015	0.0	0.0	0.0	0.0	0.0	0.0	0.0	0.0	0.0	0.0	0.0	0.0	0.0	0.0	0.0	0.0	0.0	0.0	0.0	0.0	0.0	0.0	0.0	0.0	0.0	0.0	0.0	0.0	0.0	0.0	0.0	0.0	0.0	0.0	0.0	0.0	0.0	0.0	0.0	0.0	0.0	0.0	0.0	0.0	
Red-rumped Parrot	0.0	0.0	0.0	0.0	0.0	0.0	0.0	0.0	0.0	0.0	0.0	0.0	0.0	0.0	0.0	0.0	0.0	0.0	0.0	0.0	0.0	0.0	0.0	0.0	0.0	0.0	0.0	0.0	0.0	6.12E-4	0.0	0.0	0.0	0.0	0.0	0.0	0.0	0.0	0.0	0.0	0.0	0.0	0.0	0.0	0.0	0.0	0.0	0.0	
Budgerigar	0.0	0.0	0.0	0.0	0.0	0.0	0.0015	0.0	5.621E-4	0.0	0.0	3.737E-4	0.0015	0.0	0.0	0.0	4.363E-4	0.0015	0.0	4.036E-4	0.0	0.0	0.0	0.0	0.0	0.0	0.0	0.0	0.0	0.0	0.0	0.0	0.0	0.0	0.0	0.0	0.0015	0.0	0.0015	0.0	0.0	0.0	0.0	0.0	0.0	9.488E-4	0.0	0.0015	
Rosy-faced Lovebird	0.0	0.0	0.0	0.0	0.0	0.0	0.0	0.0	0.0	0.0	0.0	0.0	0.0	0.0	0.0	0.0	0.0	0.0	0.0	0.0	0.0	0.0	0.0	0.0	0.0	0.0	0.0	0.0	0.0	0.0	0.0	0.0	0.0	0.0	0.0	0.0	0.0	0.0	0.0	0.0	0.0	0.0015	0.0	0.0	0.0	0.0	0.0	0.0	
Monk Parakeet	0.6098391	0.641108	0.6505329	0.5542169	0.5635753	0.5754964	0.6167477	0.5796744	0.5834739	0.5881033	0.6276791	0.6423767	0.6	0.6248568	0.641542	0.6208466	0.622164	0.6278358	0.6438746	0.6133979	0.6323268	0.587172	0.5848881	0.6122351	0.578219	0.5524324	0.5702746	0.5751494	0.6072455	0.6156671	0.5822999	0.6220369	0.577951	0.5948666	0.6020619	0.5612929	0.6145385	0.5951149	0.5480839	0.5479711	0.5727483	0.585057	0.6108534	0.6204487	0.6084656	0.6290323	0.6394595	0.6314791	
Yellow-chevroned Parakeet	0.0544554	0.0558009	0.0572824	0.0418949	0.0465799	0.0464593	0.066713	0.0488407	0.059584	0.0819304	0.077771	0.0840807	0.0675063	0.0962199	0.0955121	0.0869367	0.0820244	0.0785113	0.0957265	0.0924132	0.1042037	0.0880466	0.0844216	0.1016378	0.0926594	0.0697297	0.083468	0.0849701	0.0891317	0.0844553	0.0682074	0.0877963	0.0606904	0.0744841	0.0706186	0.0768624	0.0760402	0.0692529	0.0643529	0.0638566	0.0619707	0.0683833	0.0621521	0.0610519	0.0562771	0.0431689	0.0475676	0.0458281	
Scaly-headed Parrot	0.0012376	0.0016058	4.44E-4	0.0019168	0.0012589	7.493E-4	0.0017373	0.0019734	0.0028106	5.612E-4	0.0018371	0.0018685	0.0025189	0.0017182	0.0040276	0.0018207	0.0026178	0.0038236	0.0039886	0.003632	0.0047365	0.0034985	0.0027985	0.0043353	0.0012034	0.0016216	0.004308	0.0042699	0.0040253	0.0079559	0.0039459	0.0039508	0.0044543	0.0015098	0.0015	0.0027592	0.0033477	0.0017241	0.0010846	0.0018874	0.0023095	0.0012664	9.276E-4	0.0029423	0.001924	0.0018975	0.0032432	0.0025284	
Turquoise-fronted Amazon	0.0024752	0.0032116	0.0017762	0.0027382	0.0016786	0.0026227	0.0027797	0.0024667	0.0022485	5.612E-4	0.0024495	0.0029895	0.0010076	0.0028637	0.0040276	0.0031862	0.004363	0.0048432	0.0039886	0.0040355	0.0047365	0.0052478	0.0074627	0.0067437	0.0066185	0.0032432	0.0059235	0.0034159	0.0074756	0.004896	0.0067644	0.0052678	0.0072383	0.0050327	0.0082474	0.007095	0.0062171	0.008908	0.0061461	0.0059767	0.0046189	0.0050654	0.0074212	0.0077234	0.006734	0.0037951	0.0032432	0.0025284	
Maroon-bellied Parakeet	0.0058787	0.0080289	0.0115453	0.0060241	0.0079731	0.0037467	0.0055594	0.0044401	0.0073075	0.003367	0.0055113	0.0059791	0.0060453	0.0074456	0.0097814	0.0077378	0.0039267	0.0061178	0.0079772	0.0064568	0.0076969	0.0046647	0.0041978	0.0105973	0.0078219	0.0032432	0.004308	0.0068318	0.0080506	0.0097919	0.0050733	0.0079017	0.0033408	0.0075491	0.0015464	0.0082775	0.0062171	0.0063218	0.0086768	0.0066059	0.0092379	0.007176	0.0102041	0.0066201	0.005772	0.0094877	0.0032432	0.0037927	
Green-cheeked Parakeet	0.0	0.0	0.0	0.0	0.0	0.0	0.0	0.0	5.621E-4	0.0	0.0	0.0	5.038E-4	0.0	5.754E-4	0.0	0.0	0.0	0.0	0.0	0.0	0.0	0.0	0.0	0.0	0.0	0.0	0.0	0.0	0.0	0.0	0.0	0.0	0.0	0.0	3.942E-4	0.0	2.874E-4	0.0	6.291E-4	0.0	4.221E-4	0.0	0.0	0.0	4.744E-4	0.0	0.0	
Burrowing Parakeet	0.0482673	0.036933	0.0341918	0.0273823	0.0289551	0.0277257	0.0222377	0.0305871	0.0286678	0.0179574	0.0189835	0.0246637	0.031738	0.0263459	0.0339471	0.0318616	0.0397033	0.0435891	0.0336182	0.0326877	0.0378922	0.0314869	0.0326493	0.0279383	0.032491	0.0448649	0.0376952	0.0362938	0.0368028	0.0312118	0.0281849	0.0280948	0.032294	0.0347257	0.0345361	0.0358691	0.0425634	0.0396552	0.0350687	0.0336584	0.0342571	0.0396792	0.0361781	0.0485473	0.0500241	0.0479127	0.0389189	0.0369785	
Nanday Parakeet	0.012995	0.0152549	0.0128774	0.0082147	0.0096517	0.0078681	0.0173732	0.0143069	0.0213603	0.0179574	0.0306185	0.0224215	0.0186398	0.0166094	0.0316456	0.0223031	0.0205061	0.0242162	0.025641	0.0367232	0.0461812	0.0332362	0.0391791	0.0491329	0.0415162	0.0286486	0.0312332	0.0418446	0.0477286	0.0318237	0.0332582	0.046532	0.0289532	0.0372421	0.0324742	0.0342925	0.0315638	0.0327586	0.0328995	0.0270525	0.0296382	0.0308147	0.0264378	0.0301581	0.023569	0.0241935	0.0194595	0.0205436	
Blue-and-yellow Macaw	3.094E-4	4.014E-4	0.0	0.0	0.0	0.0	0.0	9.867E-4	0.0	0.0	0.0	3.737E-4	0.0	0.0	5.754E-4	0.0013655	0.0	2.549E-4	0.0	0.0	0.0	0.0	0.0	0.0	0.0	0.0	0.0	0.0	0.0	0.0	0.0	0.0	0.0	5.033E-4	0.0	0.0015	0.0	2.874E-4	0.0	0.0	0.0	0.0	0.0	3.678E-4	4.81E-4	0.0	5.405E-4	3.161E-4	
Blue-crowned Parakeet	0.0037129	0.0028101	0.0017762	0.003012	0.0012589	0.001124	0.0020848	4.933E-4	0.0022485	0.0016835	0.0024495	0.0026158	0.0075567	0.0068729	0.0023015	0.005462	0.0026178	0.005608	0.0039886	0.0020178	0.0059207	0.0040816	0.0051306	9.634E-4	0.0036101	0.0016216	0.0037695	0.0029889	0.0028752	0.001836	0.0039459	0.0026339	0.0033408	0.0040262	0.0025773	0.0031533	0.0023912	0.004023	0.0050615	0.0012583	0.0019246	0.0016885	0.0027829	0.0011033	0.003848	0.0052182	0.0032432	0.0028445	
Mitred Parakeet	6.188E-4	0.0016058	8.881E-4	5.476E-4	4.196E-4	0.003372	0.0031272	0.00296	0.0044969	0.0016835	0.0024495	0.0022422	0.0020151	0.0040092	0.004603	0.0031862	0.0013089	0.0030589	0.0017094	0.0016142	0.0035524	0.0046647	0.0023321	4.817E-4	0.0012034	0.0016216	0.003231	0.0025619	0.0051754	0.0067319	0.0033822	0.0013169	0.0011136	0.0015	0.0015464	0.0015767	0.0014347	0.0017241	0.0018077	0.0025165	0.0015396	0.0025327	0.0018553	0.0014711	0.001924	9.488E-4	0.0010811	0.0015803	
White-eyed Parakeet	0.0529084	0.0541951	0.0643872	0.0588719	0.0608477	0.0576995	0.0663655	0.0572274	0.0483418	0.0448934	0.0440906	0.0313901	0.0186398	0.0200458	0.0120829	0.0091033	0.0061082	0.0150395	0.014245	0.0238095	0.0236827	0.0268222	0.0349813	0.0303468	0.0300842	0.0237838	0.0220786	0.0251921	0.0345026	0.0342717	0.0281849	0.0417032	0.0389755	0.048314	0.0572165	0.0610958	0.0602582	0.0525862	0.0538684	0.0578798	0.0508083	0.0510764	0.0519481	0.0525929	0.049062	0.0488615	0.0518919	0.0493047	
large parakeet sp. (former Aratinga sp.)	0.0	0.0	0.0	0.0	0.0	0.0	0.0	0.0	0.0	0.0	0.0	0.0	0.0	0.0	0.0	0.0	0.0	0.0	0.0	0.0	0.0	0.0	0.0	0.0	0.0	0.0	0.0	0.0	0.0	0.0	0.0	0.0	0.0	0.0	0.0	0.0	0.0	2.874E-4	0.0	0.0	0.0	0.0	0.0	0.0	0.0	0.0	0.0	0.0	
parakeet sp.	6.188E-4	0.0	0.0	0.0	0.0	0.0	0.0	0.0	0.0	0.0	0.0	0.0	0.0	0.0	0.0	0.0	0.0	0.0	0.0	0.0	0.0	0.0	0.0	0.0	0.0	0.0	0.0	0.0	0.0	0.0015	5.637E-4	0.0	0.0	0.0	0.0	0.0015	0.0	0.0	0.0	0.0	0.0	0.0	0.0	0.0	4.81E-4	0.0	0.0	6.321E-4	
parrot sp.	0.0	0.0	4.44E-4	5.476E-4	0.0	0.0	0.0	0.0	0.0	5.612E-4	0.0	0.0	0.0	0.0	0.0	0.0	0.0	0.0	0.0	0.0	0.0	0.0	0.0	0.0	0.0	0.0	0.0	0.0	0.0	0.0	0.0	0.0	0.0	0.0	0.0	0.0	0.0	0.0	0.0	0.0	0.0	0.0	0.0	0.0	0.0	0.0	0.0	0.0	
Rufous-capped Antshrike	0.012995	0.0176636	0.018206	0.0167032	0.0184641	0.0157362	0.0152884	0.0212136	0.029792	0.0185185	0.0238824	0.019432	0.0201511	0.0160367	0.0281933	0.0204825	0.0170157	0.016569	0.0205128	0.0225989	0.0213144	0.0204082	0.0242537	0.022158	0.0204573	0.0205405	0.0215401	0.0243382	0.0276021	0.0293758	0.0197294	0.0280948	0.0261693	0.0276799	0.0345361	0.0303508	0.0291726	0.0252874	0.027838	0.0220195	0.0146266	0.0185732	0.0213358	0.0224347	0.017316	0.0218216	0.0167568	0.017067	
Variable Antshrike	0.0037129	0.003613	0.0057726	0.0052026	0.0083928	0.0067441	0.0041696	0.0069068	0.0095559	0.0078563	0.0110227	0.0074738	0.0065491	0.0045819	0.0120829	0.0072827	0.0069808	0.0073923	0.0096866	0.0141243	0.0082889	0.0104956	0.0177239	0.0130058	0.0174489	0.0167568	0.0220786	0.0157985	0.013801	0.0159119	0.0095829	0.0144864	0.0089087	0.0090589	0.0108247	0.0114308	0.0114778	0.0071839	0.0104845	0.0040893	0.0069284	0.0084424	0.0069573	0.0058845	0.007215	0.0042694	0.007027	0.0063211	
Crested Gallito	0.0049505	0.0012043	0.0017762	0.0068456	0.0058749	0.0059948	0.0034746	0.0039467	0.0044969	0.0050505	0.0067361	0.0033632	0.0040302	0.0045819	0.0074799	0.0022758	0.0030541	0.0030589	0.0039886	0.0020178	0.0041445	0.0017493	0.0018657	4.817E-4	0.0	0.0016216	5.385E-4	0.001281	0.0011501	0.001836	0.0033822	0.0061457	0.002784	0.0060393	0.0041237	0.0027592	0.0081301	0.0048851	0.0083153	0.0053476	0.0084681	0.007176	0.0069573	0.0040456	0.008177	0.0052182	0.0081081	0.0047408	
Common Miner	3.094E-4	0.0040145	0.0031083	0.0057503	0.0	0.0026227	0.0010424	4.933E-4	0.0033727	0.0044893	0.0012247	0.004858	0.0055416	0.0074456	0.0051784	0.0086482	0.0069808	0.0038236	0.002849	0.0024213	0.0029603	0.0017493	0.0037313	0.0019268	0.0048135	0.0097297	0.0037695	0.0029889	0.0028752	0.002448	5.637E-4	0.0043898	0.0033408	0.0020131	0.0015464	0.0011825	0.0023912	0.0017241	0.0032538	0.0025165	0.0034642	0.0016885	0.0060297	0.005149	0.002886	0.0052182	0.0032432	9.482E-4	
Scimitar-billed Woodcreeper	0.0	4.014E-4	0.0013321	2.738E-4	0.0020982	0.0	6.949E-4	4.933E-4	0.0	0.0	0.0	0.0	0.0025189	0.0017182	5.754E-4	9.103E-4	4.363E-4	0.0030589	0.0015	0.0	0.0	0.0	0.0	0.0	0.0	0.0010811	0.0	4.27E-4	5.75E-4	0.0	0.0	0.0	5.568E-4	5.033E-4	0.0010309	0.0	9.565E-4	8.621E-4	0.0010846	0.0015	3.849E-4	0.0016885	4.638E-4	0.0015	9.62E-4	0.0014231	0.0016216	0.0	
Narrow-billed Woodcreeper	0.0887995	0.1003613	0.0999112	0.0859803	0.1040705	0.0861746	0.1000695	0.1124815	0.1068016	0.1043771	0.1065524	0.1023916	0.1108312	0.1059565	0.1260069	0.1092399	0.1020942	0.112414	0.1213675	0.1182405	0.1154529	0.1072886	0.1114739	0.1252408	0.1058965	0.1016216	0.1039311	0.1140051	0.1305348	0.1046512	0.1042841	0.1053556	0.0918708	0.113236	0.1041237	0.1127316	0.1186035	0.1109195	0.1008677	0.0940547	0.1020015	0.1000422	0.119666	0.1154836	0.1000481	0.1034156	0.1054054	0.1090392	
Chaco Earthcreeper	0.0058787	0.0052188	0.0048845	0.0065717	0.0079731	0.0104908	0.0055594	0.0064134	0.0028106	0.003367	0.0055113	0.0037369	0.0080605	0.0091638	0.013809	0.0059172	0.0078534	0.0076472	0.0045584	0.008071	0.0059207	0.0058309	0.0060634	0.004817	0.0024067	0.0108108	5.385E-4	0.0025619	0.0040253	0.005508	0.0101466	0.0087796	0.0083519	0.0125818	0.0082474	0.0153725	0.0095648	0.0057471	0.0115691	0.0059767	0.0080831	0.0063318	0.0074212	0.0069879	0.012025	0.0109108	0.0097297	0.0050569	
Rufous Hornero	0.6497525	0.6651947	0.6594139	0.5690033	0.6047	0.6380667	0.6977067	0.6492353	0.682968	0.7132435	0.7262707	0.7477578	0.7153652	0.7537228	0.7617952	0.7624033	0.7273124	0.7086413	0.768661	0.7389023	0.7560687	0.7008746	0.6991604	0.7297688	0.7129964	0.6864865	0.6725902	0.6836038	0.7222542	0.7294982	0.7215333	0.7510975	0.688196	0.6854555	0.6701031	0.6665353	0.7135342	0.687931	0.6554591	0.662787	0.6743649	0.6876319	0.6850649	0.6881206	0.7109187	0.7016129	0.7140541	0.6943742	
Wren-like Rushbird	0.092203	0.0879165	0.0746004	0.0783133	0.0734368	0.066317	0.0583739	0.0759743	0.0871276	0.0448934	0.0581751	0.0653961	0.0745592	0.0561283	0.066168	0.0755576	0.0907504	0.0713739	0.0780627	0.0782889	0.0746004	0.0629738	0.0900187	0.0799615	0.0872443	0.1059459	0.098546	0.0999146	0.0897067	0.1040392	0.1200676	0.0970149	0.1163697	0.118772	0.128866	0.1127316	0.1343855	0.1318966	0.1106291	0.127084	0.1235566	0.1228366	0.1233766	0.1088636	0.0981241	0.1053131	0.1005405	0.0945006	
Curve-billed Reedhaunter	0.0151609	0.0200723	0.0217584	0.0191676	0.0163659	0.0146122	0.0173732	0.0251603	0.029792	0.016835	0.0269443	0.0190583	0.0166247	0.0154639	0.0224396	0.024579	0.0200698	0.0209024	0.031339	0.023406	0.0219065	0.0198251	0.0223881	0.0202312	0.0204573	0.0216216	0.0204631	0.0175064	0.0247269	0.0238678	0.0157835	0.0175593	0.018931	0.0130851	0.0247423	0.0193142	0.0248685	0.0155172	0.0206074	0.0204467	0.0211701	0.021106	0.0217996	0.0239058	0.019721	0.016129	0.0232432	0.0199115	
Scale-throated Earthcreeper	0.0	0.0	4.44E-4	0.0	4.196E-4	0.0	0.0	0.0	0.0	5.612E-4	6.124E-4	7.474E-4	0.0025189	0.0011455	0.0017261	0.002731	0.0034904	0.0025491	0.0045584	0.0028249	0.0017762	0.0029155	0.0051306	0.0038536	0.0024067	0.0059459	0.0026925	0.0021349	5.75E-4	0.00306	0.0022548	0.0013169	0.0022272	5.033E-4	0.0020619	0.0	0.0	2.874E-4	3.615E-4	0.0	0.0	0.0	0.0	3.678E-4	4.81E-4	0.0	0.0	0.0	
Buff-winged Cinclodes	0.0	8.029E-4	0.0	0.0	0.0	3.747E-4	0.0	0.0	5.621E-4	0.0028058	0.0128598	0.0377429	0.0574307	0.0630011	0.0713464	0.0755576	0.0724258	0.0706092	0.0672365	0.0585149	0.0728242	0.0594752	0.0816231	0.077553	0.0613718	0.08	0.0689284	0.058924	0.0506038	0.0507956	0.0631342	0.0601405	0.0757238	0.0654253	0.0603093	0.0453291	0.0325203	0.0227011	0.0065076	0.0012583	3.849E-4	0.0	0.0	0.0	0.0	0.0	0.0	0.0	
cinclodes sp.	0.0	0.0	0.0	0.0	0.0	0.0	0.0	0.0	0.0	0.0	0.0	0.0	0.0	0.0	0.0	0.0	0.0	0.0	0.0	0.0	5.921E-4	0.0	0.0	0.0	0.0	0.0	0.0	0.0	0.0	0.0	0.0	0.0	0.0	0.0	0.0	0.0	0.0	0.0	0.0	0.0	0.0	0.0	0.0	0.0	0.0	0.0	0.0	0.0	
Buff-browed Foliage-gleaner	9.282E-4	4.014E-4	0.0013321	5.476E-4	0.0012589	0.0014987	0.0024322	0.0015	0.0011242	0.0	0.0015	3.737E-4	0.0020151	0.0011455	0.0011507	0.0013655	0.0026178	0.0010196	0.0017094	0.0056497	5.921E-4	5.831E-4	4.664E-4	0.0019268	0.0012034	0.0032432	0.0026925	0.0021349	0.0017251	0.001836	0.0022548	0.0035119	0.002784	0.0020131	0.0030928	0.0031533	0.0023912	0.0017241	7.231E-4	3.146E-4	0.0015396	0.0016885	9.276E-4	0.0011033	0.0	9.488E-4	0.0010811	9.482E-4	
Tufted Tit-Spinetail	0.0092822	0.0068246	0.0066607	0.0090361	0.0062946	0.0044961	0.0048645	0.0088801	0.0089938	0.0039282	0.0097979	0.0100897	0.0130982	0.0091638	0.0201381	0.0186618	0.0157068	0.0231965	0.0153846	0.0173527	0.0195382	0.0116618	0.0181903	0.015896	0.0090253	0.0151351	0.0096931	0.0123826	0.013801	0.0152999	0.0140924	0.0162423	0.0167038	0.0135883	0.0123711	0.0185258	0.0253467	0.0244253	0.0256688	0.029569	0.0350269	0.0244829	0.0292208	0.0216992	0.018278	0.0199241	0.0237838	0.017067	
Plain-mantled Tit-Spinetail	6.188E-4	4.014E-4	4.44E-4	0.0013691	8.393E-4	0.001124	6.949E-4	0.0	0.0011242	0.0	6.124E-4	7.474E-4	0.0015113	0.0011455	0.0017261	0.002731	0.0013089	0.0022942	5.698E-4	8.071E-4	0.0023683	0.0011662	0.0027985	0.0024085	0.0030084	0.0037838	5.385E-4	0.0021349	0.0015	0.001836	0.0028185	0.0026339	0.0016704	0.0030196	0.0	0.0015767	0.0066954	2.874E-4	0.0025307	0.0015728	0.0015396	4.221E-4	4.638E-4	3.678E-4	4.81E-4	9.488E-4	0.0016216	9.482E-4	
Little Thornbird	0.0012376	0.0020072	8.881E-4	0.0015	4.196E-4	3.747E-4	3.475E-4	0.0	0.0	0.0	6.124E-4	7.474E-4	5.038E-4	5.727E-4	5.754E-4	0.0	8.726E-4	5.098E-4	5.698E-4	0.0	5.921E-4	0.0	0.0013993	0.0	0.0	5.405E-4	0.002154	8.54E-4	5.75E-4	0.0	0.0033822	4.39E-4	0.0022272	0.0015098	5.155E-4	3.942E-4	4.782E-4	8.621E-4	3.615E-4	3.146E-4	0.0011547	0.0	4.638E-4	0.0014711	4.81E-4	0.0	0.0	9.482E-4	
Freckle-breasted Thornbird	0.0903465	0.1003613	0.0901421	0.0815991	0.0877046	0.0666916	0.062196	0.0878145	0.0916245	0.0740741	0.084507	0.0971599	0.0947103	0.0756014	0.0943613	0.1083295	0.1055846	0.0948254	0.0940171	0.0903955	0.0994671	0.0804665	0.0872201	0.0698459	0.0625752	0.0772973	0.0576198	0.0695986	0.0770558	0.0728274	0.0862458	0.0781387	0.0918708	0.0971314	0.0907216	0.0993299	0.107604	0.1048851	0.0864064	0.0965712	0.0985373	0.092022	0.1062152	0.1125414	0.1101491	0.0962998	0.1021622	0.0976612	
Greater Thornbird	6.188E-4	0.0024087	0.0026643	0.0016429	0.0025178	0.001124	0.0010424	0.0	0.0015	0.0	6.124E-4	0.0011211	5.038E-4	0.0	0.0028769	0.0018207	8.726E-4	0.0020393	0.0022792	0.0016142	0.0023683	0.0023324	0.0013993	0.0028902	0.0018051	0.0054054	0.005385	0.0042699	0.0046003	0.004284	0.0016911	0.0039508	0.0016704	0.0045294	0.0036082	0.0031533	0.0052606	0.0048851	0.0018077	0.0015728	0.0023095	8.442E-4	0.0041744	0.0044134	0.003848	0.0033207	0.0010811	0.0050569	
thornbird sp.	0.0	0.0	0.0	0.0	0.0	0.0	0.0	0.0	0.0	0.0	0.0	0.0	0.0	5.727E-4	5.754E-4	0.0	0.0	0.0	0.0	0.0	0.0	0.0	0.0	0.0	0.0	0.0	0.0	0.0	0.0	0.0	0.0	0.0	0.0	0.0	0.0	0.0	0.0	0.0	0.0	0.0	0.0	0.0	0.0	0.0	0.0	0.0	0.0	0.0	
Firewood-gatherer	0.0464109	0.0558009	0.0523979	0.0533954	0.0486781	0.0412139	0.0430855	0.046374	0.0517144	0.0387205	0.0428659	0.0418535	0.0433249	0.0441008	0.0408516	0.0568958	0.0602094	0.0675503	0.048433	0.0496368	0.0586146	0.0466472	0.0583022	0.0419075	0.034296	0.0502703	0.0317717	0.0362938	0.040253	0.0397797	0.0411499	0.0460931	0.0495546	0.0447911	0.0494845	0.0421758	0.0530846	0.0557471	0.0426609	0.0446681	0.0427252	0.04981	0.0482375	0.0529606	0.0601251	0.0555028	0.0508108	0.039507	
Lark-like Brushrunner	0.0	0.0	0.0	0.0	0.0	0.0	0.0	0.0	0.0	0.0	0.0	0.0	0.0	0.0	0.0	0.0	4.363E-4	0.0	5.698E-4	0.0	0.0	5.831E-4	0.0	0.0015	0.0	0.0	0.0	0.0	0.0	0.0	0.0	0.0	0.0	0.0	5.155E-4	3.942E-4	4.782E-4	0.0	0.0	3.146E-4	0.0	0.0	9.276E-4	0.0	4.81E-4	0.0	0.0	0.0	
Short-billed Canastero	0.001547	4.014E-4	0.0013321	0.0019168	0.0062946	0.003372	0.0013899	4.933E-4	0.0016863	0.0022447	0.0012247	0.0018685	0.009068	0.0068729	0.0086306	0.0022758	0.0021815	0.0035687	0.0022792	0.0020178	0.0047365	0.0034985	0.0046642	0.004817	0.0024067	0.0027027	0.0015	8.54E-4	5.75E-4	0.003672	0.0016911	0.0030729	0.0022272	0.0045294	0.0041237	0.0039417	0.0071736	0.0017241	0.0032538	0.002202	0.004234	0.0021106	0.005102	0.0022067	0.00481	0.0052182	0.0059459	0.0025284	
Hudson's Canastero	0.0052599	0.0076275	0.0035524	0.0057503	0.0054553	0.0056201	0.0020848	0.0054267	0.0028106	0.0028058	0.0079608	0.0033632	0.0030227	0.0028637	0.004603	0.0040965	0.0034904	0.0017843	0.0017094	0.0040355	0.0029603	0.0052478	0.0015	0.0028902	0.0012034	0.0010811	0.003231	0.0025619	0.0023002	0.001224	0.0011274	0.0013169	0.002784	0.0025164	0.0030928	0.0035475	0.0066954	0.0045977	0.0028923	0.0091224	0.008853	0.014352	0.005102	0.0125046	0.007215	0.0052182	0.0059459	0.0047408	
Cordilleran Canastero	3.094E-4	0.0016058	8.881E-4	0.0	4.196E-4	0.0	0.0	0.0019734	0.0	5.612E-4	0.0	0.0011211	0.0	0.0	5.754E-4	4.552E-4	4.363E-4	0.0	0.0	4.036E-4	0.0	0.0015	0.0	0.0	0.0	0.0010811	0.001077	4.27E-4	0.0	0.0	5.637E-4	0.0	0.0	5.033E-4	0.0	0.0019708	0.0015	2.874E-4	0.0010846	3.146E-4	0.0	0.0015	4.638E-4	3.678E-4	0.0	9.488E-4	0.0016216	0.0	
Sharp-billed Canastero	0.0043317	0.0012043	0.0031083	0.003012	0.0025178	0.0018734	0.0010424	0.0034534	0.0016863	0.0016835	0.0012247	0.0026158	0.0060453	0.0034364	0.0063291	0.0031862	0.0052356	0.0022942	0.005698	0.0032284	0.0053286	0.0023324	0.0027985	0.0038536	0.0054152	0.0048649	0.0048465	0.0021349	0.0040253	0.004284	0.0073281	0.0048288	0.0033408	0.005536	0.0025773	0.0015767	0.0043042	0.0034483	0.0032538	0.0034602	0.0023095	0.0025327	0.0027829	0.00331	0.002405	0.0033207	0.0043243	9.482E-4	
canastero sp.	0.0	0.0	0.0	0.0	0.0	0.0	0.0	0.0	0.0	0.0	0.0	0.0	0.0	0.0	0.0	0.0	0.0	0.0	0.0	0.0	0.0	0.0	0.0	0.0	0.0	0.0	0.0	0.0	0.0	0.0	0.0	0.0	0.0	0.0	0.0	0.0	0.0	0.0	0.0	0.0	0.0	0.0	0.0	0.0	4.81E-4	0.0	0.0	0.0	
Straight-billed Reedhaunter	0.0024752	0.0040145	0.0039964	0.0038335	0.0025178	0.001124	0.0017373	0.0024667	0.0022485	0.003367	0.0042866	0.0026158	0.0020151	0.0011455	5.754E-4	0.002731	0.0013089	0.0015294	0.0017094	0.0016142	0.0017762	5.831E-4	0.0015	0.0024085	0.0024067	0.0010811	5.385E-4	8.54E-4	0.0011501	0.0	0.0011274	0.0	0.0011136	0.0010065	0.0025773	0.0035475	0.0047824	0.0031609	0.005423	0.0044039	0.0030793	0.0025327	0.0046382	0.00331	0.003367	0.0023719	0.0059459	0.0034766	
Sulphur-bearded Reedhaunter	0.0188738	0.0192694	0.018206	0.0224535	0.0201427	0.0146122	0.0100764	0.0187469	0.0191119	0.0196409	0.0214329	0.0269058	0.0206549	0.0200458	0.0218642	0.0209376	0.0226876	0.0201376	0.0262108	0.0177563	0.0236827	0.0204082	0.0247201	0.015896	0.0138387	0.0183784	0.0140011	0.0196413	0.0166763	0.0097919	0.0129651	0.0153644	0.0150334	0.0150981	0.021134	0.0173433	0.0186514	0.0201149	0.0166305	0.0314564	0.0223249	0.0308147	0.0222635	0.0242736	0.028379	0.016129	0.0286486	0.0189633	
Stripe-crowned Spinetail	0.0074257	0.003613	0.0044405	0.007667	0.0083928	0.0067441	0.0062543	0.0034534	0.0061832	0.0039282	0.0079608	0.0082212	0.0120907	0.0080183	0.013809	0.0077378	0.0039267	0.0112159	0.0051282	0.0072639	0.0082889	0.0093294	0.014459	0.0067437	0.0072202	0.0086486	0.0070005	0.0085397	0.0097757	0.004896	0.0101466	0.0079017	0.0089087	0.0115752	0.0092784	0.0130075	0.0157819	0.0103448	0.0126537	0.0078641	0.0103926	0.0075981	0.0083488	0.0069879	0.006734	0.0128083	0.0064865	0.0075853	
Patagonian Canastero	0.0	0.0	0.0	0.0	0.0	0.0	0.0	0.0	5.621E-4	5.612E-4	0.0	0.0	0.0	5.727E-4	0.0	0.0	0.0	0.0	0.0	0.0	0.0	0.0	0.0	0.0	0.0	0.0	0.0	0.0	0.0	0.0	0.0	0.0	0.0	0.0	0.0	0.0	0.0	0.0	7.231E-4	0.0	0.0	0.0	0.0	0.0	0.0	0.0	0.0	0.0	
Steinbach's Canastero	0.0	0.0	0.0	0.0	0.0	3.747E-4	0.0	0.0	0.0	0.0	0.0	0.0	0.0	0.0	0.0	0.0	0.0	0.0	0.0	0.0	0.0	0.0	0.0	0.0	0.0	0.0	0.0	0.0	0.0	0.0	0.0	0.0	0.0	0.0	0.0	0.0	0.0	0.0	0.0	0.0	0.0	0.0	0.0	0.0	0.0	0.0	0.0	0.0	
Bay-capped Wren-Spinetail	0.0157797	0.0232838	0.0146536	0.0161555	0.0146874	0.0142375	0.0104239	0.0118402	0.0168634	0.0061728	0.0079608	0.0164425	0.0100756	0.0034364	0.0086306	0.005462	0.0065445	0.0079021	0.0091168	0.0044391	0.0017762	0.0052478	0.0037313	0.0043353	0.0030084	0.0032432	0.0037695	0.0038429	0.0028752	0.003672	0.0050733	0.0030729	0.0044543	0.0065425	0.0051546	0.0082775	0.011956	0.0172414	0.0112075	0.0261088	0.0211701	0.0253271	0.0269017	0.0235381	0.021164	0.0213472	0.0156757	0.0154867	
Brown Cacholote	0.0037129	0.0012043	0.0022202	0.0054765	0.0058749	0.0044961	0.004517	0.0059201	0.005059	0.003367	0.0036742	0.0037369	0.0100756	0.0057274	0.0057537	0.0031862	0.0026178	0.0076472	0.0034188	0.0056497	0.0059207	0.0034985	0.0032649	0.0028902	0.0012034	0.007027	0.0026925	0.0017079	0.0023002	0.001836	0.0033822	0.0035119	0.0066815	0.0075491	0.0036082	0.0063067	0.0081301	0.0054598	0.0065076	0.0031456	0.0046189	0.0046433	0.007885	0.0036778	0.003848	0.0037951	0.0037838	0.0044248	
White-throated Cacholote	0.0	0.0	0.0	0.0	0.0	0.0	0.0	0.0	5.621E-4	5.612E-4	6.124E-4	0.0	5.038E-4	0.0	0.0	0.0	0.0	0.0	0.0	4.036E-4	0.0	0.0	0.0	4.817E-4	0.0	0.0015	0.0	0.0015	0.0	0.0	0.0	0.0	0.0	0.0	5.155E-4	0.0	0.0	0.0	0.0	3.146E-4	0.0	0.0	0.0	0.0	0.0015	0.0	0.0	3.161E-4	
Yellow-chinned Spinetail	0.0086634	0.0084303	0.0115453	0.0057503	0.0100713	0.0104908	0.0072967	0.0093735	0.0129286	0.010101	0.0104103	0.0104634	0.0055416	0.0080183	0.0120829	0.0168411	0.013089	0.010961	0.0108262	0.0084746	0.0112493	0.0151603	0.0209888	0.0139692	0.0120337	0.0086486	0.0134626	0.0140905	0.0126509	0.0110159	0.0107103	0.0149254	0.0150334	0.0156014	0.014433	0.0090658	0.0148254	0.0166667	0.0144613	0.0100661	0.0084681	0.0097087	0.0083488	0.0136079	0.012987	0.0128083	0.0059459	0.0072693	
Chotoy Spinetail	0.0191832	0.0256925	0.0279751	0.0180723	0.0222409	0.0183589	0.0173732	0.0138135	0.0157392	0.016835	0.0171464	0.0201794	0.0256927	0.0166094	0.0310702	0.0318616	0.0235602	0.0254907	0.0347578	0.0242131	0.0278271	0.0285714	0.0270522	0.0187861	0.0174489	0.0205405	0.0183091	0.0217763	0.026452	0.0189718	0.0236753	0.0254609	0.0256125	0.0347257	0.0262887	0.021285	0.0282162	0.0341954	0.0227766	0.0217049	0.0277136	0.0156184	0.0250464	0.0235381	0.018278	0.0218216	0.0264865	0.0180152	
Spix's Spinetail	0.0284653	0.0365315	0.0386323	0.0249179	0.0293747	0.0266017	0.0277971	0.0444006	0.0466554	0.0280584	0.0379669	0.034006	0.036272	0.0320733	0.0425777	0.0464269	0.0366492	0.0310986	0.0421652	0.0387409	0.0384843	0.0390671	0.0405784	0.0500963	0.0391095	0.0394595	0.0371567	0.0380017	0.0638298	0.0507956	0.0439684	0.0548727	0.0451002	0.0523402	0.0556701	0.05676	0.0549976	0.0465517	0.0451916	0.0358603	0.0427252	0.0489658	0.0519481	0.0445017	0.03848	0.044592	0.0416216	0.0464602	
Pale-breasted Spinetail	0.0052599	0.0040145	0.0097691	0.0068456	0.0071339	0.0041214	0.0024322	0.0024667	0.0039348	0.0028058	0.0024495	0.0014948	0.0010076	0.0011455	0.0028769	4.552E-4	8.726E-4	0.0010196	0.0011396	4.036E-4	5.921E-4	5.831E-4	0.0013993	0.0014451	6.017E-4	0.0	0.001077	0.0017079	0.0011501	6.12E-4	5.637E-4	0.0013169	5.568E-4	0.0015	5.155E-4	0.00473	0.0181731	0.0140805	0.0260304	0.0154137	0.0150115	0.0139299	0.0139147	0.0147113	0.012987	0.0156546	0.012973	0.0075853	
Sooty-fronted Spinetail	0.0306312	0.0325171	0.0430728	0.0254655	0.0297944	0.0213563	0.0218902	0.027627	0.0309162	0.0246914	0.0318432	0.0321375	0.0307305	0.0343643	0.0454545	0.0405098	0.0314136	0.032883	0.037037	0.0391445	0.0485494	0.038484	0.0461754	0.0496146	0.043923	0.0362162	0.0463113	0.0435525	0.0385279	0.0299878	0.0332582	0.046971	0.0334076	0.046301	0.0546392	0.0488766	0.0564323	0.0600575	0.0545915	0.0427807	0.0504234	0.0396792	0.0538033	0.0492828	0.042809	0.0360531	0.0383784	0.0331858	
Synallaxis sp.	0.0	0.0	4.44E-4	2.738E-4	0.0	0.0	0.0	0.0	0.0	0.0	0.0	3.737E-4	0.0	0.0	0.0	0.0	0.0	0.0	0.0	4.036E-4	0.0	0.0	0.0	0.0	0.0	0.0	0.0	8.54E-4	0.0	0.0	0.0	0.0015	0.0	0.0	0.0	0.0	0.0	0.0	0.0	0.0	0.0	0.0	0.0	0.0	0.0	4.744E-4	0.0	0.0	
White-tipped Plantcutter	0.0111386	0.0064231	0.009325	0.0153341	0.0113303	0.0146122	0.0062543	0.0108535	0.0056211	0.006734	0.0091855	0.009716	0.0246851	0.0223368	0.0408516	0.0455166	0.0493019	0.0606679	0.0581197	0.0492333	0.0669035	0.0728863	0.0601679	0.0736994	0.0517449	0.0567568	0.0516963	0.0491033	0.0592294	0.0605875	0.0501691	0.0597015	0.0489978	0.046301	0.0458763	0.0264091	0.0392157	0.0152299	0.0267534	0.017301	0.0196305	0.0181511	0.0171614	0.0158146	0.024531	0.022296	0.0183784	0.0107459	
White-naped Xenopsaris	0.0	0.0016058	0.0013321	2.738E-4	4.196E-4	3.747E-4	0.0015	0.0	5.621E-4	5.612E-4	6.124E-4	3.737E-4	0.0	0.0	0.0	0.0	0.0	0.0	0.0	0.0	0.0	0.0	0.0	0.0	0.0	0.0	0.0	0.0	0.0	0.0	0.0	0.0	0.0	0.0	0.0	0.0	9.565E-4	8.621E-4	0.0025307	3.146E-4	0.0023095	0.0021106	0.0023191	0.0018389	9.62E-4	0.0014231	0.0010811	9.482E-4	
Green-backed Becard	0.0	0.0	0.0	2.738E-4	4.196E-4	3.747E-4	3.475E-4	0.00148	0.0	0.0	0.0	0.0	0.0	0.0	0.0	4.552E-4	0.0	0.0	0.0	0.0	0.0	0.0	0.0	0.0	6.017E-4	0.0	5.385E-4	4.27E-4	5.75E-4	0.0	0.0	0.0	5.568E-4	0.0	0.0	3.942E-4	0.0	0.0011494	7.231E-4	0.0	3.849E-4	0.0	9.276E-4	0.0	0.0	0.0	0.0	0.0	
White-winged Becard	0.049505	0.0541951	0.0617229	0.0421687	0.0507763	0.0419633	0.0528145	0.0690676	0.0697021	0.0527497	0.0667483	0.0597907	0.040806	0.0366552	0.0350978	0.0113792	0.0126527	0.0033138	5.698E-4	4.036E-4	0.0	0.0	0.0	0.0	6.017E-4	0.0	0.0	4.27E-4	0.0	0.001224	0.0	0.0015	5.568E-4	5.033E-4	0.0020619	0.002365	0.001913	0.0028736	0.0032538	0.0081787	0.0242494	0.0455889	0.0644712	0.079441	0.0668591	0.0564516	0.0718919	0.0635272	
Many-colored Rush Tyrant	0.0380569	0.0413489	0.0235346	0.029299	0.0289551	0.025103	0.0211953	0.0300937	0.0342889	0.0173962	0.0189835	0.0302691	0.031738	0.0189003	0.0212888	0.0304961	0.0458115	0.0339026	0.0433048	0.0343019	0.0367081	0.0250729	0.0401119	0.0361272	0.0373045	0.0416216	0.0323102	0.0350128	0.0207016	0.0250918	0.0405862	0.0210711	0.035078	0.0322094	0.028866	0.0264091	0.0334768	0.037931	0.038684	0.031771	0.0319477	0.0375686	0.0343228	0.0308937	0.03848	0.0336812	0.0318919	0.0309735	
Sepia-capped Flycatcher	0.0	0.0	0.0	0.0	0.0	0.0	0.0	0.0	0.0	0.0	0.0	0.0	0.0	0.0	0.0	0.0	0.0	0.0	0.0	0.0	0.0	0.0	0.0	0.0	0.0	0.0	0.0	0.0	0.0	0.0	0.0	0.0	0.0	0.0	0.0015	0.0	0.0	0.0	0.0	0.0	0.0	0.0	0.0	0.0	0.0	0.0	0.0	0.0	
Mottle-cheeked Tyrannulet	0.0071163	0.0060217	0.008881	0.0060241	0.0075535	0.0059948	0.0090341	0.0059201	0.0106802	0.0117845	0.0085732	0.0085949	0.0115869	0.0074456	0.0161105	0.0150205	0.013089	0.0112159	0.0210826	0.0242131	0.0230906	0.0169096	0.0289179	0.0327553	0.0222623	0.0281081	0.0306947	0.029462	0.0293272	0.0293758	0.0236753	0.0289728	0.0139198	0.0191243	0.0175258	0.0173433	0.0191296	0.0117816	0.0122921	0.0078641	0.0096228	0.0113972	0.0106679	0.0088268	0.005291	0.0085389	0.0064865	0.0079014	
Pearly-vented Tody-Tyrant	6.188E-4	4.014E-4	8.881E-4	0.0	0.0	3.747E-4	0.0	0.0	0.0	5.612E-4	6.124E-4	0.0	0.0	5.727E-4	0.0	4.552E-4	4.363E-4	2.549E-4	0.0	0.0	0.0	0.0	0.0	9.634E-4	0.0	0.0	5.385E-4	4.27E-4	0.0	0.0	0.0011274	0.0	5.568E-4	0.0	0.0010309	3.942E-4	0.0014347	8.621E-4	0.0014461	6.291E-4	0.0	4.221E-4	9.276E-4	3.678E-4	9.62E-4	0.0	0.0	6.321E-4	
Southern Beardless-Tyrannulet	0.0086634	0.0076275	0.0057726	0.0035597	0.0020982	0.0018734	0.0041696	0.0039467	0.0039348	0.003367	0.0067361	0.0052317	0.0060453	0.010882	0.0086306	0.0104688	0.0078534	0.0063727	0.0091168	0.0084746	0.0165779	0.0087464	0.0116604	0.0072254	0.0090253	0.0075676	0.0080775	0.0068318	0.0097757	0.0073439	0.0050733	0.0114135	0.0100223	0.0130851	0.0170103	0.0126133	0.0186514	0.0143678	0.0101229	0.0103806	0.0084681	0.0084424	0.0074212	0.0066201	0.007215	0.0075901	0.0086486	0.0063211	
Suiriri Flycatcher	0.0040223	0.0056202	0.0044405	0.0038335	0.0058749	0.0048707	0.0038221	0.0039467	0.0061832	0.0028058	0.0042866	0.0052317	0.0030227	0.0045819	0.009206	0.0036413	0.0021815	0.0073923	0.0079772	0.0044391	0.0053286	0.0093294	0.0107276	0.0072254	0.0054152	0.007027	0.0091546	0.0068318	0.0120759	0.0085679	0.0067644	0.0039508	0.0066815	0.0100654	0.0056701	0.0106425	0.0105213	0.0103448	0.0086768	0.0094369	0.0092379	0.0084424	0.0088126	0.0088268	0.010101	0.0071157	0.0097297	0.0060051	
Yellow-billed Tit-Tyrant	0.0	0.0	0.0	0.0015	0.0	0.0	0.0	0.0	0.0	0.0	0.0	0.0	0.0	0.0	5.754E-4	4.552E-4	4.363E-4	2.549E-4	0.0011396	0.0012107	5.921E-4	0.0017493	0.0041978	0.0144509	0.0072202	0.0032432	0.001077	8.54E-4	0.0017251	0.001836	0.0016911	8.78E-4	0.0011136	0.0	0.0010309	0.0	9.565E-4	5.747E-4	3.615E-4	0.0	0.0	0.0	0.0	0.0	0.0	0.0	0.0	0.0	
Tufted Tit-Tyrant	0.0034035	8.029E-4	0.0022202	0.0027382	0.0025178	0.0026227	0.0020848	0.0024667	0.0033727	0.0022447	0.0055113	0.004858	0.0060453	0.0051546	0.0103567	0.0077378	0.0074171	0.0076472	0.0062678	0.0060533	0.0065127	0.006414	0.0069963	0.0057803	0.0042118	0.0118919	0.0037695	0.0017079	0.0046003	0.004284	0.0050733	0.0079017	0.0011136	0.0060393	0.0025773	0.0059125	0.0095648	0.0028736	0.0043384	0.0040893	0.0034642	0.0025327	0.0041744	0.0044134	0.005772	0.0085389	0.0059459	0.0028445	
Bearded Tachuri	0.0102104	0.0156564	0.0084369	0.0095838	0.0113303	0.0059948	0.005212	0.0054267	0.010118	0.0056117	0.0055113	0.004858	0.0020151	0.0	0.0015	0.0015	0.0	0.0	0.0	0.0	0.0	0.0	0.0	0.0	0.0	0.0	0.0	0.0	0.0	0.0	0.0	0.0	0.0	5.033E-4	5.155E-4	7.883E-4	0.0095648	0.012069	0.0093999	0.0185593	0.0169361	0.0232165	0.0180891	0.0205958	0.014911	0.0170778	0.0135135	0.0110619	
Crested Doradito	0.0015	8.029E-4	4.44E-4	8.215E-4	0.0025178	0.001124	0.0015	0.0	0.0022485	0.0	6.124E-4	0.0	0.0	0.0011455	0.0011507	0.0	0.0	0.0	0.0	0.0	0.0	0.0	4.664E-4	0.0	0.0	0.0	0.0	0.0	0.0	6.12E-4	0.0	0.0	5.568E-4	0.0010065	5.155E-4	0.0	0.0014347	8.621E-4	0.0018077	6.291E-4	3.849E-4	4.221E-4	0.0	0.0	4.81E-4	0.0018975	5.405E-4	3.161E-4	
Subtropical Doradito	0.001547	8.029E-4	0.0017762	0.0013691	0.0020982	0.001124	0.0020848	0.0	0.0011242	0.0016835	6.124E-4	7.474E-4	0.0	0.0	0.0	0.0	0.0	0.0	0.0	0.0	0.0	0.0	0.0	0.0	0.0	0.0	0.0	0.0	0.0	0.0	0.0	0.0	0.0	0.0	0.0	0.0	0.0	0.0	0.0	0.0	0.0	8.442E-4	0.0013915	0.0018389	0.001443	0.0042694	0.0032432	0.0047408	
Dinelli's Doradito	0.0	0.0	0.0	0.0	0.0	0.0	0.0	0.0	0.0	0.0	0.0	0.0	0.0	0.0	0.0	0.0	0.0	0.0	0.0	0.0	0.0	0.0	0.0	0.0	0.0	0.0	0.0	0.0	0.0	0.0	0.0	0.0	0.0	0.0	0.0	0.0	0.0	0.0	0.0	0.0	0.0	0.0	4.638E-4	0.0	0.0	0.0	0.0	0.0	
Warbling Doradito	0.0467203	0.0570052	0.0368561	0.0391566	0.0323122	0.0281004	0.014246	0.0236803	0.029792	0.0129068	0.0220453	0.0213004	0.013602	0.0080183	0.013809	0.0077378	0.0135253	0.005353	0.0068376	0.003632	0.0059207	0.0052478	0.0027985	0.0028902	0.0012034	0.0048649	0.0037695	0.0042699	0.0034503	0.00306	0.0028185	0.0035119	0.0066815	0.0065425	0.0180412	0.02365	0.0454328	0.0603448	0.0531453	0.0701478	0.0600462	0.0612073	0.0714286	0.0647297	0.0668591	0.0564516	0.0464865	0.0461441	
Ticking Doradito	0.0037129	0.0016058	8.881E-4	8.215E-4	8.393E-4	0.0018734	0.0010424	4.933E-4	0.0	0.0	0.0015	0.0	0.0	0.0	0.0	0.0	0.0	0.0	0.0	0.0	0.0	0.0	0.0	0.0	0.0	0.0	0.0	0.0	0.0	0.0	0.0	0.0	0.0	0.0	0.0	7.883E-4	4.782E-4	0.0015	0.0018077	0.0034602	0.0019246	0.0012664	0.0037106	7.356E-4	0.005772	0.0028463	0.0048649	0.0034766	
Warbling/Ticking Doradito	0.0	0.0015	8.881E-4	5.476E-4	0.0012589	0.001124	6.949E-4	0.0	0.0	0.0011223	0.0	0.0014948	0.0	5.727E-4	5.754E-4	9.103E-4	4.363E-4	7.647E-4	0.0011396	0.0012107	0.0	0.0	4.664E-4	4.817E-4	6.017E-4	0.0010811	0.0	0.0	0.0015	0.001224	5.637E-4	8.78E-4	5.568E-4	0.0015098	0.0	3.942E-4	0.0	0.0014368	3.615E-4	6.291E-4	0.0	0.0016885	9.276E-4	7.356E-4	4.81E-4	0.0	0.0	3.161E-4	
doradito sp.	0.0	0.0	0.0	0.0	4.196E-4	0.0	0.0	0.0	0.0	0.0	0.0	0.0	0.0	5.727E-4	0.0	0.0	4.363E-4	2.549E-4	0.0	0.0	0.0	0.0	0.0	0.0	0.0	0.0	0.0	0.0	0.0	0.0	0.0	0.0	0.0	0.0	0.0	3.942E-4	0.0	0.0	3.615E-4	0.0	0.0	4.221E-4	0.0	0.0	0.0	0.0	0.0	0.0	
Small-billed Elaenia	0.0987005	0.1019671	0.1025755	0.0868018	0.0742761	0.0539528	0.0510771	0.0488407	0.0483418	0.0420875	0.0410288	0.0306428	0.0267003	0.0194731	0.0166858	0.0100137	0.0052356	0.0022942	5.698E-4	4.036E-4	0.0011841	0.0	4.664E-4	4.817E-4	0.0	5.405E-4	0.0	0.001281	5.75E-4	0.001224	0.0	0.0015	0.0016704	0.0020131	0.0010309	0.007095	0.0368245	0.0606322	0.0784526	0.1094684	0.1189376	0.1266357	0.1368275	0.136815	0.1216931	0.1370968	0.1318919	0.1286346	
Large Elaenia	0.0018564	0.0044159	0.0075488	0.0043812	0.0029375	0.0029974	0.0013899	9.867E-4	0.0011242	5.612E-4	0.0	0.0014948	5.038E-4	0.0	0.0	0.0	0.0	0.0	0.0	0.0	0.0	0.0	0.0	0.0	0.0	0.0	0.0	0.0	0.0	0.0	0.0	0.0	0.0	0.0	0.0	3.942E-4	0.0	8.621E-4	7.231E-4	0.005033	0.0050038	0.0037991	0.0069573	0.0058845	0.005291	0.0047438	0.0048649	0.0031606	
White-crested Elaenia	3.094E-4	8.029E-4	4.44E-4	0.0	8.393E-4	0.0018734	0.0013899	0.00296	0.0056211	0.0050505	0.0024495	0.0022422	0.0035264	0.0040092	0.0034522	0.0036413	0.0013089	7.647E-4	0.0017094	4.036E-4	0.0011841	5.831E-4	0.0	4.817E-4	0.0012034	0.0	5.385E-4	4.27E-4	0.0	6.12E-4	0.0	0.0	5.568E-4	0.0	0.0	0.0	0.0014347	0.0014368	0.0018077	0.002202	0.0015396	0.0025327	0.0018553	0.0014711	0.0	0.0018975	5.405E-4	0.0012642	
Small-billed/White-crested Elaenia	0.0	0.0	0.0	0.0	0.0	0.0	0.0	0.0	0.0011242	0.0	6.124E-4	0.0026158	0.0020151	0.002291	0.0	4.552E-4	4.363E-4	2.549E-4	0.0	0.0	0.0	0.0	0.0	0.0	0.0	0.0	0.0	0.0	0.0	0.0	0.0	0.0	0.0	0.0	0.0	0.0	0.0	0.0	0.0	3.146E-4	0.0	0.0	0.0	0.0015	0.0	0.0	0.0	3.161E-4	
elaenia sp. (genus Elaenia)	0.0	0.0	0.0	0.0	0.0	3.747E-4	0.0	0.0	0.0	0.0011223	6.124E-4	3.737E-4	5.038E-4	0.0	5.754E-4	0.0013655	4.363E-4	7.647E-4	0.0011396	4.036E-4	0.0	0.0	0.0	0.0	0.0	0.0	0.0	0.0	0.0	0.0	0.0	0.0	0.0	5.033E-4	0.0	3.942E-4	4.782E-4	2.874E-4	0.0010846	0.0	0.0	4.221E-4	0.0	0.0	0.0	0.0	0.0010811	0.0	
Sooty Tyrannulet	0.0476485	0.0537937	0.0568384	0.0465498	0.036089	0.0340952	0.0326616	0.0330538	0.0326026	0.0364759	0.0226577	0.0418535	0.0423174	0.0320733	0.0460299	0.0391443	0.0558464	0.0479225	0.0393162	0.0464084	0.0319716	0.0268222	0.048041	0.0419075	0.0354994	0.0481081	0.0425417	0.0439795	0.0391029	0.0410037	0.048478	0.0412643	0.0367483	0.0503271	0.0505155	0.0366575	0.0492587	0.0603448	0.0582068	0.0393205	0.0438799	0.042634	0.0454545	0.0522251	0.0500241	0.0412713	0.0394595	0.0436157	
White-crested Tyrannulet	0.1178837	0.1091931	0.116341	0.0889923	0.0839278	0.0794305	0.0851286	0.0888012	0.084317	0.0942761	0.094305	0.1192078	0.1138539	0.1334479	0.1426928	0.1165225	0.1138743	0.114963	0.1407407	0.1210654	0.1563055	0.1346939	0.1389925	0.1454721	0.1456077	0.1367568	0.1260097	0.1430401	0.159862	0.1364749	0.143743	0.1615452	0.1375278	0.1489683	0.1530928	0.1486007	0.1559063	0.1359195	0.1229212	0.1173325	0.1104696	0.1072182	0.1127087	0.1092313	0.1115921	0.1157495	0.1178378	0.1188369	
Straneck's Tyrannulet	0.0040223	0.0028101	0.0057726	0.0054765	0.0054553	0.0052454	0.0034746	0.0024667	0.0028106	0.0022447	0.0061237	0.0056054	0.0080605	0.0068729	0.0109321	0.0100137	0.0117801	0.0145297	0.0165242	0.0149314	0.0284192	0.019242	0.0307836	0.0370906	0.0300842	0.0232432	0.0199246	0.0273271	0.0230017	0.0208078	0.0219842	0.0223881	0.0183742	0.016608	0.0149485	0.0126133	0.0229555	0.008046	0.0122921	0.0034602	0.0076982	0.0088645	0.0060297	0.0044134	0.010582	0.0128083	0.0097297	0.0037927	
White-crested/Straneck's Tyrannulet	0.0027847	0.0040145	0.0035524	0.0032859	0.0020982	0.0029974	0.0027797	0.00148	0.0039348	0.003367	0.0036742	0.0059791	0.0055416	0.0051546	0.0074799	0.0068275	0.0052356	0.0079021	0.0074074	0.0064568	0.0100651	0.0052478	0.0107276	0.0067437	0.0084236	0.007027	0.0059235	0.0076857	0.0069005	0.0079559	0.0124014	0.0096576	0.0055679	0.0105687	0.0108247	0.0063067	0.0052606	0.0066092	0.0068691	0.0053476	0.0069284	0.0016885	0.0041744	0.0040456	0.003367	0.0028463	0.0010811	0.0034766	
Serpophaga sp.	0.0	0.0	0.0	0.0	0.0	0.0	0.0	0.0	0.0	0.0	0.0	0.0	0.0	5.727E-4	0.0	0.0	0.0	0.0	0.0	4.036E-4	0.0	0.0	0.0	0.0	0.0	0.0	5.385E-4	0.0	0.0	0.0	0.0	0.0	0.0	5.033E-4	0.0	0.0	0.0	0.0	0.0	0.0	0.0	0.0	0.0	0.0	0.0	0.0	0.0	3.161E-4	
Fulvous-crowned Scrub-Tyrant	0.001547	0.0012043	0.0013321	2.738E-4	8.393E-4	0.0014987	0.0	0.00148	0.0011242	0.0015	0.0	0.0014948	5.038E-4	0.0	0.0	0.0	8.726E-4	0.0	0.0	0.0	0.0	0.0	0.0	0.0	0.0	0.0	0.0	0.0	0.0	0.0	0.0	0.0	0.0	5.033E-4	5.155E-4	7.883E-4	0.0014347	0.0017241	0.0032538	0.0025165	0.0046189	0.0037991	0.0041744	0.0025745	0.002405	0.0023719	0.0010811	0.0028445	
Greater Wagtail-Tyrant	0.001547	0.0012043	0.0017762	0.004655	0.0033571	0.003372	0.0010424	0.0024667	0.0016863	0.0039282	0.0030618	0.0029895	0.0065491	0.0063001	0.0086306	0.0036413	0.0052356	0.0063727	0.0034188	0.0016142	0.0059207	0.0046647	0.0046642	0.0014451	0.0024067	0.0054054	0.0016155	8.54E-4	0.0017251	0.002448	0.0033822	0.0035119	0.0044543	0.0060393	0.0056701	0.0055183	0.0114778	0.0028736	0.0065076	0.0034602	0.0046189	0.0054875	0.005102	0.0036778	0.005291	0.0052182	0.0048649	9.482E-4	
Bran-colored Flycatcher	0.0785891	0.083902	0.0843694	0.0695509	0.0784725	0.0689397	0.066713	0.0749877	0.0815065	0.0768799	0.0679731	0.0575486	0.0539043	0.0395189	0.0281933	0.0118343	0.004363	0.0015294	0.0034188	8.071E-4	5.921E-4	5.831E-4	0.0023321	4.817E-4	0.0012034	5.405E-4	5.385E-4	0.0	0.0017251	0.00306	5.637E-4	4.39E-4	0.0022272	0.0020131	0.0154639	0.0390225	0.0746055	0.0818966	0.0849602	0.078012	0.0989222	0.0844238	0.096475	0.096359	0.0793651	0.0796964	0.0864865	0.0821745	
Euler's Flycatcher	0.0052599	0.0032116	0.0079929	0.003012	0.0025178	0.0026227	0.0024322	0.0049334	0.0028106	0.0016835	0.0018371	0.0026158	0.0025189	0.002291	5.754E-4	4.552E-4	4.363E-4	0.0	0.0	0.0	5.921E-4	5.831E-4	0.0	0.0	0.0	0.0	0.0	0.0	0.0011501	0.0	0.0	0.0	0.0	5.033E-4	0.0010309	0.0055183	0.0066954	0.0071839	0.0043384	0.0056622	0.0053888	0.0067539	0.0041744	0.0047812	0.001443	0.0047438	0.0037838	0.0018963	
Southern Scrub-Flycatcher	0.0	0.0	0.0	0.0010953	0.0016786	0.0	0.0	9.867E-4	0.0	5.612E-4	6.124E-4	3.737E-4	0.0	0.0	0.0	0.0	0.0	2.549E-4	0.0	0.0	0.0	0.0	0.0	0.0	0.0	0.0	5.385E-4	0.0	0.0	0.0	5.637E-4	0.0	0.0	0.0010065	0.0	3.942E-4	0.0	8.621E-4	0.0010846	0.0015728	0.0026944	0.0029548	9.276E-4	7.356E-4	0.001443	0.0	0.0	6.321E-4	
Vermilion Flycatcher	0.0974629	0.10277	0.0950266	0.077218	0.060428	0.0588235	0.0562891	0.0552541	0.0612704	0.0639731	0.0477648	0.0657698	0.0488665	0.0372279	0.0155351	0.0068275	0.0021815	0.0010196	0.0	0.0015	5.921E-4	0.0	0.0	0.0	0.0	0.0015	0.0	0.0	5.75E-4	0.0015	0.005637	0.0188762	0.0378619	0.059386	0.1108247	0.1261332	0.1578192	0.1425287	0.1352133	0.1289714	0.1235566	0.1152385	0.1182746	0.1279882	0.1168831	0.1048387	0.1075676	0.0881795	
Austral Negrito	0.0139233	0.0260939	0.0257549	0.0358708	0.0444817	0.0269764	0.0281445	0.0360138	0.0399101	0.0308642	0.0232701	0.0317638	0.0287154	0.0332188	0.0425777	0.0318616	0.0414485	0.0430793	0.0324786	0.0326877	0.0290112	0.0285714	0.0433769	0.033237	0.0336943	0.0394595	0.0366182	0.0350128	0.0247269	0.0250918	0.0236753	0.0201932	0.0267261	0.0236537	0.0340206	0.02365	0.0234338	0.0178161	0.0101229	0.0047185	0.0015396	0.0025327	0.0013915	0.0029423	0.001924	9.488E-4	0.0021622	0.0047408	
Blue-billed Black-Tyrant	0.0021658	0.0012043	0.0022202	0.0021906	0.0025178	0.0014987	0.0020848	0.0034534	0.0039348	0.0022447	0.0036742	0.0022422	0.0025189	0.0028637	5.754E-4	0.0018207	0.0021815	0.0020393	5.698E-4	0.0012107	5.921E-4	5.831E-4	0.0027985	9.634E-4	0.0012034	0.0032432	0.0037695	0.0021349	0.0011501	0.00306	0.0062007	0.0039508	0.0050111	0.0025164	0.0139175	0.0031533	0.0062171	0.0043103	0.0050615	0.005033	0.0053888	0.0050654	0.0027829	0.0025745	0.003367	0.006167	0.0021622	0.0028445	
White-winged Black-Tyrant	0.0	0.0	0.0	0.0	4.196E-4	7.493E-4	0.0	0.0	0.0	0.0	0.0	0.0015	0.0	5.727E-4	0.0	0.0	0.0	2.549E-4	0.0	8.071E-4	0.0	0.0	9.328E-4	0.0	0.0	0.0	0.0	0.0	5.75E-4	0.0	5.637E-4	0.0	5.568E-4	0.0	5.155E-4	0.0	4.782E-4	2.874E-4	0.0	3.146E-4	0.0	0.0	0.0	3.678E-4	0.0	0.0015	0.0	0.0	
Hudson's Black-Tyrant	0.0021658	0.0012043	0.0013321	8.215E-4	4.196E-4	0.001124	0.0	9.867E-4	0.0	0.0	0.0	0.0	0.0	0.0	0.0	0.0	0.0	0.0	0.0	0.0	0.0	0.0	0.0	0.0	0.0	0.0	0.0	0.0	0.0	0.0	0.0	0.0	0.0	0.0	0.0	0.0011825	0.0033477	0.0022989	0.0065076	0.002202	0.0034642	0.0029548	0.0018553	0.0029423	0.006253	0.0071157	0.0054054	0.0034766	
White-winged/Hudson's Black-Tyrant	3.094E-4	4.014E-4	4.44E-4	0.0	0.0	0.0	0.0	0.0	0.0	0.0	0.0	0.0	0.0	0.0	0.0	0.0	0.0	0.0	0.0	0.0	0.0	0.0	0.0	0.0	0.0	0.0	0.0	0.0	0.0	0.0	0.0	0.0	0.0	0.0	0.0	0.0	0.0014347	0.0	7.231E-4	0.0	3.849E-4	0.0	0.0	0.0	0.0	9.488E-4	5.405E-4	0.0	
black-tyrant sp.	0.0	0.0	0.0	0.0	0.0	0.0	0.0	0.0	0.0	0.0	0.0	0.0	0.0	0.0	0.0	0.0	0.0	0.0	0.0	0.0	0.0	0.0	0.0	0.0	0.0	0.0	0.0	0.0	0.0	0.0	0.0	0.0	0.0	0.0	0.0	0.0	0.0	0.0	0.0	0.0	0.0	0.0	4.638E-4	0.0	0.0	0.0	0.0	0.0	
Spectacled Tyrant	0.1472772	0.1437174	0.1127886	0.0955641	0.08141	0.0621956	0.0496873	0.0631475	0.0798201	0.0656566	0.0649112	0.0874439	0.0836272	0.058992	0.0730725	0.0655439	0.0833333	0.0670405	0.0547009	0.0560936	0.0669035	0.0507289	0.0713619	0.0597303	0.0655836	0.0740541	0.0748519	0.0794193	0.080506	0.0838433	0.138106	0.1308165	0.1419822	0.1434323	0.1494845	0.1411115	0.1621234	0.1735632	0.1511208	0.1815036	0.1431871	0.1663149	0.1864564	0.173961	0.1640212	0.1513283	0.1427027	0.1466498	
Yellow-browed Tyrant	0.0154703	0.0100361	0.0115453	0.0120482	0.0142677	0.0146122	0.0083391	0.0103601	0.0157392	0.0056117	0.0146969	0.0127055	0.0191436	0.0148912	0.0218642	0.0118343	0.0157068	0.0173337	0.0273504	0.011703	0.0165779	0.019242	0.0247201	0.0163776	0.0186522	0.0167568	0.0166936	0.0200683	0.0115009	0.0146879	0.0208568	0.0184372	0.0250557	0.0271766	0.0329897	0.0382341	0.0406504	0.0350575	0.027115	0.0352312	0.0307929	0.0308147	0.0357143	0.0375138	0.026936	0.0289374	0.0281081	0.0208597	
Spot-billed Ground-Tyrant	0.0	0.0	0.0	0.0	0.0	0.0	0.0	0.0	5.621E-4	0.0	0.0	0.0	0.0	0.0	0.0	0.0	0.0	0.0	0.0	0.0	0.0	0.0	0.0	0.0	0.0	0.0	0.0	0.0	0.0	0.0	0.0	0.0	0.0	0.0	0.0	0.0	0.0	0.0	0.0	0.0	0.0	0.0	0.0	0.0	0.0	0.0	0.0	0.0	
Dark-faced Ground-Tyrant	0.0	0.0	0.0	0.0	4.196E-4	0.0	0.0	0.0	0.0	0.0	0.0	0.0	0.0	0.002291	0.0051784	0.005462	0.0069808	0.0058629	0.011396	0.0056497	0.0029603	0.0069971	0.0088619	0.0024085	0.0024067	0.0091892	0.0070005	0.0064048	0.0051754	0.002448	0.0090192	0.0083406	0.0038976	0.0060393	5.155E-4	3.942E-4	0.0	0.0	0.0	0.0	0.0	0.0	0.0	0.0	0.0	0.0	0.0	0.0	
Cinnamon-bellied Ground-Tyrant	0.0	0.0	0.0	0.0	0.0	0.0	0.0	0.0015	0.0	0.0	0.0	0.0	0.0	0.0	0.0	0.0	0.0	0.0	0.0	0.0	0.0	0.0	0.0	0.0	0.0	0.0	0.0	0.0	0.0	0.0	0.0	0.0	0.0	0.0	0.0	0.0	0.0	0.0	0.0	0.0	0.0	0.0	0.0	0.0	0.0	0.0	0.0	0.0	
Fire-eyed Diucon	0.0	0.0	0.0	0.0	0.0	0.0	3.475E-4	0.0	0.0	0.0	0.0	0.0	0.0	0.0	0.0	0.0	0.0	0.0	0.0	0.0	0.0	0.0	0.0	0.0	0.0	0.0	0.0	0.0	0.0	0.0	0.0	0.0	0.0	0.0	0.0	0.0	0.0	0.0	0.0	0.0	0.0	0.0	0.0	0.0	0.0	0.0	0.0	0.0	
White Monjita	0.009901	0.0092332	0.0106572	0.0095838	0.010491	0.0082428	0.0076442	0.0098668	0.0140528	0.0106622	0.0079608	0.0112108	0.0166247	0.0126002	0.023015	0.0263996	0.017452	0.0288045	0.0125356	0.0169492	0.0183541	0.0250729	0.0261194	0.0183044	0.0180505	0.0308108	0.0156166	0.0196413	0.0201265	0.0134639	0.018602	0.0162423	0.0150334	0.0161047	0.0134021	0.0110367	0.0224773	0.0181034	0.0209689	0.0110098	0.0188607	0.0156184	0.012987	0.0150791	0.017797	0.0147059	0.0145946	0.0094817	
Gray Monjita	0.0021658	0.003613	0.0039964	0.0016429	4.196E-4	3.747E-4	6.949E-4	0.00148	5.621E-4	0.0	0.0012247	0.0014948	0.0010076	0.0017182	0.0028769	0.0022758	0.0013089	0.0012745	0.0017094	0.0016142	0.0011841	0.0015	0.0037313	4.817E-4	0.0012034	0.0032432	0.001077	0.001281	0.0034503	0.001836	0.0016911	0.0061457	0.002784	0.0040262	0.0041237	0.0031533	0.0023912	0.0051724	0.0046999	0.0059767	0.0053888	0.0054875	0.0027829	0.00331	0.002886	0.0014231	0.0021622	6.321E-4	
Black-crowned Monjita	0.0	8.029E-4	0.0	5.476E-4	4.196E-4	3.747E-4	6.949E-4	4.933E-4	0.0	0.0011223	0.0018371	0.0037369	0.0065491	0.0080183	0.009206	0.0077378	0.0095986	0.0155493	0.008547	0.0076675	0.0153937	0.0093294	0.014459	0.0139692	0.0072202	0.007027	0.0096931	0.0076857	0.0051754	0.00612	0.0033822	0.0074627	0.0044543	0.0040262	0.0046392	0.002365	0.001913	8.621E-4	0.0028923	0.0015728	7.698E-4	0.0016885	9.276E-4	0.0011033	0.001443	9.488E-4	0.0	3.161E-4	
Rusty-backed Monjita	0.0	0.0	8.881E-4	5.476E-4	4.196E-4	0.0	0.0	0.0015	0.0015	5.612E-4	0.0	7.474E-4	5.038E-4	5.727E-4	0.0011507	4.552E-4	0.0015	0.0	5.698E-4	0.0	5.921E-4	0.0	0.0	4.817E-4	0.0	0.0	5.385E-4	0.0	0.0	0.0	0.0	0.0	0.0	0.0010065	0.0015464	3.942E-4	4.782E-4	2.874E-4	3.615E-4	0.0	3.849E-4	4.221E-4	0.0	3.678E-4	0.0	9.488E-4	0.0	3.161E-4	
Chocolate-vented Tyrant	6.188E-4	0.0020072	0.0017762	0.0032859	8.393E-4	0.002248	0.0010424	0.0015	5.621E-4	5.612E-4	0.0	0.0014948	0.0020151	0.0034364	0.0015	9.103E-4	0.0021815	0.0020393	0.0051282	0.0060533	0.0041445	0.0023324	0.0032649	0.0038536	0.0018051	0.0010811	0.002154	4.27E-4	0.0017251	6.12E-4	5.637E-4	0.0021949	0.0016704	0.0015098	0.0020619	3.942E-4	9.565E-4	2.874E-4	0.0	0.0	0.0	0.0	0.0	0.0	0.0	0.0	0.0	6.321E-4	
Black-billed Shrike-Tyrant	0.0	0.0024087	0.0017762	0.0	4.196E-4	0.0	0.0015	0.0034534	0.0	5.612E-4	0.0012247	0.0011211	0.0	5.727E-4	5.754E-4	0.0	0.0021815	2.549E-4	5.698E-4	0.0024213	0.0	0.0015	0.0013993	0.0	0.0	0.0	0.0016155	0.001281	0.0011501	6.12E-4	0.0016911	4.39E-4	5.568E-4	0.0	0.0015	0.002365	0.0015	2.874E-4	0.0010846	6.291E-4	0.0	0.0	4.638E-4	0.0011033	9.62E-4	4.744E-4	0.0016216	6.321E-4	
Gray-bellied Shrike-Tyrant	0.0	4.014E-4	0.0	2.738E-4	0.0	3.747E-4	0.0	0.0	0.0	0.0	6.124E-4	7.474E-4	5.038E-4	0.0017182	0.0028769	0.0059172	0.0034904	0.0050981	0.0022792	0.0056497	0.0023683	0.0040816	0.0060634	9.634E-4	0.0018051	0.0037838	0.0016155	0.0021349	0.0034503	0.004284	0.0028185	0.0026339	5.568E-4	0.0020131	5.155E-4	0.0	4.782E-4	0.0	3.615E-4	0.0	3.849E-4	0.0	0.0	0.0	0.0	0.0	0.0	0.0	
Lesser Shrike-Tyrant	0.0	0.0	0.0	0.0	4.196E-4	0.0	0.0015	0.0	0.0	5.612E-4	0.0	3.737E-4	0.0	0.0011455	5.754E-4	0.0031862	0.0013089	0.0043334	0.002849	0.0020178	0.0	5.831E-4	0.0032649	9.634E-4	0.0012034	0.0021622	0.001077	4.27E-4	0.0011501	0.001224	5.637E-4	0.0013169	0.0011136	5.033E-4	0.0010309	7.883E-4	0.001913	0.0	3.615E-4	3.146E-4	0.0	0.0	0.0	0.0	0.0	4.744E-4	0.0	0.0	
Black-backed Water-Tyrant	0.0046411	0.0052188	0.0075488	0.003012	0.0025178	0.003372	0.0020848	0.0044401	0.0028106	5.612E-4	0.0	0.0011211	0.0010076	5.727E-4	0.0	0.0	0.0	0.0	0.0	0.0	0.0011841	5.831E-4	0.0	0.0	0.0	0.0	5.385E-4	4.27E-4	0.0015	0.0	0.0016911	0.0021949	5.568E-4	0.0010065	0.0041237	0.0043358	0.0086083	0.0106322	0.0050615	0.0132117	0.0107775	0.0092866	0.0115955	0.0095623	0.012025	0.0109108	0.0097297	0.0075853	
Masked Water-Tyrant	0.0015	0.0060217	0.0026643	0.0013691	0.0012589	0.0014987	3.475E-4	0.0	0.0	0.0	0.0	0.0	0.0	0.0	0.0	0.0	0.0	0.0	0.0	0.0	0.0	0.0	0.0	0.0	0.0	0.0	0.0	0.0	0.0	0.0	0.0	0.0	0.0	0.0	0.0	0.0	0.0	0.0	0.0	0.0	0.0	0.0	0.0	0.0	0.0	0.0	0.0	0.0	
Black-and-white Monjita	0.0	0.0	8.881E-4	0.0	0.0	0.0	0.0	0.0015	0.0	5.612E-4	0.0	3.737E-4	0.0010076	0.0015	0.0	0.0015	0.0015	0.0015	0.0	4.036E-4	5.921E-4	0.0	9.328E-4	0.0	0.0	0.0	0.0015	0.0	0.0	0.0	0.0	0.0	0.0	0.0	0.0	0.0	0.0	5.747E-4	3.615E-4	3.146E-4	0.0011547	0.0015	4.638E-4	0.0015	0.001443	0.0015	5.405E-4	6.321E-4	
Swainson's Flycatcher	0.0120668	0.0160578	0.0155417	0.0161555	0.0142677	0.0078681	0.0107714	0.0069068	0.0089938	0.0078563	0.0042866	0.0018685	0.0010076	0.0011455	5.754E-4	0.0	0.0015	2.549E-4	5.698E-4	0.0	0.0015	0.0	4.664E-4	0.0	0.0	0.0	0.001077	8.54E-4	5.75E-4	0.0	0.0	0.0	5.568E-4	0.0	0.0015	3.942E-4	0.0043042	0.0074713	0.0112075	0.01447	0.0177059	0.0160405	0.0236549	0.0205958	0.015392	0.0156546	0.0172973	0.0202276	
Brown-crested Flycatcher	0.0	0.0	4.44E-4	0.0	0.0	0.0	0.0	0.0	0.0	0.0	0.0	0.0	0.0	0.0	0.0	0.0	0.0	0.0	0.0	0.0	0.0011841	0.0	0.0	0.0	6.017E-4	0.0016216	0.0	0.0	0.0	0.0	0.0	0.0	0.0	0.0	0.0	0.0	0.0	0.0	0.0	0.0	0.0	0.0	0.0	0.0	0.0	0.0	0.0	0.0	
Cattle Tyrant	0.1215965	0.124448	0.1278863	0.1084337	0.122115	0.1176471	0.1212648	0.1391219	0.1467116	0.1419753	0.1684017	0.1416293	0.1380353	0.1391753	0.1639816	0.1574875	0.1631763	0.1549834	0.1863248	0.1557708	0.1829485	0.1749271	0.1655784	0.1791908	0.1714801	0.1659459	0.1593969	0.176345	0.1541116	0.1511628	0.1347238	0.1611062	0.1391982	0.1479618	0.1391753	0.1367757	0.1535151	0.1583333	0.1420824	0.1522491	0.1339492	0.1262136	0.1461039	0.1346083	0.1409331	0.1157495	0.1459459	0.142225	
Great Kiskadee	0.602104	0.600562	0.6372114	0.5309419	0.5262274	0.5507681	0.5806115	0.5357671	0.5559303	0.5740741	0.5756277	0.6046338	0.5924433	0.6202749	0.6346375	0.6376878	0.6391798	0.6206984	0.6649573	0.6517353	0.6933097	0.6314869	0.6445896	0.661368	0.6383875	0.6091892	0.6257404	0.6041845	0.6653249	0.6664627	0.6375423	0.6712028	0.6163697	0.6024157	0.6036082	0.611352	0.6307987	0.6284483	0.6106291	0.6143441	0.6016166	0.6234698	0.6345083	0.6307466	0.6301106	0.6114801	0.6524324	0.6393805	
Streaked Flycatcher	0.070854	0.0778804	0.0834813	0.0673604	0.0809903	0.0659423	0.0646282	0.0675876	0.0646431	0.0375982	0.0336803	0.0115845	0.0020151	0.0011455	0.0017261	9.103E-4	0.0021815	7.647E-4	0.0	0.0	0.0015	5.831E-4	4.664E-4	4.817E-4	0.0	0.0	5.385E-4	4.27E-4	0.0017251	6.12E-4	5.637E-4	0.0	5.568E-4	0.0020131	0.0015464	7.883E-4	0.0033477	0.0178161	0.0390456	0.0745517	0.0881447	0.0894892	0.0941558	0.0901067	0.0870611	0.0858634	0.0978378	0.0865992	
Variegated Flycatcher	0.0	0.0	0.0015	2.738E-4	0.0	0.0	0.0	0.0	0.0	0.0	0.0	0.0	0.0	0.0	0.0	0.0	0.0	0.0	0.0	0.0	0.0	0.0	0.0	0.0	0.0	0.0	0.0	0.0	0.0	0.0	0.0	0.0	0.0	0.0	0.0	0.0	0.0	0.0	3.615E-4	0.0	7.698E-4	4.221E-4	0.0	0.0	4.81E-4	4.744E-4	5.405E-4	0.0	
Crowned Slaty Flycatcher	0.0021658	0.0024087	0.0031083	0.0054765	0.0062946	0.0037467	0.0034746	0.00296	0.0044969	0.0039282	0.0	0.0	0.0010076	0.0	0.0	0.0	0.0	5.098E-4	0.0	0.0	0.0015	0.0	0.0	0.0	0.0	0.0	0.0	0.0	0.0	0.0	0.0	0.0	0.0	0.0	0.0	3.942E-4	0.0	5.747E-4	0.0010846	0.0028311	0.0057737	0.0075981	0.0092764	0.0102979	0.00962	0.0094877	0.0081081	0.0041087	
Tropical Kingbird	0.3177599	0.3412284	0.329929	0.2957284	0.3306756	0.2787561	0.2804031	0.2940306	0.311973	0.2643098	0.2529088	0.1726457	0.0675063	0.034937	0.0120829	0.005462	0.0030541	5.098E-4	0.0017094	0.0012107	5.921E-4	5.831E-4	0.0	4.817E-4	0.0	0.0	0.0	0.0	5.75E-4	0.0015	0.0	8.78E-4	5.568E-4	0.0025164	0.0061856	0.0102483	0.0559541	0.1215517	0.1771511	0.259201	0.2821401	0.2866188	0.3163265	0.3144538	0.3039923	0.3021822	0.307027	0.3369153	
Eastern Kingbird	0.0	0.0	0.0	0.0	0.0	0.0	0.0	0.0	0.0	0.0	0.0	0.0	0.0	0.0	0.0	0.0015	0.0	0.0	0.0015	0.0	0.0	0.0	4.664E-4	0.0	0.0	0.0	0.0	0.0	0.0	0.0	0.0	0.0	0.0	0.0	0.0	0.0	0.0	0.0	0.0	0.0	0.0015	4.221E-4	0.0	0.0	0.0	0.0	0.0	0.0	
Fork-tailed Flycatcher	0.3177599	0.3099157	0.3059503	0.2713582	0.238355	0.1802173	0.1351633	0.1124815	0.0826307	0.0297419	0.0171464	0.009716	5.038E-4	0.002291	0.0011507	0.0	0.0	2.549E-4	0.0	0.0	0.0015	0.0	0.0	0.0	0.0	0.0	0.0	0.0	0.0	0.0	0.0015	4.39E-4	0.0	5.033E-4	0.0025773	0.02365	0.1348637	0.2178161	0.2700651	0.3139352	0.3394919	0.3364289	0.356679	0.344612	0.3237133	0.3273245	0.3016216	0.3233249	
new world flycatcher sp.	3.094E-4	0.0	0.0	2.738E-4	0.0	0.0	0.0	0.0	0.0	0.0	0.0	0.0	0.0	0.0	0.0	0.0	0.0	0.0	0.0	0.0	0.0	0.0	0.0	0.0	0.0	0.0	0.0	0.0	0.0	0.0	0.0	0.0	0.0	0.0	0.0	0.0	0.0	0.0	0.0	0.0	0.0	4.221E-4	0.0	0.0	0.0	0.0	0.0	0.0	
Rufous-browed Peppershrike	0.0408416	0.0373344	0.0452931	0.0251917	0.0335711	0.0292244	0.0291869	0.0399605	0.0449691	0.037037	0.0324556	0.034006	0.0322418	0.0395189	0.0535098	0.0377788	0.0344677	0.0346673	0.0518519	0.0492333	0.0473653	0.0466472	0.0620336	0.0611753	0.0601685	0.0491892	0.0452342	0.0550811	0.0695802	0.0624235	0.0552424	0.0535558	0.0517817	0.064922	0.071134	0.0709499	0.0683883	0.058046	0.0556761	0.0519031	0.0527329	0.0527649	0.0635436	0.0562707	0.0562771	0.0502846	0.067027	0.0572061	
Chivi Vireo	0.0501238	0.0529908	0.0519538	0.0334064	0.0281158	0.0198576	0.0211953	0.0241737	0.0219224	0.0230079	0.0189835	0.0130792	0.0055416	0.0028637	0.0057537	9.103E-4	0.0013089	0.0012745	0.0022792	8.071E-4	0.0	5.831E-4	0.0015	4.817E-4	0.0	0.0	0.0	4.27E-4	0.0011501	6.12E-4	0.0015	0.0015	5.568E-4	0.0010065	0.0	0.002365	0.0076518	0.016092	0.0296457	0.0418371	0.052348	0.0692275	0.0783859	0.0801765	0.0678211	0.0654649	0.0708108	0.0689001	
Plush-crested Jay	0.001547	0.0040145	0.0017762	0.0019168	0.0058749	0.003372	0.0038221	0.0039467	0.0016863	0.0044893	0.0036742	0.0018685	0.0040302	0.0034364	0.0057537	0.0045517	0.0034904	0.0030589	0.0062678	0.0052462	0.0094731	0.0058309	0.0051306	0.0125241	0.0072202	0.0075676	0.0102316	0.0140905	0.0103508	0.00612	0.0045096	0.0070237	0.0016704	0.0050327	0.0056701	0.0031533	0.0052606	0.0054598	0.0050615	0.0028311	0.0023095	0.0025327	0.0037106	7.356E-4	0.002405	0.0018975	0.0027027	0.0053729	
House Crow	0.0	0.0015	0.0	0.0	0.0	0.0	0.0	0.0	0.0	0.0	0.0	0.0	0.0	0.0	0.0	0.0	0.0	0.0	0.0	0.0	0.0	0.0	0.0	0.0	0.0	0.0	0.0	0.0	0.0	0.0	0.0	0.0	0.0	0.0	0.0	0.0	0.0	0.0	0.0	0.0	0.0	0.0015	0.0	0.0	0.0	0.0	5.405E-4	0.0	
Bank Swallow	0.0037129	0.0060217	0.0039964	0.0062979	0.0062946	0.0056201	0.005212	0.0024667	0.005059	0.0050505	0.0036742	0.0026158	0.0020151	0.0011455	0.0023015	0.0	0.0	2.549E-4	5.698E-4	0.0	0.0	0.0	0.0	4.817E-4	0.0	0.0	0.0	4.27E-4	0.0	0.0	0.0	0.0	0.0015	0.0020131	0.0025773	3.942E-4	0.0014347	0.0022989	0.0014461	0.0037748	0.0053888	0.0054875	0.0041744	0.0066201	0.005291	0.0033207	0.0032432	0.0053729	
White-rumped Swallow	0.133354	0.135287	0.0994671	0.0917306	0.075535	0.0711877	0.0670605	0.0651209	0.0511523	0.0387205	0.0367422	0.0358744	0.0307305	0.0126002	0.018412	0.0141102	0.0135253	0.0104512	0.0079772	0.0040355	0.0029603	0.0052478	0.005597	0.0024085	0.0030084	0.0043243	0.0123856	0.0431255	0.0747556	0.1156671	0.1110485	0.1523266	0.1742762	0.1942627	0.2190722	0.2372881	0.2242946	0.2471264	0.2472885	0.2573136	0.2428791	0.2452512	0.2852505	0.2717911	0.2284752	0.2035104	0.1951351	0.164981	
Chilean Swallow	0.0043317	0.0032116	0.0017762	0.0019168	0.0050357	0.0048707	0.0034746	0.0069068	0.0118044	0.0072952	0.0104103	0.0115845	0.0176322	0.0223368	0.0247411	0.0268548	0.0226876	0.0211573	0.0182336	0.0112994	0.0219065	0.0163265	0.0293843	0.0298651	0.0282792	0.0264865	0.0376952	0.0418446	0.0483036	0.0336597	0.0473506	0.0311677	0.018931	0.016608	0.0154639	0.0130075	0.0153037	0.0106322	0.0122921	0.0037748	0.0073133	0.0042212	0.0041744	0.0047812	0.005772	0.0056926	0.0032432	0.0031606	
White-rumped/Chilean Swallow	6.188E-4	4.014E-4	4.44E-4	8.215E-4	0.0020982	3.747E-4	0.0024322	0.0019734	0.0011242	5.612E-4	6.124E-4	7.474E-4	0.0025189	0.0011455	0.004603	0.0022758	0.004363	0.0030589	0.0022792	0.0020178	0.0023683	0.0023324	0.0013993	4.817E-4	0.0018051	0.0016216	0.001077	0.0068318	0.0092007	0.00612	0.0045096	0.0100966	0.0033408	0.0060393	0.0036082	0.0019708	0.001913	0.0028736	0.0010846	0.0018874	0.0015396	0.0	0.0055659	0.0025745	9.62E-4	9.488E-4	5.405E-4	9.482E-4	
Tachycineta sp.	0.0	0.0015	0.0	0.0	8.393E-4	0.0	0.0	0.0	0.0011242	0.0	0.0	0.0	0.0	0.0	0.0	9.103E-4	4.363E-4	2.549E-4	0.0	4.036E-4	0.0	0.0	4.664E-4	0.0019268	0.0012034	0.0010811	0.0	0.0017079	0.0023002	0.001836	0.0016911	8.78E-4	5.568E-4	0.0	5.155E-4	3.942E-4	9.565E-4	2.874E-4	0.0	0.0	3.849E-4	4.221E-4	4.638E-4	0.0	0.0	0.0	0.0015	0.0	
Gray-breasted Martin	0.2914604	0.3275793	0.3019538	0.2182366	0.2093999	0.2004496	0.1772064	0.1376418	0.1506464	0.1060606	0.077771	0.0526906	0.0246851	0.0148912	0.0080552	0.0040965	8.726E-4	7.647E-4	0.0011396	4.036E-4	0.0	0.0	0.0	0.0014451	0.0024067	5.405E-4	0.0016155	8.54E-4	0.0034503	0.0085679	0.0180383	0.047849	0.0701559	0.1293407	0.2015464	0.2238865	0.2835964	0.2649425	0.2772957	0.298207	0.2979215	0.3077248	0.2778293	0.3026848	0.2953343	0.2893738	0.2908108	0.2872946	
Southern Martin	0.0652847	0.0682457	0.0550622	0.0397043	0.0386068	0.0284751	0.0277971	0.026147	0.010118	0.0044893	0.0030618	0.0018685	0.0	0.0	0.0	4.552E-4	8.726E-4	0.0010196	0.0011396	4.036E-4	0.0011841	0.0	0.0	4.817E-4	0.0	5.405E-4	0.0	4.27E-4	0.0011501	6.12E-4	5.637E-4	0.0026339	0.0072383	0.0115752	0.0231959	0.0323216	0.0334768	0.0439655	0.0451916	0.0443536	0.0415704	0.0472773	0.0570501	0.0581096	0.046657	0.0512334	0.047027	0.0480405	
Brown-chested Martin	0.2710396	0.2998796	0.2970693	0.2524644	0.263953	0.224054	0.2300208	0.2372965	0.1905565	0.1627385	0.1604409	0.1513453	0.0987406	0.0435281	0.0350978	0.0104688	0.0017452	0.0022942	0.0	0.0015	5.921E-4	0.0017493	4.664E-4	0.0014451	6.017E-4	0.0010811	0.0016155	0.0021349	5.75E-4	0.001836	0.0016911	0.0057068	0.0072383	0.0231505	0.0706186	0.1198266	0.1635581	0.2008621	0.2136659	0.2365524	0.2528868	0.2494724	0.291744	0.2927547	0.2770563	0.2874763	0.2848649	0.2888748	
new world martin sp. (Progne sp.)	0.0027847	0.0016058	0.0017762	0.0013691	0.0016786	0.0018734	0.0020848	9.867E-4	0.0016863	0.0016835	6.124E-4	7.474E-4	0.0	5.727E-4	5.754E-4	4.552E-4	4.363E-4	5.098E-4	0.0	4.036E-4	0.0011841	0.0011662	0.0	0.0	0.0	5.405E-4	0.0	4.27E-4	0.0017251	0.0	0.0022548	4.39E-4	0.0	0.0010065	0.0015464	0.0	0.0	5.747E-4	0.0010846	3.146E-4	0.0015396	0.0012664	0.0013915	0.0014711	0.001443	9.488E-4	0.0	6.321E-4	
Southern Rough-winged Swallow	0.0077351	0.0080289	0.0066607	0.0065717	0.0079731	0.0037467	0.004517	0.0039467	0.0016863	0.0022447	0.0042866	0.0014948	0.0	5.727E-4	0.0011507	0.0013655	8.726E-4	7.647E-4	0.0011396	0.0016142	0.0029603	0.0017493	0.0013993	0.0019268	0.0015	0.0010811	0.0	0.0017079	0.0011501	6.12E-4	0.0	8.78E-4	5.568E-4	0.0045294	0.0030928	0.00473	0.0062171	0.0117816	0.0057845	0.0084932	0.0103926	0.0092866	0.0060297	0.0073556	0.009139	0.0075901	0.0102703	0.0079014	
Blue-and-white Swallow	0.0454827	0.0505821	0.0550622	0.0531216	0.0532942	0.04571	0.0375261	0.0592008	0.0438449	0.0493827	0.0557257	0.0369955	0.0337531	0.0406644	0.0350978	0.0277651	0.0226876	0.0257456	0.0330484	0.039548	0.0497336	0.0396501	0.0489739	0.0698459	0.0607702	0.0497297	0.0457728	0.0422716	0.0431282	0.0501836	0.0473506	0.0570676	0.0495546	0.0619024	0.056701	0.0599133	0.0631277	0.0635057	0.0578453	0.0550488	0.0546574	0.0536091	0.0612245	0.0533284	0.0529101	0.0602467	0.0540541	0.0420354	
Tawny-headed Swallow	0.0030941	0.0056202	0.0039964	0.0019168	0.0041964	0.0018734	0.0048645	9.867E-4	0.0022485	0.0022447	0.0018371	0.0033632	0.0015113	0.0017182	0.0011507	0.0	0.0021815	0.0010196	0.0	0.0016142	0.0035524	5.831E-4	0.0023321	0.0014451	0.0012034	0.0010811	0.0026925	4.27E-4	0.0040253	0.004284	0.0062007	0.0048288	0.0066815	0.0090589	0.0072165	0.0078833	0.0066954	0.008046	0.0057845	0.0059767	0.0061586	0.0037991	0.0074212	0.0036778	0.006734	0.0047438	0.0027027	0.0053729	
Barn Swallow	0.4028465	0.3962264	0.3605684	0.3228368	0.3088544	0.2592731	0.209868	0.1731623	0.1011804	0.0589226	0.0318432	0.0257848	0.0120907	0.0051546	0.0040276	0.0013655	4.363E-4	0.002804	5.698E-4	0.0012107	5.921E-4	0.0017493	0.0027985	0.0019268	0.0	0.0037838	0.0016155	0.0017079	5.75E-4	0.003672	0.0039459	0.0021949	0.0100223	0.0442879	0.1072165	0.1750099	0.2644668	0.3313218	0.3091106	0.3394149	0.3425712	0.3596454	0.3766234	0.3552777	0.3496873	0.3676471	0.3486486	0.4140329	
Cliff Swallow	0.0108292	0.0048173	0.0057726	0.0098576	0.0100713	0.0074934	0.0132036	0.0162802	0.0140528	0.0218855	0.0153092	0.0123318	0.004534	0.0015	0.0011507	0.0	0.0	0.0	0.0	0.0	0.0	0.0	0.0	0.0	0.0	0.0	0.0	0.0	0.0	0.0	0.0	0.0	5.568E-4	0.0	5.155E-4	0.0	4.782E-4	0.0020115	0.0010846	0.0012583	0.0015396	0.0029548	0.0069573	0.0025745	0.003367	0.0047438	0.0097297	0.0066372	
swallow sp.	0.008354	0.0136491	0.0115453	0.0087623	0.010491	0.0153616	0.0205003	0.0128268	0.0078696	0.0106622	0.0073484	0.0063528	0.0065491	0.0045819	0.0040276	0.0059172	0.0056719	0.0038236	0.0022792	0.0024213	0.0017762	0.0046647	0.0023321	0.004817	0.0030084	0.0043243	0.0037695	0.0076857	0.0092007	0.0110159	0.0101466	0.0096576	0.0094655	0.0105687	0.0149485	0.0106425	0.0153037	0.016954	0.016992	0.0100661	0.0111624	0.014352	0.0143785	0.0121368	0.012506	0.0090133	0.0091892	0.0085335	
Masked Gnatcatcher	0.0940594	0.0943396	0.0936945	0.0851588	0.1032312	0.0899213	0.0990271	0.1188949	0.1180438	0.1015713	0.1169626	0.1113602	0.1088161	0.1042383	0.1432681	0.1297223	0.1326353	0.1384145	0.1435897	0.1505246	0.1776199	0.1428571	0.1781716	0.1840077	0.166065	0.1578378	0.1523963	0.1690863	0.1633122	0.1603427	0.1499436	0.1496927	0.1336303	0.1499748	0.1443299	0.1371699	0.1291248	0.1333333	0.1124367	0.1041208	0.1093149	0.1000422	0.122449	0.1125414	0.1029341	0.1100569	0.1140541	0.1039823	
Southern House Wren	0.4084158	0.3890004	0.3947602	0.3299562	0.3319345	0.316598	0.342599	0.3098175	0.3277122	0.3198653	0.3441519	0.3815396	0.3828715	0.4089347	0.4470656	0.4178425	0.4219023	0.4351262	0.442735	0.3966909	0.4387211	0.3819242	0.4001866	0.4036609	0.3712395	0.3832432	0.3791061	0.3791631	0.4082806	0.4167687	0.4086809	0.4464442	0.4270601	0.4529441	0.4443299	0.4733938	0.5007174	0.4818966	0.4472162	0.4504561	0.4299461	0.4385817	0.4679963	0.4597278	0.4665705	0.4350095	0.4535135	0.454804	
Grass Wren	0.0188738	0.0260939	0.0222025	0.0219058	0.0176248	0.0123642	0.0128562	0.0133202	0.0157392	0.0095398	0.0104103	0.0171898	0.013602	0.0154639	0.0189873	0.0168411	0.0200698	0.0178435	0.0131054	0.0177563	0.0094731	0.0099125	0.011194	0.0077071	0.0060168	0.0091892	0.0091546	0.0059778	0.0115009	0.0104039	0.011274	0.0109745	0.013363	0.0201309	0.021134	0.016555	0.0267814	0.0244253	0.0213304	0.0308273	0.0196305	0.0261714	0.0236549	0.0161824	0.020683	0.0298861	0.0237838	0.0237042	
European Starling	0.134901	0.1228422	0.1154529	0.0947426	0.101133	0.0966654	0.1052814	0.1258017	0.1461495	0.1705948	0.190447	0.2286996	0.2277078	0.2720504	0.2733026	0.276741	0.2748691	0.2898292	0.3293447	0.3115416	0.330373	0.3043732	0.3404851	0.3087669	0.2966306	0.3102703	0.3414109	0.3385995	0.3519264	0.3292534	0.3167982	0.3617208	0.3418708	0.3356819	0.3231959	0.3571147	0.384505	0.3890805	0.3767173	0.4293803	0.4376443	0.4301393	0.3947124	0.3674145	0.3698894	0.3107211	0.2783784	0.210177	
Crested Myna	0.0151609	0.0172621	0.0173179	0.0208105	0.0163659	0.0123642	0.0090341	0.0093735	0.0134907	0.0185185	0.0134721	0.0160688	0.0115869	0.0171821	0.0172612	0.0159308	0.0200698	0.0140199	0.014245	0.0213882	0.0284192	0.0239067	0.0205224	0.0260116	0.0222623	0.0210811	0.0274637	0.0145175	0.0207016	0.0244798	0.0225479	0.0215101	0.0272829	0.0156014	0.0231959	0.0264091	0.0196078	0.0186782	0.0195228	0.017301	0.0150115	0.0164626	0.0194805	0.0239058	0.016835	0.0128083	0.0162162	0.0214918	
Patagonian Mockingbird	0.0049505	0.0032116	0.0026643	0.0024644	0.0012589	0.0026227	0.0010424	9.867E-4	0.0033727	0.0078563	0.0042866	0.004858	0.013602	0.0068729	0.0143843	0.0131998	0.013089	0.0201376	0.0108262	0.0096852	0.0094731	0.0081633	0.0074627	0.0052987	0.0072202	0.0102703	0.0059235	0.0072588	0.0063255	0.003672	0.0067644	0.0061457	0.0038976	0.0030196	0.0041237	0.0031533	0.0095648	0.0034483	0.010846	0.0037748	0.004234	0.0050654	0.0037106	0.0040456	0.002886	0.0094877	0.0043243	0.0034766	
Chalk-browed Mockingbird	0.4467822	0.4223204	0.4276199	0.3606243	0.3634075	0.3799176	0.404795	0.3670449	0.3580663	0.372615	0.4017146	0.426009	0.418136	0.4450172	0.4867664	0.4842968	0.5	0.4975784	0.4980057	0.4927361	0.508585	0.4787172	0.488806	0.5091522	0.490373	0.487027	0.4701131	0.4760888	0.4945371	0.5238678	0.5084555	0.5162423	0.4777283	0.4816306	0.4685567	0.4497438	0.4739359	0.4649425	0.4461316	0.4259201	0.4237875	0.4225412	0.4341373	0.4486944	0.4651275	0.4506641	0.447027	0.4753477	
White-banded Mockingbird	0.008354	0.0068246	0.0079929	0.012322	0.0092321	0.0123642	0.0104239	0.0118402	0.0112423	0.0196409	0.0171464	0.0261584	0.0337531	0.0389462	0.0500575	0.0568958	0.0458115	0.0517461	0.0347578	0.0524617	0.0378922	0.0495627	0.0443097	0.050578	0.034296	0.0362162	0.0301562	0.0375747	0.0293272	0.0281518	0.0349493	0.0267779	0.0261693	0.0291897	0.0324742	0.0275916	0.0430416	0.0313218	0.0426609	0.0220195	0.0242494	0.0147742	0.0180891	0.0161824	0.020683	0.0213472	0.0102703	0.0060051	
mimid sp.	0.0	0.0	0.0	0.0	0.0	0.0	0.0	0.0	0.0	0.0	0.0	0.0	0.0	0.0	0.0	0.0015	0.0	0.0	0.0	0.0	0.0	0.0	0.0	0.0	0.0	0.0	0.0	0.0	0.0	0.0	0.0	0.0	0.0	0.0	0.0	0.0	0.0	2.874E-4	0.0	0.0	0.0	0.0	0.0	0.0	0.0	0.0	0.0	0.0	
Swainson's Thrush	3.094E-4	0.0	0.0	0.0	0.0	0.0	0.0	0.0	0.0	0.0	0.0	0.0	0.0	0.0	0.0	0.0	0.0	0.0	0.0	0.0	0.0	0.0	0.0	0.0	0.0	0.0	0.0	0.0	0.0	0.0	0.0	0.0	0.0	0.0	0.0	0.0	0.0	0.0	0.0	0.0	0.0	4.221E-4	0.0	0.0	0.0	0.0	0.0015	0.0	
Andean Slaty Thrush	0.0	0.0	0.0	0.0	0.0	0.0	0.0	0.0	0.0	0.0	0.0	0.0	0.0	0.0	0.0	0.0	0.0	0.0	0.0	0.0	0.0	0.0	0.0	0.0015	0.0	0.0	0.0	0.0	0.0	0.0	0.0	0.0	0.0	0.0	0.0	0.0	0.0	0.0	0.0	0.0	0.0	0.0	0.0	0.0	0.0	0.0	0.0	0.0	
Chiguanco Thrush	0.0	4.014E-4	0.0	0.0	0.0	0.0	0.0	0.0	0.0	0.0	0.0	0.0	0.0015	0.0	5.754E-4	0.0	0.0	0.0	0.0	0.0	0.0	0.0	0.0	0.0	0.0	0.0	0.0	0.0	5.75E-4	0.0015	0.0	0.0	0.0011136	0.0	0.0	0.0	0.0	0.0	3.615E-4	0.0	0.0	0.0	0.0	0.0	0.0	0.0	5.405E-4	0.0	
Austral Thrush	0.0139233	0.0132477	0.0115453	0.0057503	0.0050357	0.0082428	0.0090341	0.0034534	0.0056211	0.006734	0.0036742	0.0052317	0.009068	0.0074456	0.0063291	0.0086482	0.0061082	0.0130003	0.0039886	0.0096852	0.0065127	0.0104956	0.0046642	0.004817	0.009627	0.0059459	0.0102316	0.0085397	0.0086256	0.00612	0.0078918	0.0061457	0.0122494	0.0095622	0.0108247	0.0106425	0.0095648	0.012931	0.0104845	0.0106952	0.0053888	0.0075981	0.0115955	0.0158146	0.010582	0.0156546	0.0140541	0.0107459	
Creamy-bellied Thrush	0.1287129	0.1015656	0.1172291	0.0884447	0.0935795	0.0711877	0.0774844	0.0868278	0.0882518	0.0937149	0.1077771	0.1057549	0.1047859	0.1185567	0.1611047	0.1392808	0.1164921	0.1192965	0.1327635	0.1004843	0.1119005	0.1084548	0.1119403	0.1050096	0.0830325	0.0891892	0.0980075	0.1046114	0.1144336	0.1095471	0.113867	0.1391572	0.1291759	0.1660795	0.193299	0.2053607	0.2266858	0.216954	0.2223427	0.2305757	0.2251732	0.2498945	0.2486085	0.2511953	0.2183742	0.2073055	0.2108108	0.1656131	
White-necked Thrush	0.0	0.0	0.0	0.0	0.0	0.0	0.0	0.0	0.0	0.0	0.0	0.0	0.0	0.0	0.0	0.0	0.0	0.0	0.0	0.0	0.0	0.0	0.0	0.0	0.0	0.0	0.0	0.0	0.0	0.0	0.0	0.0	0.0	0.0	0.0	0.0	0.0	0.0	0.0	0.0	0.0	0.0	0.0	0.0015	0.0	0.0	0.0	0.0	
Rufous-bellied Thrush	0.4124381	0.3890004	0.392984	0.3058598	0.3268989	0.3649307	0.4013204	0.3532314	0.3968522	0.4332211	0.4568279	0.446562	0.4186398	0.4931271	0.5132336	0.5147929	0.465096	0.4787153	0.5749288	0.551251	0.5831853	0.5276968	0.4846082	0.5529865	0.5072202	0.4637838	0.4900377	0.4782237	0.5353652	0.5495716	0.5467869	0.6128183	0.5055679	0.5395068	0.5360825	0.5423729	0.5609756	0.5270115	0.5213304	0.5168292	0.5107775	0.5382018	0.5371058	0.5410077	0.5122655	0.4857685	0.5172973	0.4687105	
Turdus sp.	3.094E-4	0.0015	0.0	2.738E-4	4.196E-4	0.0026227	0.0013899	0.0	0.0011242	0.0	0.0	0.0	0.0	5.727E-4	0.0	0.0	0.0015	0.0017843	0.0	0.0015	0.0	0.0	4.664E-4	0.0	0.0	0.0	5.385E-4	0.0	0.0	6.12E-4	0.0	0.0	0.0	0.0020131	0.0	0.0011825	0.0015	0.0014368	0.0014461	6.291E-4	3.849E-4	0.0012664	0.0018553	0.0018389	4.81E-4	0.0	5.405E-4	3.161E-4	
Zebra Finch	0.0	0.0015	0.0	0.0	0.0	0.0	0.0	0.0	0.0	0.0	6.124E-4	0.0	0.0	0.0	0.0	0.0	0.0	0.0	0.0	0.0	0.0	0.0	0.0	0.0	0.0	0.0	0.0	0.0	0.0	0.0	0.0	0.0	0.0	0.0	0.0	0.0	0.0	0.0	0.0	0.0	0.0	0.0	0.0	0.0	0.0	0.0	0.0	0.0015	
Java Sparrow	0.0	0.0	0.0	0.0	0.0	0.0	0.0	0.0	0.0	0.0	0.0	0.0	0.0	0.0	0.0	0.0	0.0	0.0	0.0	0.0	0.0	0.0	0.0	0.0	0.0	0.0	0.0	0.0	0.0	0.0	0.0	0.0	0.0	0.0	0.0	0.0	0.0	0.0	0.0	0.0	0.0	0.0	0.0	0.0015	0.0	0.0	0.0	0.0	
Common Waxbill	0.0	0.0	0.0	0.0	0.0	0.0	0.0	0.0	0.0	0.0	0.0	0.0	5.038E-4	0.0	0.0	0.0	0.0	0.0	0.0	0.0	0.0	0.0	0.0	0.0	0.0	0.0	0.0	0.0	0.0	0.0	0.0	0.0	0.0	0.0	0.0	0.0	0.0	0.0	0.0	0.0	0.0	0.0	0.0	0.0	0.0	0.0	0.0	0.0	
House Sparrow	0.4170792	0.4130871	0.420071	0.3488499	0.330256	0.3342076	0.3412092	0.3177109	0.3518831	0.375982	0.3882425	0.396861	0.3667506	0.3986254	0.3642117	0.3896222	0.3883072	0.3543207	0.3977208	0.4011299	0.4097099	0.374344	0.3708022	0.3945087	0.4061372	0.3935135	0.3817986	0.383433	0.4071305	0.4192166	0.4036077	0.4323968	0.4315145	0.3900352	0.406701	0.4063855	0.4122429	0.4112069	0.4013015	0.4142812	0.4037721	0.4065006	0.4030612	0.4251563	0.4434824	0.4165085	0.4237838	0.4326802	
Italian Sparrow	0.0	0.0	0.0	0.0	0.0	0.0	0.0	0.0	0.0	0.0	0.0	0.0	0.0	0.0	0.0	0.0	0.0	0.0	0.0	0.0	0.0	0.0	0.0	0.0	0.0	0.0	0.0	0.0	0.0	0.0	5.637E-4	0.0	0.0	0.0	0.0	0.0	0.0	0.0	0.0	0.0	0.0	0.0	0.0	0.0	0.0	4.744E-4	0.0	3.161E-4	
House/Italian Sparrow	0.0	0.0	0.0	0.0	0.0	0.0	0.0	0.0	0.0	0.0	0.0	0.0	0.0	0.0	0.0	0.0	0.0	0.0	0.0	0.0	0.0	0.0	0.0	0.0	0.0	0.0	0.0	0.0	0.0	0.0	0.0015	0.0	0.0	0.0	0.0	0.0	0.0	0.0	0.0	0.0	0.0	0.0	0.0	0.0	0.0	0.0	0.0	0.0	
Yellowish Pipit	0.0092822	0.0112405	0.0079929	0.0041073	0.0062946	0.0037467	0.0013899	0.00296	0.0033727	0.0022447	0.0036742	0.0029895	0.0040302	0.0045819	0.0023015	0.0022758	0.0026178	0.0017843	0.0017094	0.0016142	0.0029603	0.0023324	0.0023321	0.0028902	0.0018051	0.0010811	0.001077	0.0029889	0.0051754	0.001836	0.0028185	0.0043898	0.0066815	0.0065425	0.0041237	0.007095	0.010043	0.0181034	0.0104845	0.0103806	0.0146266	0.0147742	0.0139147	0.0158146	0.011544	0.0071157	0.0151351	0.0085335	
Short-billed Pipit	0.0071163	0.0092332	0.0062167	0.0065717	8.393E-4	0.002248	0.0017373	0.00148	0.0022485	5.612E-4	0.0024495	0.0022422	0.0025189	0.0028637	0.0034522	0.0072827	0.0034904	0.0015294	0.0017094	0.0016142	0.0017762	0.0023324	0.0018657	0.0014451	0.0	0.0010811	0.002154	0.0021349	0.0023002	0.001836	0.0011274	0.0043898	0.0050111	0.0085556	0.006701	0.0051242	0.0114778	0.0066092	0.0126537	0.012268	0.0119323	0.0139299	0.0148423	0.0194925	0.016354	0.0194497	0.0108108	0.0066372	
Pampas Pipit	0.0024752	4.014E-4	0.0017762	0.0016429	0.0	3.747E-4	0.0	0.0015	0.0	0.0015	6.124E-4	0.0011211	0.0	5.727E-4	5.754E-4	4.552E-4	0.0	0.0	5.698E-4	0.0	0.0	0.0	0.0	0.0	0.0	0.0	0.0	0.0	0.0	0.0	0.0	0.0	0.0011136	0.005536	5.155E-4	0.0027592	0.0028694	0.0014368	0.0072307	0.0047185	0.0019246	0.0050654	0.0060297	0.0044134	0.002405	0.006167	0.0037838	0.0012642	
Correndera Pipit	0.0383663	0.0341228	0.0257549	0.0284775	0.0247587	0.0202323	0.0132036	0.0148002	0.0236088	0.0140292	0.0153092	0.0227952	0.0196474	0.0154639	0.0253165	0.0177515	0.0205061	0.0257456	0.0216524	0.019774	0.0136175	0.0163265	0.0223881	0.0134875	0.0090253	0.0172973	0.0177706	0.0145175	0.0189764	0.0183599	0.0231116	0.0223881	0.0278396	0.0367388	0.028866	0.0346866	0.0325203	0.0445402	0.0336226	0.0449827	0.0373364	0.0476995	0.0496289	0.0559029	0.047619	0.03463	0.0448649	0.0357143	
Hellmayr's Pipit	0.0077351	0.0080289	0.0066607	0.0038335	0.0033571	0.003372	0.0017373	0.00296	0.0011242	0.0016835	0.0030618	0.0029895	0.004534	0.0045819	0.004603	0.0036413	0.0026178	0.0045883	0.0034188	0.0028249	0.0029603	0.0058309	0.0032649	0.0024085	0.0030084	0.0032432	0.0016155	0.0038429	0.0069005	0.0067319	0.005637	0.0092186	0.0061247	0.0095622	0.0082474	0.0039417	0.0052606	0.0091954	0.0061461	0.0116389	0.0096228	0.0101309	0.0143785	0.0136079	0.008658	0.0080645	0.0091892	0.0060051	
pipit sp.	0.0043317	0.0024087	0.0066607	0.0041073	0.0058749	0.0059948	0.0031272	0.0059201	0.0056211	0.0028058	0.0036742	0.0059791	0.0050378	0.0045819	0.0069045	0.0077378	0.0065445	0.0119806	0.0045584	0.0056497	0.0041445	0.006414	0.0088619	0.0024085	0.0042118	0.0081081	0.005385	0.0042699	0.0063255	0.004896	0.0039459	0.0039508	5.568E-4	0.0040262	0.0041237	0.0059125	0.0038259	0.0068966	0.0090383	0.005033	0.0050038	0.0012664	0.0074212	0.00331	0.003848	0.0052182	0.0048649	0.0047408	
European Greenfinch	0.0210396	0.018065	0.0168739	0.0125958	0.0138481	0.0101161	0.005212	0.0059201	0.0061832	5.612E-4	0.0055113	0.0041106	0.0050378	0.0040092	0.0069045	0.0031862	0.0047993	0.0058629	0.0051282	0.003632	0.0029603	0.0023324	0.0097948	0.0024085	0.0042118	0.0054054	0.008616	0.0055508	0.0051754	0.0110159	0.0073281	0.0118525	0.0150334	0.011072	0.0185567	0.0252266	0.023912	0.0201149	0.016269	0.0150991	0.013087	0.0122415	0.0185529	0.0154469	0.018278	0.0185009	0.0124324	0.0164349	
European Goldfinch	0.0133045	0.010839	0.0079929	0.0101314	0.0088124	0.0052454	0.0027797	0.0064134	0.0089938	0.0061728	0.0079608	0.0067265	0.0070529	0.0040092	0.0086306	0.0095585	0.0100349	0.008157	0.0136752	0.0092817	0.0148017	0.0116618	0.0135261	0.0134875	0.011432	0.0135135	0.0150781	0.0098207	0.0115009	0.0116279	0.0090192	0.0127305	0.0061247	0.0105687	0.0154639	0.0149783	0.0081301	0.0074713	0.0065076	0.007235	0.0065435	0.0092866	0.0074212	0.0099301	0.013949	0.0094877	0.0108108	0.0094817	
new world goldfinch sp.	0.0	0.0	0.0	0.0	0.0	0.0	0.0	0.0	0.0	0.0	0.0	0.0	0.0	0.0	0.0	0.0	0.0	2.549E-4	0.0	0.0	0.0	0.0	0.0	0.0	0.0	0.0	0.0	0.0	0.0	0.0	0.0	0.0	0.0	0.0	0.0	0.0	0.0	0.0	0.0	0.0	0.0	0.0	0.0	0.0	0.0	0.0	0.0	0.0	
Hooded Siskin	0.2580446	0.2609394	0.2539964	0.2215225	0.2412925	0.2094417	0.2119527	0.1835224	0.1956155	0.17789	0.1604409	0.1479821	0.1511335	0.1471936	0.16916	0.1693218	0.1910995	0.1939842	0.2	0.1920904	0.2255773	0.2134111	0.2234142	0.1984586	0.1967509	0.2021622	0.1943996	0.2036721	0.2196665	0.2037944	0.2040586	0.2352941	0.2210468	0.2310015	0.2376289	0.2329523	0.2505978	0.2626437	0.2433116	0.2459893	0.2359507	0.2473618	0.2513915	0.2607576	0.2501203	0.2371917	0.2708108	0.2632743	
Black-chinned Siskin	0.0	0.0	0.0	0.0	0.0	3.747E-4	0.0	0.0	0.0	0.0	0.0	3.737E-4	5.038E-4	0.0011455	0.0	0.0	0.0	5.098E-4	0.0	0.0	0.0	5.831E-4	9.328E-4	0.0	0.0	0.0	0.0	0.0	0.0	0.0	0.0011274	4.39E-4	5.568E-4	5.033E-4	0.0	3.942E-4	0.0015	0.0	0.0	0.0	3.849E-4	0.0	0.0	0.0	0.0	0.0	0.0	0.0	
Spinus sp.	0.0	0.0	0.0	0.0	0.0	0.0	0.0	4.933E-4	0.0	0.0	0.0	0.0	5.038E-4	0.0	0.0	0.0	0.0	0.0	0.0	0.0	0.0	0.0	0.0	0.0	6.017E-4	0.0	0.0	0.0	0.0	0.0	0.0	0.0	0.0	0.0	0.0	0.0	0.0	0.0	0.0	0.0	0.0	0.0	0.0	0.0	0.0	0.0	0.0	0.0	
finch sp.	0.0	0.0	0.0	0.0	0.0	0.0	0.0	0.0	0.0	0.0	0.0	0.0	0.0	0.0	0.0	0.0	0.0	0.0	0.0	0.0	0.0	0.0	0.0	0.0	0.0	0.0	0.0	0.0	0.0	0.0	0.0	4.39E-4	0.0	0.0	0.0	0.0	0.0	0.0	0.0	0.0	0.0	0.0	0.0	0.0	0.0	0.0	0.0	0.0	
Grassland Sparrow	0.0368193	0.0489763	0.0479574	0.0377875	0.0457407	0.0232297	0.0184156	0.0222003	0.0207982	0.0123457	0.0134721	0.0063528	0.0075567	0.0063001	0.004603	0.0122895	0.0095986	0.0158042	0.0096866	0.0141243	0.0100651	0.012828	0.0130597	0.0096339	0.0060168	0.0091892	0.0102316	0.0059778	0.0103508	0.0110159	0.0095829	0.0166813	0.0167038	0.0286865	0.0247423	0.0181317	0.0349115	0.0396552	0.0383225	0.0352312	0.0307929	0.0401013	0.0435993	0.0378816	0.044252	0.0441176	0.0372973	0.0303413	
Rufous-collared Sparrow	0.5912748	0.5604175	0.5475133	0.4515334	0.4146034	0.3877857	0.3842946	0.3443513	0.3535694	0.3417508	0.3680343	0.3979821	0.4050378	0.3894616	0.4349827	0.4182977	0.4637871	0.4746368	0.4501425	0.4188862	0.4712848	0.4379009	0.4650187	0.4489403	0.4596871	0.4686486	0.4771136	0.5038429	0.5186889	0.5171359	0.5248027	0.5421422	0.5317372	0.5752391	0.5793814	0.561687	0.6011478	0.6270115	0.588214	0.5945266	0.5885296	0.6015196	0.6363636	0.618242	0.5680616	0.5925047	0.5789189	0.6273704	
Bobolink	0.0	0.0	0.0	0.0	0.0	0.0	0.0	0.0	0.0016863	0.0	0.0	0.0	0.0	0.0	0.0	0.0	0.0	0.0	0.0	0.0	0.0	0.0	0.0	0.0	0.0	0.0	0.0	0.0	0.0	0.0	0.0	0.0	0.0	0.0	0.0	0.0	0.0	0.0	0.0	0.0	0.0	0.0	0.0	0.0	0.0	0.0	0.0	0.0	
White-browed Meadowlark	0.0699257	0.0602168	0.0506217	0.0399781	0.0402854	0.025103	0.0211953	0.0152935	0.024733	0.0145903	0.0153092	0.0142003	0.013602	0.0143184	0.0212888	0.0186618	0.0161431	0.0193729	0.0176638	0.0165456	0.0112493	0.0134111	0.0172575	0.0072254	0.0120337	0.0145946	0.007539	0.0093937	0.0092007	0.0128519	0.018602	0.0153644	0.0267261	0.0286865	0.0314433	0.0358691	0.0430416	0.062931	0.0654375	0.0600818	0.0662048	0.0734487	0.0918367	0.09121	0.0870611	0.0777989	0.0837838	0.0685841	
Pampas Meadowlark	0.0030941	0.0060217	8.881E-4	0.0016429	0.0012589	0.001124	0.0013899	0.00148	0.0016863	0.0	0.0015	0.0011211	0.0020151	0.0011455	0.0028769	0.0022758	0.0017452	0.0012745	5.698E-4	0.0016142	0.0023683	0.0017493	0.0041978	0.0014451	0.0	0.0064865	0.003231	0.0021349	0.0017251	0.0015	0.0	0.0017559	0.0050111	0.0045294	0.0015464	0.0035475	0.0066954	0.0031609	0.0079537	0.0084932	0.0057737	0.0042212	0.0111317	0.0102979	0.010101	0.0094877	0.0037838	0.0018963	
Long-tailed Meadowlark	0.041151	0.0501807	0.0426288	0.0435378	0.0318926	0.0307231	0.0211953	0.0291071	0.0252951	0.0241302	0.0269443	0.0250374	0.0418136	0.0337915	0.0408516	0.0468821	0.0488656	0.0593933	0.0279202	0.0419693	0.0284192	0.0291545	0.0415112	0.0202312	0.0306859	0.0572973	0.0387722	0.0371477	0.0304773	0.0361077	0.035513	0.0368745	0.0517817	0.0634122	0.0438144	0.0516358	0.0688666	0.0531609	0.0697758	0.0544196	0.0469592	0.0502322	0.0519481	0.0562707	0.0557961	0.0621442	0.0464865	0.0353982	
Leistes sp.	0.0	0.0	0.0	0.0	0.0	0.0	0.0	0.0	0.0	0.0	0.0	0.0	0.0	0.0	0.0	4.552E-4	0.0	2.549E-4	0.0	0.0	0.0	0.0	0.0	0.0	0.0	0.0	0.0	0.0015	0.0	0.0	0.0	0.0	0.0	0.0	0.0	0.0	0.0	0.0015	0.0	0.0	0.0	0.0	0.0	0.0	0.0	0.0	5.405E-4	0.0	
Crested Oropendola	0.0	0.0	0.0	0.0	0.0	0.0	0.0	0.0	0.0	0.0	0.0	0.0	0.0	0.0	0.0	0.0	0.0	0.0	0.0	0.0	0.0	0.0	0.0	0.0	0.0	0.0	0.0	0.0	0.0	0.0	0.0	0.0	0.0	0.0	0.0	0.0	0.0	0.0015	0.0	0.0	0.0	0.0	0.0	0.0	0.0	0.0	0.0	0.0	
Solitary Black Cacique	0.018255	0.0224809	0.0261989	0.019989	0.0176248	0.0183589	0.0211953	0.021707	0.0264193	0.0224467	0.0269443	0.0224215	0.0231738	0.0194731	0.0379747	0.0282203	0.0253054	0.0211573	0.034188	0.0363196	0.035524	0.0244898	0.0354478	0.0447977	0.0415162	0.0410811	0.0420032	0.0388557	0.0362277	0.0354957	0.0377678	0.0368745	0.0283964	0.0312028	0.0345361	0.0469058	0.0396939	0.033908	0.0343456	0.0301982	0.0365666	0.0308147	0.0352505	0.0305259	0.026455	0.0270398	0.0275676	0.0230721	
Golden-winged Cacique	0.0	0.0	0.0	0.0	0.0	0.0	0.0	0.0	0.0	5.612E-4	0.0	0.0	0.0	0.0	0.0	0.0	0.0	0.0	0.0	8.071E-4	0.0	0.0	0.0	0.0	0.0	0.0	0.0	0.0	0.0	0.0	0.0	0.0	0.0	0.0	0.0	0.0	4.782E-4	0.0	0.0	0.0	0.0	0.0	0.0	0.0	0.0	0.0	0.0	0.0	
Variable Oriole	0.0337252	0.0329185	0.0381883	0.0399781	0.0419639	0.0400899	0.0517721	0.0596941	0.0567735	0.0533109	0.0808328	0.0560538	0.0554156	0.0538373	0.0690449	0.0737369	0.0619546	0.0670405	0.0843305	0.0794996	0.080521	0.0810496	0.0811567	0.0920039	0.0794224	0.0578378	0.0743134	0.0644748	0.0770558	0.0636475	0.0642616	0.071993	0.0746102	0.0603926	0.0659794	0.0646433	0.0693448	0.0534483	0.0585683	0.0622837	0.0558122	0.056564	0.0500928	0.0485473	0.039923	0.0422201	0.0556757	0.0442478	
Orange-backed Troupial	0.0	4.014E-4	0.0	0.0	0.0	0.0	0.0	0.0	0.0015	0.0	0.0	3.737E-4	0.0	5.727E-4	0.0	0.0018207	0.0	0.0	0.0	0.0	0.0	0.0	0.0	0.0	0.0	0.0	5.385E-4	0.0	0.0	0.0	0.0	0.0	0.0	0.0	0.0	0.0	0.0	5.747E-4	0.0	0.0	3.849E-4	0.0	0.0	0.0	0.0	0.0015	0.0	3.161E-4	
Screaming Cowbird	0.0835396	0.0746688	0.0817052	0.0690033	0.066303	0.0584489	0.0528145	0.0567341	0.0483418	0.0432099	0.0342927	0.0351271	0.0377834	0.0372279	0.0454545	0.0496131	0.0514834	0.0642366	0.0586895	0.0439871	0.0597987	0.051312	0.0652985	0.0520231	0.0511432	0.052973	0.0581583	0.0508113	0.0782059	0.0667075	0.06708	0.0693591	0.0790646	0.078007	0.0881443	0.0831691	0.0822573	0.1103448	0.0997831	0.0946839	0.1035412	0.0945547	0.1001855	0.1099669	0.0957191	0.0872865	0.0881081	0.0979772	
Shiny Cowbird	0.3285891	0.303894	0.2735346	0.1957831	0.1712128	0.1446235	0.128909	0.1198816	0.10905	0.0993266	0.1145132	0.1072496	0.102267	0.1185567	0.1570771	0.145198	0.16274	0.1809839	0.1623932	0.153753	0.169331	0.1609329	0.1669776	0.1685934	0.154633	0.1756757	0.1739365	0.2087959	0.2374928	0.2227662	0.2305524	0.26295	0.2783964	0.3009562	0.3371134	0.3366181	0.384505	0.4051724	0.3828633	0.3686694	0.369515	0.3777965	0.3900742	0.3780802	0.3684464	0.3714421	0.3610811	0.3666245	
Screaming/Shiny Cowbird	0.0021658	0.0028101	0.0039964	0.003012	0.0025178	0.0018734	0.0020848	0.0024667	0.0028106	0.0	0.0012247	0.0018685	0.0015113	0.0034364	0.0017261	0.0022758	0.004363	0.0033138	0.0011396	0.0016142	0.0017762	0.0011662	0.0023321	9.634E-4	0.0054152	0.0027027	5.385E-4	0.0025619	0.0040253	0.001836	0.0033822	0.0030729	0.002784	0.0010065	0.0056701	0.00473	0.0062171	0.0057471	0.0039769	0.0059767	0.0073133	0.0037991	0.0027829	0.0047812	0.006253	0.0033207	0.0048649	0.0047408	
Giant Cowbird	0.0	0.0	0.0	0.0	0.0	0.0	0.0	0.0	0.0	0.0	0.0	0.0	0.0	0.0	0.0	0.0	0.0	0.0	0.0	0.0	0.0	0.0	4.664E-4	0.0	0.0	0.0	0.0	0.0	0.0	0.0	0.0	0.0	0.0	0.0	0.0	0.0	0.0	0.0	0.0	0.0	0.0	0.0	0.0	0.0	0.0	0.0	0.0	0.0	
Scarlet-headed Blackbird	0.0136139	0.0160578	0.0159858	0.0087623	0.0155266	0.0074934	0.0076442	0.0133202	0.0134907	0.0140292	0.0183711	0.0115845	0.0120907	0.0080183	0.0143843	0.0200273	0.0126527	0.0178435	0.0136752	0.0133172	0.0159858	0.012828	0.0153918	0.0187861	0.0144404	0.0194595	0.0172321	0.0145175	0.0184014	0.0244798	0.0332582	0.0166813	0.0178174	0.0156014	0.0231959	0.0303508	0.025825	0.0241379	0.0220535	0.0311419	0.0319477	0.0341916	0.0380334	0.0290548	0.02405	0.0241935	0.0302703	0.0167509	
Chopi Blackbird	0.0	0.0	0.0	0.0	0.0	0.0	0.0	0.0	0.0	0.0	0.0	0.0	0.0	0.0	0.0	0.0	0.0	0.0	0.0	0.0	0.0	0.0	0.0	0.0	0.0	0.0	0.0	0.0	0.0	6.12E-4	5.637E-4	0.0	0.0	0.0	0.0	0.0	0.0	0.0	0.0	0.0	0.0	0.0	0.0	0.0	0.0	0.0	0.0	0.0	
Grayish Baywing	0.3298267	0.3123244	0.3152753	0.2743702	0.3185061	0.2855002	0.3120222	0.3098175	0.3108488	0.2912458	0.2829149	0.2869955	0.2478589	0.2359679	0.2773303	0.2530724	0.2866492	0.2880449	0.3059829	0.2800646	0.2918887	0.2676385	0.2747201	0.2904624	0.2641396	0.2724324	0.2557889	0.2677199	0.3013226	0.2778458	0.2519729	0.2677788	0.2388641	0.2632109	0.2773196	0.2747339	0.3032042	0.3255747	0.3087491	0.30324	0.3110085	0.2899958	0.3404453	0.3236484	0.3208273	0.3287476	0.3156757	0.3211125	
Unicolored Blackbird	0.0043317	0.0052188	0.0053286	0.0032859	0.0033571	0.0052454	0.0024322	0.0039467	0.0028106	0.0056117	0.0018371	0.0026158	0.0040302	0.0045819	0.0034522	0.0031862	0.0017452	0.005353	0.005698	0.0028249	0.0059207	0.0023324	0.0051306	0.004817	0.0024067	5.405E-4	0.0080775	0.0059778	0.0051754	0.005508	0.0090192	0.0026339	0.0066815	0.0045294	0.0097938	0.0051242	0.0081301	0.0091954	0.0068691	0.0037748	0.0061586	0.0080203	0.0060297	0.005149	0.010582	0.0042694	0.0027027	0.0031606	
Yellow-winged Blackbird	0.0915842	0.0947411	0.0683837	0.0700986	0.0679815	0.0580742	0.0458652	0.0646275	0.0753232	0.0533109	0.061237	0.0713752	0.0881612	0.0607102	0.0673188	0.0796541	0.1055846	0.0782564	0.0780627	0.0617433	0.0769686	0.0781341	0.0890858	0.0895954	0.0788207	0.0924324	0.1044696	0.0994876	0.0954572	0.1046512	0.1099211	0.1035996	0.1169265	0.1222949	0.1206186	0.1072132	0.1248207	0.1344828	0.1023138	0.1299151	0.1197075	0.1186154	0.1349722	0.1169548	0.1029341	0.1081594	0.1043243	0.0989254	
Chestnut-capped Blackbird	0.0167079	0.0124448	0.0137655	0.0104053	0.010491	0.0078681	0.0066018	0.0118402	0.0106802	0.0039282	0.0061237	0.0078475	0.009068	0.0051546	0.004603	0.0068275	0.0117801	0.0124904	0.008547	0.0084746	0.0130255	0.0058309	0.0130597	0.0125241	0.011432	0.0227027	0.0150781	0.0149445	0.0155262	0.0189718	0.0140924	0.0153644	0.0217149	0.0266734	0.0216495	0.01892	0.0248685	0.0359195	0.0234996	0.0254797	0.0315627	0.0287041	0.0329314	0.0283192	0.022126	0.0170778	0.0167568	0.0189633	
Saffron-cowled Blackbird	0.0	0.0	0.0	0.0	0.0	0.0	0.0	0.0	0.0	0.0	0.0	0.0	0.0	0.0	0.0	0.0	0.0	0.0	0.0	0.0	0.0	0.0	0.0	0.0	0.0	0.0	0.0	0.0	0.0	0.0	0.0	0.0	0.0	0.0	0.0	0.0	0.0	0.0	0.0	0.0	0.0015	0.0	0.0	0.0	0.0	0.0015	0.0	0.0	
Brown-and-yellow Marshbird	0.116646	0.1087916	0.0941385	0.08023	0.0746958	0.0666916	0.0674079	0.0794277	0.1017426	0.0892256	0.0783833	0.1076233	0.1123426	0.0962199	0.1116226	0.115157	0.1492147	0.114963	0.1071225	0.1081517	0.1000592	0.1148688	0.1254664	0.1050096	0.1089049	0.1335135	0.1410878	0.1157131	0.1184589	0.1003672	0.1234498	0.1071115	0.1202673	0.1253145	0.1340206	0.1348049	0.1401243	0.158908	0.1352133	0.1506763	0.1524249	0.1549177	0.1767161	0.1515263	0.1515152	0.142315	0.1351351	0.1280025	
blackbird sp.	6.188E-4	8.029E-4	4.44E-4	2.738E-4	0.0	3.747E-4	0.0	9.867E-4	0.0015	0.0	6.124E-4	3.737E-4	0.0010076	0.0017182	5.754E-4	9.103E-4	0.0017452	0.0022942	5.698E-4	8.071E-4	5.921E-4	0.0	9.328E-4	0.0015	6.017E-4	0.0010811	0.0015	8.54E-4	5.75E-4	6.12E-4	5.637E-4	0.0013169	0.0011136	0.0	5.155E-4	0.0	0.0	8.621E-4	0.0010846	6.291E-4	0.0011547	8.442E-4	4.638E-4	7.356E-4	9.62E-4	0.0	5.405E-4	9.482E-4	
Southern Yellowthroat	0.0513614	0.0525893	0.0541741	0.0301205	0.0339908	0.0262271	0.0354413	0.0409472	0.0528387	0.0359147	0.0483772	0.0321375	0.0216625	0.010882	0.0143843	0.0031862	0.0026178	0.0017843	0.0017094	0.0024213	0.0017762	0.0	9.328E-4	0.0014451	0.0012034	0.0027027	5.385E-4	0.001281	0.0017251	0.003672	0.005637	0.0026339	0.0055679	0.0060393	0.0396907	0.0618841	0.0832138	0.0942529	0.093637	0.0915382	0.0962279	0.0928662	0.0923006	0.096359	0.0721501	0.0782732	0.0864865	0.0786979	
Common Yellowthroat	0.0	0.0	0.0	0.0	0.0	0.0	0.0	0.0	0.0	0.0	0.0	0.0	0.0	0.0	0.0	0.0	0.0	0.0	0.0	0.0	0.0	0.0	0.0	0.0	0.0	0.0	5.385E-4	0.0	5.75E-4	0.0159119	0.0101466	0.0074627	0.0	0.0010065	0.0	0.0	0.0	0.0	0.0	0.0	0.0	0.0	0.0	0.0	0.0	0.0	0.0	0.0	
Tropical Parula	0.0770421	0.0598153	0.0670515	0.0572289	0.0482585	0.0427126	0.0514246	0.0513074	0.0663294	0.0667789	0.0685854	0.0713752	0.0685139	0.0893471	0.0960875	0.0860264	0.0876963	0.0813153	0.1037037	0.0976594	0.0988751	0.0997085	0.1040112	0.1093449	0.0986763	0.0848649	0.097469	0.088813	0.1184589	0.0997552	0.0918828	0.1154522	0.0890869	0.1107197	0.0989691	0.0969649	0.1009087	0.0982759	0.0809834	0.0849324	0.0746728	0.0827353	0.0918367	0.0820154	0.0832131	0.0768501	0.0902703	0.0812263	
Golden-crowned Warbler	0.0414604	0.0349257	0.0333037	0.0257393	0.0369282	0.0325965	0.0364837	0.049334	0.0562114	0.0544332	0.0502143	0.0568012	0.0564232	0.0624284	0.0655926	0.0732817	0.056719	0.0655111	0.0769231	0.0726392	0.0870337	0.0816327	0.0876866	0.088632	0.0806258	0.0751351	0.0759289	0.0858241	0.0908568	0.0752754	0.0744081	0.0798946	0.0584633	0.0654253	0.0618557	0.0658258	0.0612147	0.062931	0.0589299	0.0468701	0.0527329	0.060363	0.0667904	0.0650975	0.0529101	0.0597723	0.0556757	0.0524652	
White-browed Warbler	0.0027847	0.0020072	0.0026643	0.0049288	0.0029375	0.002248	0.0038221	0.0054267	0.0073075	0.0016835	0.0018371	0.0029895	0.0025189	0.0040092	0.004603	0.0050068	0.0047993	0.005353	0.0039886	0.0044391	0.0041445	0.0040816	0.0065299	0.0024085	0.0036101	0.0064865	0.007539	0.0064048	0.0057504	0.00306	0.0028185	0.0030729	0.0022272	0.0020131	0.0036082	0.0031533	0.0057389	0.0034483	0.0039769	0.0018874	0.0019246	0.0021106	0.0037106	0.0047812	0.002405	0.0042694	0.0016216	0.0034766	
Hepatic Tanager	0.0092822	0.0044159	0.0053286	0.0112267	0.0092321	0.0089921	0.0125087	0.0128268	0.0179876	0.0151515	0.0134721	0.0216741	0.0221662	0.0223368	0.0327963	0.0309513	0.0301047	0.0277849	0.0433048	0.0387409	0.0479574	0.0344023	0.0331157	0.0342004	0.0348977	0.0313514	0.0274637	0.0260461	0.0362277	0.0330477	0.0360767	0.0324846	0.02951	0.0216407	0.0226804	0.0201025	0.0248685	0.0149425	0.0144613	0.0147845	0.0100077	0.0101309	0.0083488	0.0132402	0.006253	0.0080645	0.007027	0.0060051	
Scarlet Tanager	0.0	0.0	0.0	0.0	0.0	0.0	0.0	0.0	0.0	0.0	0.0	0.0	0.0	0.0	0.0	0.0	0.0	2.549E-4	5.698E-4	0.0	0.0	0.0	0.0	0.0	0.0	0.0	0.0	0.0	0.0	0.0	0.0	0.0	0.0	0.0	0.0	0.0	0.0	0.0	0.0	0.0	0.0	0.0	0.0	0.0	0.0	0.0	0.0	0.0	
Black-backed Grosbeak	0.0	0.0	0.0	0.0	0.0	0.0	0.0	0.0	0.0	0.0	0.0	0.0	0.0	0.0	0.0	0.0	0.0	0.0	0.0	0.0	0.0	0.0	0.0	0.0	0.0	0.0	0.0	0.0	0.0	0.0	0.0	0.0	0.0	0.0015	0.0	0.0	0.0	0.0	0.0	0.0	0.0	0.0	0.0	0.0	0.0	0.0	0.0	0.0	
Glaucous-blue Grosbeak	0.0034035	0.0040145	0.0026643	0.0013691	0.0012589	7.493E-4	0.0024322	0.0019734	0.0022485	0.0022447	0.0018371	7.474E-4	5.038E-4	0.0	0.0011507	4.552E-4	0.0013089	0.0012745	0.0017094	0.0	0.0011841	0.0040816	0.0023321	0.0019268	0.0036101	0.0010811	0.002154	0.0059778	0.0017251	0.002448	0.0028185	4.39E-4	5.568E-4	0.0025164	0.0020619	0.002365	0.0028694	0.0028736	0.0036153	0.0059767	0.0076982	0.0046433	0.0046382	0.0036778	0.004329	0.0037951	0.0032432	0.0044248	
Ultramarine Grosbeak	0.0034035	0.003613	0.0044405	0.0057503	0.0075535	0.0059948	0.0055594	0.0064134	0.0089938	0.0022447	0.004899	0.0063528	0.0080605	0.0040092	0.0069045	0.0050068	0.0056719	0.0061178	0.0062678	0.0072639	0.0112493	0.0104956	0.014459	0.0144509	0.0072202	0.0075676	0.0070005	0.0055508	0.0046003	0.005508	0.0095829	0.0092186	0.013363	0.0080523	0.0072165	0.0059125	0.0090866	0.0077586	0.0093999	0.0059767	0.0084681	0.0054875	0.0083488	0.0080912	0.00962	0.0037951	0.0043243	0.0075853	
Glaucous-blue/Ultramarine Grosbeak	0.0	0.0	0.0	0.0	0.0	0.0	0.0	0.0	0.0	0.0	0.0	0.0	0.0	0.0	0.0	0.0	0.0	0.0	0.0	0.0	0.0	0.0	9.328E-4	0.0	0.0	0.0	0.0	0.0	0.0	0.0	0.0	0.0	0.0	0.0	0.0	0.0	0.0	0.0	0.0	0.0	3.849E-4	0.0	0.0	0.0	0.0	0.0	0.0	0.0	
Red-crested Cardinal	0.0498144	0.0469691	0.0546181	0.0421687	0.0314729	0.0412139	0.0493398	0.0527874	0.044407	0.0448934	0.0465401	0.0482063	0.0448363	0.0452463	0.0678941	0.0523441	0.0545375	0.0675503	0.0735043	0.0686037	0.0645352	0.0758017	0.0718284	0.0722543	0.0661853	0.0486486	0.0560043	0.0636208	0.0741806	0.0673195	0.0631342	0.0553117	0.0428731	0.0553598	0.056701	0.049665	0.0674319	0.062931	0.04953	0.0556779	0.0662048	0.0721824	0.0723562	0.070982	0.0582011	0.0649905	0.0691892	0.0663717	
Yellow-billed Cardinal	0.0120668	0.0120434	0.0159858	0.00931	0.0117499	0.0071188	0.0066018	0.0118402	0.0129286	0.0084175	0.0140845	0.0100897	0.0050378	0.0080183	0.009206	0.0091033	0.0117801	0.0124904	0.0159544	0.0084746	0.0148017	0.0157434	0.016791	0.0120424	0.0186522	0.0178378	0.0204631	0.0196413	0.0161012	0.0146879	0.0191657	0.0184372	0.016147	0.0206341	0.0159794	0.0173433	0.013869	0.0186782	0.0122921	0.0141554	0.0107775	0.0160405	0.0171614	0.0165502	0.019721	0.0128083	0.0113514	0.0101138	
Black-faced Tanager	0.0	0.0	0.0	0.0	0.0	0.0	0.0	0.0	0.0	0.0	0.0	0.0	0.0	0.0	0.0	0.0	0.0	0.0	0.0	0.0	0.0	0.0	4.664E-4	0.0	0.0	0.0	0.0	0.0	0.0	0.0	0.0	0.0	0.0	0.0	0.0	0.0	0.0	0.0	0.0	0.0	0.0	0.0	0.0	0.0	0.0	0.0	0.0	3.161E-4	
Hooded Tanager	0.0	0.0	0.0	0.0	0.0	0.0	0.0	0.0	0.0	0.0	0.0	0.0	0.0	0.0	0.0	0.0	0.0	0.0	0.0	0.0	0.0	0.0015	0.0	0.0	0.0	0.0	0.0	0.0	0.0	0.0	0.0	0.0	0.0	0.0	0.0	0.0	0.0	0.0	0.0	0.0	0.0	0.0	0.0	0.0	0.0	0.0	0.0	0.0	
Orange-headed Tanager	0.0	0.0	0.0	0.0	0.0	0.0	0.0	0.0	0.0	0.0	0.0	0.0	0.0	0.0	0.0	0.0	0.0	0.0	0.0	0.0	0.0	0.0	0.0	0.0	6.017E-4	0.0	0.0	4.27E-4	0.0	0.0	0.0	0.0	0.0	0.0	0.0	0.0	0.0	0.0	0.0	0.0	0.0	0.0	0.0	0.0	0.0	0.0	0.0	0.0	
Chestnut-headed Tanager	0.0	0.0	0.0	0.0	0.0	0.0	0.0	0.0	0.0	0.0	0.0	0.0	0.0	0.0	0.0	0.0	0.0	0.0	0.0	0.0	0.0	0.0	4.664E-4	4.817E-4	6.017E-4	5.405E-4	5.385E-4	0.0	5.75E-4	6.12E-4	5.637E-4	0.0	0.0	0.0	0.0	0.0	0.0	0.0	0.0	0.0	0.0	0.0	0.0	0.0	0.0	0.0	0.0	0.0	
Gray-throated Warbling Finch	0.0027847	0.0044159	0.0075488	0.0062979	0.0054553	0.0048707	0.0038221	0.0059201	0.0033727	0.003367	0.0030618	0.0056054	0.0060453	0.0057274	0.0126582	0.0095585	0.0095986	0.0089217	0.0165242	0.0153349	0.0112493	0.0145773	0.020056	0.0163776	0.0174489	0.0151351	0.0129241	0.0166524	0.0178263	0.0134639	0.0152198	0.0158033	0.0105791	0.0105687	0.0159794	0.0145842	0.0124342	0.008046	0.0065076	0.0047185	0.0065435	0.0084424	0.0088126	0.0077234	0.006253	0.0071157	0.007027	0.0066372	
Ringed Warbling Finch	6.188E-4	4.014E-4	4.44E-4	0.003012	0.0020982	0.002248	6.949E-4	0.00148	0.0016863	5.612E-4	0.0018371	3.737E-4	0.0020151	0.002291	0.0017261	0.0018207	8.726E-4	0.0025491	0.0017094	0.0016142	0.0017762	0.0023324	0.0023321	0.0	6.017E-4	0.0010811	5.385E-4	0.0	0.0017251	0.002448	0.0	8.78E-4	0.002784	0.0015098	0.0020619	0.0015767	0.0043042	5.747E-4	0.0061461	0.0012583	0.0030793	0.0021106	0.0018553	0.0014711	0.001924	0.0028463	0.0027027	3.161E-4	
Black-capped Warbling Finch	0.0095916	0.0116419	0.0128774	0.00931	0.0125892	0.0116148	0.0083391	0.0162802	0.0129286	0.0151515	0.0238824	0.0198057	0.0186398	0.0211913	0.0287687	0.0254893	0.0266143	0.0214122	0.02849	0.0298628	0.0373002	0.0338192	0.0359142	0.0390173	0.034296	0.0286486	0.0328487	0.0409906	0.0362277	0.0318237	0.0236753	0.0381914	0.0356347	0.029693	0.0335052	0.030745	0.0224773	0.0258621	0.0213304	0.0169865	0.0188607	0.0156184	0.0199443	0.0216992	0.015873	0.0175522	0.012973	0.0101138	
Ruby-crowned Tanager	0.0	0.0	0.0	0.0	0.0	0.0	0.0	0.0	0.0	0.0	0.0	0.0	0.0	0.0	0.0	0.0	0.0	0.0	0.0	0.0	0.0	0.0	0.0	4.817E-4	6.017E-4	5.405E-4	0.0	0.0025619	5.75E-4	0.0	0.0	0.0	0.0	0.0	5.155E-4	0.0	0.0	0.0	0.0	0.0	0.0	0.0	0.0	0.0	0.0	0.0	0.0	0.0	
White-lined Tanager	6.188E-4	0.0	8.881E-4	8.215E-4	0.0015	0.001124	0.0013899	9.867E-4	0.0022485	5.612E-4	0.0015	0.0015	5.038E-4	0.0011455	0.0011507	0.0013655	4.363E-4	5.098E-4	0.0011396	0.0	0.0011841	0.0023324	0.0041978	9.634E-4	0.0	5.405E-4	0.0	4.27E-4	5.75E-4	6.12E-4	5.637E-4	0.0015	0.0011136	0.0030196	0.0015	0.0	0.001913	0.0	0.0010846	9.437E-4	3.849E-4	0.0012664	4.638E-4	3.678E-4	0.0	0.0	0.0	3.161E-4	
Diademed Tanager	0.0071163	0.0056202	0.0097691	0.0117744	0.0134285	0.0112402	0.0132036	0.0113468	0.0140528	0.0106622	0.0079608	0.0089686	0.0115869	0.0103093	0.0161105	0.0095585	0.0126527	0.0096865	0.0153846	0.0221953	0.0148017	0.0075802	0.0163246	0.0245665	0.0150421	0.0162162	0.0091546	0.0170794	0.0155262	0.0146879	0.0169109	0.0144864	0.0072383	0.0085556	0.0128866	0.0173433	0.023912	0.0146552	0.0133767	0.0160428	0.0142417	0.0139299	0.0139147	0.011769	0.008658	0.016129	0.0135135	0.0104298	
Fawn-breasted Tanager	3.094E-4	8.029E-4	4.44E-4	0.0	0.0	0.0015	0.0	4.933E-4	0.0022485	0.0011223	0.0024495	0.0	0.0	0.0017182	0.0017261	0.0013655	4.363E-4	0.0022942	0.0017094	0.0016142	0.0035524	0.006414	0.005597	0.0052987	0.0060168	0.0043243	0.0026925	0.0051238	0.0028752	0.005508	0.0033822	0.0039508	0.0089087	0.0025164	0.0020619	7.883E-4	4.782E-4	0.0	3.615E-4	0.0	0.0	4.221E-4	0.0013915	0.0	0.0	4.744E-4	0.0	0.0	
Blue-and-yellow Tanager	0.0259901	0.0228824	0.0279751	0.0208105	0.0180445	0.0176096	0.0118138	0.0162802	0.0123665	0.0185185	0.0104103	0.0134529	0.0176322	0.0177549	0.0247411	0.0250341	0.0270506	0.0277849	0.0376068	0.0318805	0.0307874	0.0349854	0.0377799	0.0346821	0.032491	0.0302703	0.0231556	0.0260461	0.027027	0.0275398	0.0248027	0.0280948	0.0244989	0.0231505	0.0293814	0.0275916	0.0349115	0.0267241	0.0281996	0.0254797	0.0338722	0.0308147	0.0398887	0.0386171	0.030303	0.0336812	0.0345946	0.0325537	
Sayaca Tanager	0.0671411	0.0614211	0.0581705	0.0547645	0.0503567	0.0517048	0.0604587	0.0730143	0.0815065	0.0942761	0.0906307	0.0878176	0.0866499	0.0996564	0.1018412	0.0946746	0.0763525	0.0644915	0.0871795	0.0774818	0.0876258	0.0804665	0.0914179	0.099711	0.0800241	0.0637838	0.0700054	0.0674637	0.079356	0.0648715	0.0687711	0.0671642	0.0528953	0.0619024	0.0706186	0.0792274	0.0827355	0.0899425	0.0845987	0.0927965	0.0835258	0.0890671	0.0918367	0.0842221	0.0745551	0.0711575	0.0848649	0.0780657	
Chestnut-backed Tanager	0.0	0.0	0.0	0.0	0.0	0.0	0.0	0.0	0.0	0.0	0.0	3.737E-4	0.0	0.0	0.0	0.0	0.0	0.0	5.698E-4	0.0	5.921E-4	0.0	0.0	0.0	0.0	0.0	0.0	0.0	0.0	0.0	0.0	0.0	0.0	0.0	0.0	0.0	0.0	0.0	0.0	0.0	0.0	0.0	0.0	0.0	0.0	4.744E-4	0.0	0.0	
Swallow Tanager	0.0	0.0	0.0	0.0	0.0	0.0	0.0	0.0	0.0	0.0	0.0	0.0	0.0	0.0	0.0	0.0	0.0	0.0	0.0	4.036E-4	0.0	0.0	0.0	0.0	0.0	0.0	0.0	0.0	0.0	0.0	0.0	0.0	0.0	0.0	0.0	0.0	0.0	0.0	0.0	0.0	0.0	0.0	0.0	0.0	0.0	0.0	0.0	0.0	
Diuca Finch	0.0021658	8.029E-4	8.881E-4	8.215E-4	4.196E-4	3.747E-4	6.949E-4	4.933E-4	5.621E-4	0.0028058	6.124E-4	0.0014948	0.0020151	0.0011455	0.004603	0.0059172	0.0013089	0.0091767	0.0045584	0.0048426	0.0041445	0.0040816	0.0046642	9.634E-4	0.0018051	0.0043243	0.0016155	0.0021349	0.0023002	6.12E-4	0.0028185	0.0039508	0.0033408	0.0060393	0.0051546	0.0031533	0.0090866	0.0017241	0.0090383	0.0031456	0.0023095	0.0	9.276E-4	7.356E-4	0.001924	0.0042694	5.405E-4	0.0015803	
Black-crested Finch	0.0	0.0	0.0	0.0	0.0	0.0	0.0	0.0015	0.0	0.0	0.0	0.0	0.0	0.0015	0.0	0.0	0.0	0.0	0.0	0.0	0.0	0.0	0.0	0.0	0.0	0.0	0.0	0.0	0.0	0.0	0.0	0.0	0.0	0.0	0.0	0.0	0.0	0.0	0.0	0.0	0.0	0.0	0.0	0.0	0.0	0.0	0.0	0.0	
Mourning Sierra Finch	6.188E-4	8.029E-4	0.0	2.738E-4	0.0	0.0	0.0010424	0.0	0.0	0.0011223	0.0012247	3.737E-4	0.0015113	0.0011455	0.0034522	0.002731	0.0026178	0.0025491	0.0017094	0.0020178	0.0035524	0.0034985	0.0046642	9.634E-4	0.0012034	0.0027027	5.385E-4	8.54E-4	0.0011501	0.004284	0.0028185	0.0017559	0.0044543	0.0045294	0.0015464	0.0	0.0028694	0.0011494	0.0021692	6.291E-4	3.849E-4	0.0	4.638E-4	0.0	4.81E-4	0.0014231	0.0	0.0	
Carbonated Sierra Finch	0.0	0.0	0.0	0.0	0.0	0.0	0.0	0.0	0.0	5.612E-4	0.0	0.0	5.038E-4	5.727E-4	5.754E-4	4.552E-4	4.363E-4	0.0015294	5.698E-4	4.036E-4	0.0	0.0	9.328E-4	0.0014451	0.0	0.0010811	0.0	4.27E-4	0.0011501	0.001224	5.637E-4	0.0013169	0.0011136	5.033E-4	5.155E-4	0.0	0.0023912	0.0	0.0	9.437E-4	0.0	4.221E-4	0.0	3.678E-4	0.0	4.744E-4	0.0	0.0	
Long-tailed Reed Finch	0.0173267	0.0176636	0.0253108	0.0120482	0.0155266	0.0146122	0.0125087	0.0157869	0.0157392	0.0162738	0.016534	0.0160688	0.0186398	0.0154639	0.0224396	0.0204825	0.0165794	0.0178435	0.0262108	0.0145278	0.0201303	0.0180758	0.0158582	0.0207129	0.0132371	0.0205405	0.0129241	0.0140905	0.0184014	0.0134639	0.0180383	0.0210711	0.0150334	0.0145949	0.0139175	0.0193142	0.0229555	0.0198276	0.0155459	0.0226486	0.0254042	0.0215281	0.0213358	0.0283192	0.019721	0.0194497	0.0178378	0.017067	
Cinnamon Warbling Finch	3.094E-4	0.0	0.0	5.476E-4	0.0	0.0	3.475E-4	0.0	0.0	0.0	0.0	7.474E-4	0.0	5.727E-4	0.0	0.0	4.363E-4	0.0010196	0.0015	4.036E-4	0.0	0.0	0.0015	0.0	0.0	0.0010811	5.385E-4	0.0	0.0	0.0	0.0	0.0	0.0	0.0	0.0	0.0	4.782E-4	2.874E-4	0.0014461	6.291E-4	7.698E-4	0.0015	0.0	3.678E-4	0.0	4.744E-4	0.0010811	0.0	
Black-and-rufous Warbling Finch	0.0829208	0.0855078	0.0772647	0.0501095	0.0402854	0.0370925	0.0295344	0.0350271	0.0472175	0.0381594	0.0502143	0.0560538	0.0523929	0.0526919	0.0604143	0.0518889	0.0466841	0.0509814	0.0621083	0.0443906	0.0704559	0.0501458	0.0601679	0.055395	0.0487365	0.0562162	0.0576198	0.0721605	0.0862565	0.0783354	0.0817362	0.0895522	0.080735	0.0926019	0.1134021	0.1028774	0.1138211	0.1307471	0.1232827	0.1399811	0.1327945	0.1414099	0.1549165	0.1507907	0.1346801	0.1181214	0.1254054	0.1090392	
Greater Yellow-Finch	0.0	8.029E-4	8.881E-4	2.738E-4	0.0012589	0.0	0.0	4.933E-4	0.0	5.612E-4	0.0	3.737E-4	5.038E-4	0.0	5.754E-4	0.0	0.0	2.549E-4	0.0	4.036E-4	0.0	0.0	4.664E-4	0.0015	6.017E-4	0.0	0.0	0.0	0.0	0.0	0.0	4.39E-4	5.568E-4	5.033E-4	0.0015	7.883E-4	0.0	0.0	3.615E-4	0.0	7.698E-4	0.0	9.276E-4	3.678E-4	0.001443	0.0	5.405E-4	0.0	
Saffron Finch	0.294245	0.2938579	0.2939609	0.2642388	0.2757029	0.2765081	0.2956915	0.2491367	0.2372119	0.1969697	0.2057563	0.1976831	0.1894207	0.1792669	0.2163406	0.1797906	0.1963351	0.2018863	0.2	0.1828087	0.2089994	0.1690962	0.1949627	0.172447	0.1588448	0.1578378	0.1453958	0.1652434	0.1546866	0.1444308	0.1544532	0.1773486	0.169265	0.2038249	0.2015464	0.1951123	0.2352941	0.2563218	0.2537961	0.2425291	0.26097	0.2705783	0.2996289	0.310776	0.2847523	0.2870019	0.3027027	0.3290139	
Grassland Yellow-Finch	0.1933787	0.190285	0.14254	0.1437568	0.1271507	0.0940427	0.0747047	0.078441	0.0882518	0.0589226	0.0661359	0.0766069	0.0785894	0.0664376	0.1041427	0.0960401	0.1239092	0.1164925	0.0740741	0.0819209	0.080521	0.0717201	0.0895522	0.0693642	0.0637786	0.0810811	0.0893915	0.0657558	0.0632547	0.0563035	0.0715896	0.0733099	0.0851893	0.0915954	0.0953608	0.1292866	0.1831659	0.2247126	0.2118583	0.2230261	0.2321016	0.2422963	0.2532468	0.2548731	0.2520443	0.2352941	0.1935135	0.2041719	
yellow-finch sp.	3.094E-4	0.0	0.0	0.0	0.0	0.0	0.0	0.0	0.0	0.0	0.0	0.0	0.0	0.0	0.0	0.0	0.0	0.0	0.0	0.0	0.0	0.0	0.0	0.0	0.0	0.0	0.0	0.0	0.0	0.0	0.0	0.0	0.0	0.0	0.0	0.0	0.0	0.0	0.0	0.0	0.0	4.221E-4	0.0	0.0	0.0	0.0	0.0	0.0	
Great Pampa-Finch	0.1361386	0.1437174	0.1376554	0.1286966	0.1191775	0.1097789	0.0823489	0.1174149	0.1124227	0.0886644	0.0887936	0.0990284	0.111335	0.080756	0.1064442	0.1160674	0.1352531	0.1292378	0.1076923	0.1202583	0.1042037	0.1125364	0.1445896	0.1189788	0.1227437	0.1513514	0.1427033	0.1251067	0.1086832	0.0991432	0.1240135	0.1101844	0.1280624	0.1248113	0.1154639	0.1076074	0.1362984	0.1405172	0.1276211	0.1384083	0.1270208	0.1219924	0.1544527	0.1364472	0.1467051	0.1418406	0.1264865	0.1403287	
Blue-black Grassquit	9.282E-4	4.014E-4	0.0053286	0.0027382	0.0020982	0.0014987	0.0017373	9.867E-4	0.0022485	5.612E-4	0.0	3.737E-4	5.038E-4	0.0011455	5.754E-4	4.552E-4	4.363E-4	0.0	0.0	4.036E-4	0.0011841	0.0	0.0	0.0	0.0	0.0	0.0	0.0	0.0	0.0	0.0	0.0	5.568E-4	5.033E-4	0.0	0.0015	0.0	0.0014368	7.231E-4	9.437E-4	0.0	4.221E-4	0.0027829	0.0014711	0.003367	0.0047438	0.0027027	0.0037927	
Lined Seedeater	0.0	0.0	0.0	0.0	0.0	0.0	0.0	0.0	0.0	5.612E-4	0.0	0.0	0.0	0.0	0.0	0.0	0.0	0.0	0.0	0.0	0.0	0.0	0.0	0.0	0.0	0.0	0.0	0.0	0.0	0.0	0.0	0.0	0.0	0.0	0.0	0.0	0.0	0.0	0.0	0.0	0.0	0.0	0.0	0.0	0.0	0.0	0.0	0.0	
White-bellied Seedeater	0.0	0.0	0.0	0.0	0.0	0.0	0.0	0.0	0.0	0.0	0.0	0.0	0.0	0.0	0.0	0.0	0.0	0.0	0.0	0.0	0.0	0.0	0.0	0.0	0.0	0.0	0.0	0.0	0.0	0.0	0.0	0.0	0.0	0.0	0.0	0.0	0.0	0.0	0.0	0.0	3.849E-4	0.0	0.0	0.0	0.0	0.0	0.0	0.0	
Tawny-bellied Seedeater	0.0	0.0	0.0	0.0	8.393E-4	0.0	0.0	0.0	0.0	0.0	0.0	0.0	0.0	0.0	0.0	0.0	0.0	0.0	0.0	0.0	0.0	0.0	0.0	0.0	0.0	0.0	0.0	0.0	0.0	0.0	0.0	0.0	0.0	0.0	0.0	0.0	0.0	0.0	0.0	0.0	0.0	0.0	0.0	0.0	0.0	0.0	0.0	0.0	
Dark-throated Seedeater	9.282E-4	0.0016058	0.0	0.0	0.0012589	3.747E-4	0.0	0.0015	0.0	0.0	0.0	0.0	0.0	0.0	0.0	0.0	0.0	0.0	0.0	0.0	0.0	0.0	0.0	0.0	0.0	0.0	0.0	0.0	0.0	0.0	0.0	0.0	0.0	0.0	0.0	0.0	0.0	0.0	0.0	0.0	0.0	4.221E-4	0.0	0.0	0.0	0.0	0.0	9.482E-4	
Marsh Seedeater	0.0	0.0	0.0	0.0	0.0	0.0	0.0	0.0	0.0	0.0	0.0	0.0	0.0	0.0	0.0	0.0	0.0	0.0	0.0	0.0	0.0	0.0	0.0	0.0	0.0	0.0	0.0	0.0	0.0	0.0	0.0	0.0	0.0	0.0	0.0	0.0	0.0	0.0	0.0	0.0	0.0	0.0	4.638E-4	0.0	0.0	0.0	0.0	0.0	
Chestnut Seedeater	0.0	4.014E-4	0.0015	0.0	0.0015	0.0	3.475E-4	0.0	0.0	0.0	0.0	0.0	0.0	0.0	0.0	0.0	0.0	0.0	0.0	0.0	0.0	0.0	0.0	0.0	0.0	0.0	0.0	0.0	0.0	0.0	0.0	0.0	0.0	0.0	0.0	0.0	0.0	0.0	0.0	0.0	0.0	0.0	0.0	3.678E-4	4.81E-4	0.0	0.0	6.321E-4	
Double-collared Seedeater	0.1624381	0.1593737	0.1474245	0.1530668	0.1863198	0.1487448	0.1330785	0.1415886	0.1320967	0.1026936	0.0887936	0.07287	0.0528967	0.0400916	0.0333717	0.0277651	0.017452	0.0096865	0.0193732	0.0076675	0.0071048	0.0093294	0.0069963	0.0052987	0.0036101	0.0027027	5.385E-4	0.0021349	5.75E-4	0.001836	0.0022548	0.0017559	0.0038976	0.0040262	0.0056701	7.883E-4	0.0052606	0.0077586	0.0072307	0.0132117	0.0431101	0.0759814	0.1317254	0.1596175	0.1630592	0.148482	0.1578378	0.1788875	
Rusty-collared Seedeater	6.188E-4	0.0016058	0.0017762	5.476E-4	0.0016786	0.001124	0.0010424	4.933E-4	0.0022485	0.0011223	0.0042866	7.474E-4	0.0010076	0.0011455	5.754E-4	0.0	0.0013089	5.098E-4	5.698E-4	0.0015	0.0017762	0.0017493	0.0	9.634E-4	0.0012034	5.405E-4	0.002154	4.27E-4	0.0017251	0.00306	0.0011274	0.0013169	0.0033408	5.033E-4	0.0030928	0.0019708	0.0014347	0.0011494	0.0025307	0.0012583	3.849E-4	0.0021106	0.0013915	0.0018389	4.81E-4	0.0018975	5.405E-4	0.0022124	
White-throated Seedeater	0.0	0.0	0.0	0.0	0.0	0.0	0.0	0.0	0.0	0.0	0.0	0.0	0.0	0.0	0.0	0.0	0.0	0.0	0.0011396	4.036E-4	5.921E-4	0.0	0.0	0.0	0.0	0.0	0.0	0.0	0.0	0.0	0.0	0.0	0.0	0.0	0.0	0.0	0.0	0.0	0.0	0.0	0.0	0.0	0.0	0.0	0.0	0.0	0.0	0.0	
Sporophila sp.	0.0	0.0	0.0	0.0	0.0	0.0	0.0	0.0	0.0	0.0	0.0	3.737E-4	0.0	0.0	0.0	0.0	0.0	2.549E-4	0.0	0.0	0.0	0.0	0.0	0.0	0.0	0.0	0.0	0.0	0.0	0.0	0.0	0.0	0.0	0.0	0.0	0.0	0.0	0.0	0.0	0.0	0.0	0.0	0.0	0.0	0.0	0.0	0.0	0.0	
Band-tailed Seedeater	9.282E-4	0.0032116	0.0017762	2.738E-4	0.0033571	0.0	6.949E-4	0.00148	0.0	0.0	0.0	0.0	0.0	0.0	0.0	0.0	0.0	5.098E-4	5.698E-4	8.071E-4	0.0	0.0011662	0.0	0.0	0.0	0.0	0.0	0.0	5.75E-4	0.0	0.0	0.0	0.0011136	0.0010065	0.0015	0.0	4.782E-4	8.621E-4	0.0014461	0.0037748	0.0019246	0.0025327	0.0041744	0.0044134	0.003848	0.0018975	0.0032432	0.0012642	
Red-crested Finch	3.094E-4	8.029E-4	0.0013321	0.0	0.0	0.0	6.949E-4	0.0	5.621E-4	0.0	0.0	0.0	0.0010076	0.0	0.0	4.552E-4	0.0013089	7.647E-4	0.0011396	0.0016142	0.0017762	0.0029155	9.328E-4	9.634E-4	0.0018051	0.0010811	0.0015	0.0017079	0.0011501	0.00306	0.0011274	0.0043898	0.0011136	0.0	5.155E-4	0.0015	0.0015	0.0011494	3.615E-4	9.437E-4	0.0	0.0012664	0.0	0.0014711	4.81E-4	4.744E-4	0.0015	0.0015	
Yellow Cardinal	0.001547	4.014E-4	0.0	8.215E-4	0.0012589	0.0	0.0	0.0	0.0	5.612E-4	0.0	7.474E-4	0.0010076	0.0	0.0011507	0.0013655	0.0017452	0.0022942	0.0011396	0.0016142	0.0	5.831E-4	0.0013993	0.0019268	0.0	5.405E-4	5.385E-4	4.27E-4	5.75E-4	0.0	0.0011274	0.0015	0.0011136	0.0030196	0.0025773	0.0031533	0.0066954	0.0025862	0.0036153	0.0	0.004234	0.0012664	0.0	0.0014711	0.002405	0.0015	0.0016216	6.321E-4	
Bananaquit	0.0	0.0	0.0	0.0015	0.0	0.0	0.0	0.0	0.0	0.0	0.0	0.0	0.0	0.0	0.0	0.0	0.0	0.0	0.0	0.0	0.0	0.0	0.0	0.0	0.0	0.0	0.0	0.0	0.0	0.0	0.0	0.0	0.0	0.0	0.0	0.0	0.0	0.0	0.0	0.0	0.0	0.0	0.0	0.0	0.0	0.0	0.0	0.0	
Dull-colored Grassquit	0.0	0.0	0.0	0.0	0.0	0.0	0.0	0.0	0.0	0.0	0.0	0.0	0.0	0.0	0.0	0.0	0.0	0.0	0.0	0.0	0.0	0.0	0.0	0.0	0.0	0.0	0.0	4.27E-4	0.0	0.0	0.0	0.0	0.0	0.0	0.0	0.0	0.0	0.0	0.0	0.0	0.0	0.0	0.0	3.678E-4	0.0	0.0	0.0	0.0	
Many-colored Chaco Finch	0.0	0.0	4.44E-4	8.215E-4	4.196E-4	0.001124	3.475E-4	0.0	5.621E-4	0.0	0.0	0.0	5.038E-4	0.0	0.0	4.552E-4	8.726E-4	7.647E-4	0.0045584	8.071E-4	5.921E-4	5.831E-4	4.664E-4	0.0015	6.017E-4	0.0	0.0	4.27E-4	0.0011501	0.0	0.0	0.0015	0.0	0.0	0.0	0.0	4.782E-4	0.0	0.0014461	0.0015	0.0	0.0015	9.276E-4	0.0	0.0	9.488E-4	0.0010811	0.0	
Bluish-gray Saltator	0.0170173	0.0196708	0.0239787	0.012322	0.0155266	0.0161109	0.0135511	0.0202269	0.0207982	0.0190797	0.016534	0.0130792	0.0105793	0.013173	0.0166858	0.0154756	0.0157068	0.0147846	0.0210826	0.0165456	0.0248668	0.0134111	0.0149254	0.0211946	0.0198556	0.0151351	0.0134626	0.0273271	0.0195515	0.0183599	0.0214205	0.023266	0.0206013	0.0176145	0.0242268	0.0264091	0.023912	0.0172414	0.0213304	0.0235923	0.0280985	0.0168848	0.0227273	0.0224347	0.020202	0.0218216	0.0216216	0.0148546	
Olive-gray/Bluish-gray Saltator	0.0	0.0	0.0	0.0	0.0	0.0	0.0	0.0	0.0	0.0	0.0	0.0	0.0	0.0	0.0	0.0	0.0	0.0	0.0	0.0	0.0	0.0	0.0	0.0	0.0	0.0	0.0	0.0	0.0	0.0	0.0	0.0	0.0	0.0	0.0	0.0	0.0	2.874E-4	0.0	0.0	0.0	0.0	0.0	0.0	0.0	0.0	0.0	0.0	
Green-winged Saltator	0.0043317	0.0052188	0.0035524	0.0049288	0.0037768	0.0041214	0.0062543	0.0044401	0.0033727	0.0039282	0.0042866	0.0067265	0.0055416	0.0074456	0.0086306	0.0050068	0.004363	0.0066276	0.014245	0.0112994	0.017762	0.0116618	0.0139925	0.0183044	0.0144404	0.0124324	0.0161551	0.0175064	0.013226	0.0140759	0.0124014	0.0149254	0.0072383	0.0105687	0.0082474	0.0134017	0.0148254	0.0155172	0.0137383	0.0103806	0.013087	0.0181511	0.0143785	0.0139757	0.011544	0.0142315	0.0102703	0.0082174	
Golden-billed Saltator	0.0049505	0.0084303	0.009325	0.0027382	0.0062946	0.002248	0.0031272	0.0069068	0.0016863	0.003367	0.0030618	0.0052317	0.0030227	0.002291	0.0034522	0.002731	0.0030541	0.0015294	0.002849	0.0024213	0.0029603	0.0052478	0.0069963	0.004817	0.0042118	0.0048649	0.005385	0.0064048	0.0092007	0.0091799	0.0050733	0.0083406	0.0050111	0.0060393	0.0061856	0.007095	0.0105213	0.0109195	0.0079537	0.0069204	0.0092379	0.0063318	0.0120594	0.0110335	0.00962	0.0052182	0.0064865	0.0063211	
saltator sp.	0.0	0.0	0.0	0.0	4.196E-4	0.0015	0.0	0.0	5.621E-4	0.0	0.0	0.0	0.0	0.0	0.0015	0.0	0.0	0.0	0.0	0.0	0.0	0.0	0.0	0.0	0.0	0.0	0.0	0.0	5.75E-4	0.0	0.0	4.39E-4	0.0	0.0	0.0	0.0	0.0	0.0015	0.0	0.0	0.0	0.0	0.0	0.0	0.0	0.0	0.0	0.0	
Thraupidae sp.	0.0	0.0	0.0	0.0	0.0	0.0	0.0	0.0	0.0	0.0	0.0	0.0	0.0	0.0	0.0	0.0	0.0	0.0	5.698E-4	0.0	0.0	0.0	0.0	0.0	0.0	0.0	0.0	0.0	0.0	0.0	0.0	0.0	0.0	0.0	0.0	0.0	0.0	0.0	0.0	0.0	0.0	0.0	0.0	0.0	0.0	0.0	0.0	0.0	
passerine sp.	0.0037129	0.0012043	8.881E-4	0.0019168	0.0041964	0.0037467	0.0031272	9.867E-4	0.0022485	0.0039282	0.0018371	0.0026158	0.0030227	0.0028637	0.0023015	0.0013655	0.0026178	0.0038236	0.0022792	0.0016142	0.0023683	0.0023324	0.0023321	9.634E-4	0.0012034	0.0048649	0.0016155	0.0038429	0.0011501	0.00306	0.0022548	0.0043898	0.002784	0.0025164	0.0036082	0.0011825	9.565E-4	0.0051724	0.005423	0.0031456	0.0015396	0.003377	0.0032468	0.0022067	0.002886	9.488E-4	0.0037838	0.0044248	
bird sp.	0.0012376	0.0012043	4.44E-4	0.0019168	4.196E-4	0.001124	0.0013899	0.0	5.621E-4	5.612E-4	0.0018371	7.474E-4	0.0010076	5.727E-4	0.0017261	0.0031862	4.363E-4	7.647E-4	0.0011396	0.0012107	5.921E-4	0.0017493	4.664E-4	4.817E-4	0.0	0.0027027	5.385E-4	0.0017079	0.0017251	0.0	0.0011274	0.0017559	5.568E-4	5.033E-4	0.0015464	0.0019708	0.001913	0.0014368	7.231E-4	0.0015728	0.0015	0.0021106	0.0023191	0.0011033	9.62E-4	9.488E-4	5.405E-4	6.321E-4	

