









Frequency of observations in the selected location(s).:
Number of taxa: 	477

	Jan				Feb				Mar				Apr				May				Jun				Jul				Aug				Sep				Oct				Nov				Dec				
Sample Size:	913.0	756.0	644.0	957.0	636.0	664.0	809.0	609.0	576.0	511.0	545.0	743.0	516.0	461.0	482.0	595.0	509.0	825.0	486.0	701.0	541.0	480.0	481.0	619.0	542.0	550.0	562.0	806.0	614.0	607.0	548.0	884.0	603.0	739.0	694.0	959.0	816.0	1037.0	1007.0	1255.0	1037.0	938.0	922.0	1237.0	851.0	816.0	792.0	1038.0	

Spotted Nothura	0.0	0.0013228	0.0	0.0	0.0	0.0	0.0	0.0	0.0	0.0	0.0	0.0	0.0	0.0	0.0	0.0	0.0	0.0	0.0	0.0	0.0	0.0	0.0	0.0	0.0	0.0	0.0	0.0	0.0	0.0	0.0	0.0	0.0	0.0	0.0	0.0	0.0	0.0	0.0	0.0	0.0	0.0	0.0	0.0	0.0	0.0	0.0	0.0	
Brushland Tinamou	0.0	0.0	0.0	0.0	0.0	0.0	0.0012361	0.0	0.0	0.0	0.0	0.0	0.0	0.0	0.0	0.0	0.0	0.0	0.0	0.0	0.0	0.0	0.0	0.0	0.0	0.0	0.0	0.0	0.0	0.0	0.0	0.0	0.0	0.0	0.0	0.0	0.0	0.0	0.0	0.0	0.0	0.0	0.0	0.0	0.0	0.0	0.0	0.0	
Southern Screamer	0.263965	0.244709	0.2748447	0.2842215	0.2830189	0.2424699	0.210136	0.2840722	0.2916667	0.258317	0.2605505	0.2812921	0.2596899	0.2277657	0.2095436	0.2084034	0.1846758	0.190303	0.2078189	0.2268188	0.2421442	0.2354167	0.2785863	0.273021	0.3284133	0.2636364	0.2348754	0.2977667	0.2638436	0.2026359	0.270073	0.2511312	0.2603648	0.2110961	0.1974063	0.2210636	0.2218137	0.2352941	0.2274081	0.2183267	0.268081	0.2302772	0.2386117	0.2732417	0.2056404	0.2463235	0.2285354	0.216763	
White-faced Whistling-Duck	0.1270537	0.1428571	0.173913	0.1724138	0.1509434	0.1295181	0.1137206	0.1724138	0.1701389	0.148728	0.1522936	0.166891	0.1705426	0.1778742	0.1390041	0.1092437	0.1178782	0.1175758	0.1255144	0.1298146	0.142329	0.1291667	0.1642412	0.2035541	0.2177122	0.1854545	0.1743772	0.2109181	0.1807818	0.1878089	0.2682482	0.2104072	0.2039801	0.2016238	0.20317	0.1751825	0.1703431	0.192864	0.1926514	0.1864542	0.2082932	0.1972281	0.1681128	0.1471302	0.1515864	0.1433824	0.1363636	0.1184971	
Black-bellied Whistling-Duck	0.0	0.0	0.0	0.0	0.0	0.0	0.0	0.0	0.0	0.0	0.0	0.0	0.0	0.0	0.0	0.0	0.0	0.0	0.0	0.0	0.0	0.0	0.0	0.0	0.0	0.0	0.0	0.0	0.0	0.0	0.0	0.0	0.0	0.0	0.0	0.0052138	0.0	0.0	0.0	0.0	0.0	0.0021322	0.0	0.0	0.0	0.0	0.0012626	0.0	
Fulvous Whistling-Duck	0.0722892	0.0674603	0.0714286	0.061651	0.0581761	0.064759	0.0296663	0.0394089	0.0347222	0.0313112	0.0550459	0.0471063	0.0174419	0.032538	0.0456432	0.0285714	0.0373281	0.0254545	0.0432099	0.0342368	0.0499076	0.05	0.049896	0.0613893	0.0904059	0.0909091	0.0711744	0.0955335	0.0895765	0.0840198	0.1368613	0.1414027	0.1641791	0.1474966	0.1138329	0.1418144	0.1409314	0.12054	0.1479643	0.1155378	0.1427194	0.1353945	0.1203905	0.113177	0.1104583	0.0723039	0.0820707	0.066474	
White-faced x Fulvous Whistling-Duck (hybrid)	0.0	0.0	0.0	0.0	0.0	0.0	0.0015	0.0	0.0	0.0	0.0	0.0	0.0	0.0	0.0	0.0	0.0	0.0	0.0	0.0	0.0	0.0	0.0	0.0	0.0	0.0	0.0	0.0	0.0	0.0	0.0	0.0	0.0	0.0	0.0	0.0	0.0	0.0	0.0	0.0	0.0	0.0	0.0	0.0	0.0	0.0	0.0	0.0	
whistling-duck sp.	0.0	0.0	0.0	0.0	0.0	0.0	0.0	0.0	0.0	0.0019569	0.0	0.0	0.0	0.0	0.0	0.0	0.0	0.0	0.0	0.0	0.0	0.0	0.0	0.0	0.0	0.0	0.0	0.0	0.0	0.0	0.0	0.0	0.0	0.0	0.0	0.0	0.0	0.0	0.0	0.0	0.0	0.0	0.0	0.0	0.0	0.0	0.0	0.0	
Graylag Goose	0.0306681	0.0145503	0.0434783	0.0355277	0.0550314	0.0301205	0.0222497	0.0328407	0.0208333	0.0313112	0.0201835	0.0040377	0.0426357	0.021692	0.0394191	0.0436975	0.0196464	0.0266667	0.0246914	0.0413695	0.0369686	0.025	0.033264	0.0161551	0.0202952	0.0490909	0.0355872	0.0359801	0.029316	0.0461285	0.0364964	0.0350679	0.026534	0.0257104	0.0230548	0.0323253	0.0196078	0.0192864	0.0268123	0.0215139	0.027001	0.0245203	0.0184382	0.0161681	0.0246769	0.0171569	0.0176768	0.026975	
Domestic goose sp. (Domestic type)	0.0	0.0	0.0	0.0	0.0	0.0	0.0	0.0	0.0017361	0.0	0.0	0.0013459	0.0	0.0	0.0	0.0	0.0	0.0	0.0	0.0	0.0	0.0	0.0	0.0	0.0	0.0	0.0017794	0.0	0.0	0.0	0.0	0.0	0.0	0.0	0.0	0.0	0.0	0.0	0.0	0.0	0.0015	0.0	0.0	8.084E-4	0.0	0.0	0.0	0.0	
Anser sp.	0.0	0.0	0.0	0.0	0.0	0.0	0.0	0.0	0.0	0.0	0.0	0.0	0.0	0.0	0.0	0.0	0.0	0.0	0.0	0.0	0.0	0.0	0.0	0.0	0.0	0.0	0.0	0.0	0.0	0.0	0.0	0.0015	0.0015	0.0	0.0	0.0	0.0	0.0	0.0	0.0	0.0	0.0	0.0	0.0	0.0	0.0	0.0	0.0	
Canada Goose	0.0	0.0	0.0	0.0015	0.0	0.001506	0.0	0.0	0.0	0.0	0.0	0.0	0.0	0.0	0.0	0.0016807	0.0	0.0	0.0	0.0	0.0	0.0	0.0	0.0	0.0	0.0	0.0	0.0	0.0	0.0	0.0	0.0	0.0	0.0	0.0	0.0010428	0.0	0.0	0.0015	7.968E-4	0.0	0.0010661	0.0	0.0016168	0.0	0.0015	0.0012626	0.0	
Graylag x Canada Goose (hybrid)	0.0	0.0	0.0	0.0	0.0	0.0	0.0024722	0.0	0.0	0.0	0.0	0.0	0.0	0.0	0.0	0.0016807	0.0	0.0	0.0	0.0	0.0	0.0	0.0	0.0	0.0	0.0	0.0	0.0	0.0	0.0	0.0	0.0011312	0.0	0.0	0.0028818	0.0010428	0.0	0.0	0.0019861	0.0	0.0	0.0	0.0	8.084E-4	0.0	0.0	0.0	0.0	
Domestic goose sp. x Canada Goose (hybrid)	0.0	0.0	0.0	0.0	0.0	0.0	0.0	0.0	0.0	0.0	0.0	0.0	0.0	0.0	0.0	0.0	0.0	0.0	0.0	0.0	0.0	0.0	0.0	0.0	0.0	0.0	0.0	0.0	0.0	0.0	0.0	0.0	0.0	0.0	0.0	0.0	0.0	0.0	0.0	0.0	0.0	0.0	0.0	8.084E-4	0.0	0.0	0.0	0.0	
Black-necked Swan	0.1336254	0.1613757	0.1770186	0.2037618	0.1933962	0.1340361	0.1322621	0.1510673	0.1076389	0.1174168	0.1504587	0.1520861	0.1724806	0.132321	0.1099585	0.1277311	0.1375246	0.0872727	0.100823	0.1383738	0.1497227	0.1916667	0.1538462	0.1760905	0.1918819	0.1709091	0.1352313	0.1526055	0.1840391	0.1169687	0.1551095	0.1674208	0.1791045	0.1826793	0.1642651	0.1720542	0.1764706	0.1668274	0.1936445	0.1713147	0.1976856	0.1769723	0.1767896	0.1471302	0.1386604	0.1470588	0.135101	0.0944123	
swan sp.	0.0	0.0	0.0	0.0	0.0	0.0	0.0	0.0	0.0	0.0	0.0	0.0	0.0	0.0	0.0	0.0	0.0	0.0	0.0	0.0	0.0	0.0	0.0	0.0	0.0	0.0	0.0	0.0	0.0	0.0	0.0	0.0	0.0	0.0	0.0	0.0	0.0	0.0	0.0	0.0	0.0	0.0	0.0010846	0.0	0.0	0.0	0.0	0.0	
Coscoroba Swan	0.2168675	0.2275132	0.2453416	0.2518286	0.2374214	0.2003012	0.1854141	0.2101806	0.1909722	0.1898239	0.1908257	0.1870794	0.2131783	0.1930586	0.1369295	0.1462185	0.1709234	0.1769697	0.1666667	0.189729	0.1996303	0.1791667	0.2058212	0.2536349	0.2915129	0.2745455	0.2206406	0.2841191	0.2654723	0.2075783	0.310219	0.1945701	0.2338308	0.1989175	0.1916427	0.1866528	0.2230392	0.2131148	0.245283	0.2175299	0.2777242	0.2665245	0.2407809	0.2134196	0.2150411	0.2365196	0.1944444	0.177264	
Comb Duck	0.0	0.0	0.0	0.0	0.0	0.0	0.0	0.0	0.0	0.0	0.0	0.0	0.0	0.0	0.0	0.0	0.0	0.0	0.0	0.0	0.0	0.0	0.0	0.0	0.0	0.0	0.0	0.0	0.0	0.0	0.0	0.0	0.0	0.0	0.0014409	0.0	0.0	0.0	0.0	0.0	0.0	0.0	0.0	0.0	0.0	0.0	0.0	0.0	
goose sp.	0.0	0.0	0.0	0.0	0.0	0.0	0.0	0.0	0.0	0.0	0.0	0.0013459	0.0	0.0	0.0	0.0	0.0	0.0	0.0	0.0	0.0	0.0	0.0	0.0	0.0	0.0	0.0	0.0	0.0	0.0	0.0	0.0	0.0	0.0	0.0	0.0	0.0	0.0	0.0	0.0	0.0	0.0	0.0	0.0	0.0	0.0	0.0	0.0	
Muscovy Duck	0.0635268	0.0502646	0.0621118	0.0668757	0.081761	0.0436747	0.0420272	0.0558292	0.0572917	0.0782779	0.0550459	0.0471063	0.0775194	0.0477223	0.0829876	0.0756303	0.0569745	0.0545455	0.063786	0.0841655	0.0702403	0.0520833	0.0873181	0.0710824	0.0848708	0.0727273	0.0729537	0.0657568	0.0504886	0.0873147	0.0529197	0.0622172	0.0630182	0.0554804	0.0504323	0.0448384	0.0526961	0.0626808	0.041708	0.0398406	0.0491803	0.0394456	0.0498915	0.0598222	0.0634548	0.0637255	0.0454545	0.0712909	
Ringed Teal	0.0722892	0.0701058	0.0854037	0.0909091	0.0660377	0.0798193	0.0618047	0.0771757	0.0555556	0.0782779	0.1119266	0.0820996	0.0852713	0.0867679	0.0684647	0.0705882	0.0687623	0.0581818	0.1028807	0.0970043	0.0868762	0.0916667	0.0810811	0.1001616	0.097786	0.1	0.0498221	0.0843672	0.1058632	0.0741351	0.1186131	0.081448	0.106136	0.0879567	0.092219	0.1251303	0.122549	0.1301832	0.122145	0.0908367	0.1118611	0.0906183	0.1106291	0.1042846	0.0810811	0.0870098	0.0959596	0.0578035	
Mandarin Duck	0.0	0.0	0.0	0.0	0.0	0.0	0.0	0.0032841	0.0052083	0.0039139	0.0018349	0.0026918	0.0077519	0.0021692	0.0145228	0.0084034	0.0039293	0.0060606	0.0102881	0.0128388	0.0092421	0.0083333	0.008316	0.0080775	0.0073801	0.0109091	0.0035587	0.0037221	0.0032573	0.0	0.0	0.0	0.0	0.0	0.0	0.0	0.0	0.0	0.0	0.0	0.0	0.0	0.0	0.0	0.0	0.0	0.0	0.0	
Brazilian Teal	0.1456736	0.1944444	0.1723602	0.2142111	0.1761006	0.1641566	0.1532756	0.1970443	0.1944444	0.1898239	0.1944954	0.1615074	0.1763566	0.1626898	0.1369295	0.1243697	0.1473477	0.1660606	0.1707819	0.1797432	0.1903882	0.1958333	0.1954262	0.1954766	0.2324723	0.22	0.1850534	0.2369727	0.1921824	0.169687	0.2445255	0.2024887	0.2271973	0.1705007	0.1455331	0.1668405	0.1544118	0.1658631	0.1648461	0.1601594	0.1523626	0.1449893	0.1746204	0.1560226	0.1280846	0.1384804	0.1426768	0.1233141	
Silver Teal	0.3001095	0.3134921	0.3090062	0.3291536	0.2783019	0.2213855	0.2163164	0.2528736	0.2222222	0.2270059	0.2201835	0.2032301	0.1937984	0.1908894	0.1991701	0.1714286	0.1846758	0.1442424	0.1975309	0.2011412	0.2310536	0.2354167	0.2598753	0.3037157	0.3394834	0.3181818	0.2811388	0.3337469	0.2752443	0.2537068	0.3357664	0.3099548	0.3233831	0.2909337	0.2809798	0.282586	0.2953431	0.3105111	0.3217478	0.2924303	0.3278689	0.3006397	0.308026	0.2966855	0.2608696	0.2720588	0.2828283	0.261079	
Cinnamon Teal	0.0098576	0.0092593	0.0124224	0.0135841	0.009434	0.0180723	0.0123609	0.001642	0.0086806	0.0117417	0.0385321	0.0309556	0.0251938	0.0130152	0.0186722	0.005042	0.0078585	0.0181818	0.0226337	0.0156919	0.0221811	0.01875	0.012474	0.0177706	0.0166052	0.0072727	0.019573	0.0322581	0.0179153	0.0131796	0.0145985	0.0169683	0.0281924	0.0365359	0.0244957	0.0271116	0.0306373	0.0289296	0.0307845	0.0326693	0.0154291	0.0181237	0.0119306	0.0088925	0.0105758	0.0098039	0.0151515	0.0134875	
Red Shoveler	0.0449069	0.037037	0.0310559	0.0261233	0.0361635	0.0301205	0.0234858	0.0180624	0.0121528	0.0136986	0.0146789	0.0121131	0.0155039	0.0173536	0.0248963	0.0117647	0.0078585	0.0084848	0.0288066	0.0142653	0.0166359	0.0416667	0.010395	0.0323102	0.0405904	0.0327273	0.0427046	0.028536	0.0358306	0.0329489	0.0474453	0.0350679	0.0431177	0.037889	0.0317003	0.0542231	0.0514706	0.027001	0.0337637	0.0613546	0.045323	0.0298507	0.0422993	0.0388036	0.0493537	0.0502451	0.0328283	0.022158	
Chiloe Wigeon	0.0043812	0.0039683	0.0015528	0.0062696	0.0062893	0.003012	0.0222497	0.0131363	0.0190972	0.0156556	0.0036697	0.0026918	0.001938	0.0015	0.0020747	0.0033613	0.0	0.0012121	0.0	0.0	0.0036969	0.0041667	0.006237	0.0096931	0.0166052	0.0	0.0088968	0.0086849	0.0130293	0.0098847	0.0182482	0.0158371	0.0149254	0.0121786	0.0072046	0.0031283	0.002451	0.0019286	0.0029791	0.0047809	0.0135005	0.0138593	0.005423	0.0064673	0.0035253	0.002451	0.0012626	9.634E-4	
Mallard	0.0799562	0.0582011	0.0869565	0.0741902	0.1179245	0.0707831	0.0766378	0.0853859	0.0763889	0.1311155	0.0880734	0.0686406	0.1027132	0.0737527	0.1016598	0.1008403	0.0766208	0.0630303	0.0699588	0.0898716	0.0665434	0.0708333	0.0914761	0.0969305	0.095941	0.1145455	0.0747331	0.0967742	0.0863192	0.0873147	0.100365	0.0950226	0.1094527	0.0730717	0.0806916	0.0792492	0.0759804	0.0703954	0.0655412	0.0645418	0.0568949	0.0458422	0.0683297	0.0679062	0.0681551	0.0625	0.0429293	0.0606936	
Muscovy Duck x Mallard (hybrid)	0.0	0.0	0.0015528	0.0010449	0.0	0.0	0.0	0.0	0.0	0.0	0.0	0.0	0.0	0.0	0.0	0.0	0.0	0.0	0.0	0.0015	0.0	0.0	0.002079	0.0	0.0	0.0018182	0.0	0.0	0.0	0.0	0.0	0.0067873	0.0082919	0.0094723	0.0028818	0.0010428	0.0036765	0.0077146	0.0059583	0.0039841	0.0057859	0.0042644	0.0010846	8.084E-4	0.0035253	0.0073529	0.0037879	9.634E-4	
White-cheeked Pintail	0.0010953	0.0013228	0.0031056	0.0	0.0	0.001506	0.0012361	0.0015	0.0017361	0.0019569	0.0018349	0.0013459	0.0015	0.0	0.0	0.0	0.0	0.0	0.0	0.0	0.0018484	0.0020833	0.0	0.0113086	0.0073801	0.0036364	0.0106762	0.0062035	0.0162866	0.0049423	0.0018248	0.0022624	0.0049751	0.0067659	0.0028818	0.0020855	0.002451	0.0019286	0.0019861	7.968E-4	0.0038573	0.0	0.0021692	0.0016168	0.0035253	0.0012255	0.0	0.0028902	
Yellow-billed Pintail	0.067908	0.0648148	0.0652174	0.0532915	0.0550314	0.0527108	0.039555	0.0180624	0.0329861	0.0430528	0.053211	0.039031	0.0387597	0.021692	0.0207469	0.0218487	0.0255403	0.0315152	0.0576132	0.0513552	0.0425139	0.0395833	0.047817	0.0597738	0.0461255	0.0690909	0.0711744	0.0645161	0.0765472	0.0609555	0.1021898	0.0769231	0.1094527	0.0920162	0.1051873	0.0771637	0.0747549	0.0694311	0.0774578	0.0956175	0.0867888	0.0852878	0.0759219	0.0703314	0.0634548	0.0833333	0.0618687	0.0433526	
Yellow-billed Teal	0.2694414	0.3055556	0.2795031	0.2570533	0.2358491	0.2063253	0.1866502	0.2003284	0.1927083	0.2348337	0.2183486	0.1843876	0.2422481	0.2017354	0.2282158	0.1647059	0.1925344	0.1818182	0.2427984	0.2068474	0.2107209	0.2541667	0.2765073	0.3069467	0.3708487	0.3872727	0.386121	0.442928	0.3941368	0.3772652	0.4434307	0.4332579	0.39801	0.3626522	0.4020173	0.3837331	0.3504902	0.364513	0.3862959	0.3641434	0.3780135	0.3507463	0.3590022	0.3290218	0.306698	0.3296569	0.2941919	0.2533719	
Anas sp.	0.0	0.0	0.0	0.0	0.0	0.0	0.0	0.0	0.0	0.0	0.0	0.0	0.0	0.0	0.0	0.0	0.0	0.0	0.0	0.0	0.0	0.0	0.0	0.0	0.0	0.0	0.0	0.0	0.0	0.0	0.0	0.0	0.0	0.0	0.0	0.0	0.0	9.643E-4	0.0	0.0	0.0	0.0015	0.0	0.0	0.0	0.0	0.0	0.0	
teal sp.	0.0	0.0	0.0	0.0	0.0	0.0	0.0	0.0	0.0	0.0	0.0	0.0	0.0	0.0	0.0	0.0	0.0	0.0	0.0020576	0.0014265	0.0	0.0	0.0	0.0	0.0	0.0	0.0	0.0	0.0	0.0	0.0	0.0	0.0	0.0	0.0	0.0010428	0.0	0.0	0.0	0.0	0.0	0.0	0.0	0.0	0.0	0.0	0.0	0.0	
dabbling duck sp.	0.0	0.0	0.0	0.0	0.0	0.0	0.0	0.0	0.0	0.0	0.0	0.0	0.0	0.0	0.0	0.0	0.0	0.0	0.0	0.0	0.0	0.0	0.0	0.0	0.0	0.0	0.0	0.0	0.0	0.0	0.0	0.0	0.0	0.0	0.0	0.0	0.0	0.0	0.0	0.0	0.0	0.0	0.0	0.0015	0.0	0.0	0.0	0.0	
Rosy-billed Pochard	0.3504929	0.3690476	0.3416149	0.3605016	0.3427673	0.3253012	0.2855377	0.3530378	0.34375	0.3385519	0.3045872	0.3189771	0.3120155	0.2798265	0.2510373	0.2319328	0.2357564	0.2181818	0.2427984	0.2738944	0.2735675	0.275	0.3305613	0.2875606	0.3560886	0.3345455	0.2793594	0.3449132	0.3013029	0.2602965	0.3540146	0.3144796	0.331675	0.3031123	0.2579251	0.3128259	0.3026961	0.3577628	0.3733863	0.3227092	0.4117647	0.3710021	0.3470716	0.3597413	0.3125734	0.3480392	0.3484848	0.3285164	
Black-headed Duck	0.0536692	0.0714286	0.0403727	0.0386625	0.0550314	0.0421687	0.0333745	0.0394089	0.0434028	0.0254403	0.0366972	0.0269179	0.0232558	0.0130152	0.0124481	0.005042	0.0058939	0.0060606	0.0102881	0.0099857	0.0110906	0.0104167	0.006237	0.0113086	0.0239852	0.0145455	0.0284698	0.0421836	0.0358306	0.0263591	0.0547445	0.0486425	0.0630182	0.0514208	0.054755	0.0458811	0.0612745	0.0703954	0.0506455	0.0669323	0.0761813	0.0692964	0.0563991	0.0444624	0.0481786	0.0465686	0.0517677	0.0279383	
Masked Duck	0.0164294	0.0079365	0.0217391	0.0229885	0.004717	0.0150602	0.0061805	0.0098522	0.0104167	0.0097847	0.0055046	0.0067295	0.0077519	0.0021692	0.0020747	0.0016807	0.0078585	0.0015	0.0015	0.0015	0.0036969	0.0020833	0.006237	0.0113086	0.0166052	0.0127273	0.0266904	0.0421836	0.0814332	0.014827	0.0839416	0.0893665	0.0679934	0.0744249	0.0706052	0.0615224	0.060049	0.0925747	0.1151936	0.0820717	0.1060752	0.0884861	0.0759219	0.065481	0.0458284	0.0269608	0.0214646	0.0183044	
Lake Duck	0.0700986	0.0727513	0.0621118	0.0626959	0.0471698	0.0557229	0.0729295	0.0821018	0.0486111	0.0489237	0.0568807	0.0713324	0.0465116	0.0455531	0.033195	0.0453782	0.0530452	0.0424242	0.0534979	0.0513552	0.051756	0.0520833	0.043659	0.0840065	0.0793358	0.06	0.0907473	0.0669975	0.0944625	0.062603	0.0729927	0.0904977	0.1293532	0.1001353	0.0951009	0.0855057	0.0894608	0.1070395	0.0893744	0.123506	0.1060752	0.0778252	0.0574837	0.0525465	0.0634548	0.0625	0.0467172	0.0462428	
duck sp.	0.0021906	0.0026455	0.0	0.0	0.0	0.0	0.0012361	0.0015	0.0015	0.0	0.0	0.0026918	0.0	0.0	0.0	0.0	0.0	0.0	0.0	0.0	0.0018484	0.0	0.0	0.0016155	0.001845	0.0018182	0.0	0.0024814	0.0	0.0015	0.0	0.0011312	0.0033167	0.0013532	0.0014409	0.0010428	0.0	0.0	9.93E-4	0.0	0.0	0.0010661	0.0010846	8.084E-4	0.0011751	0.0	0.0025253	9.634E-4	
waterfowl sp.	0.0	0.0	0.0	0.0	0.0	0.0	0.0	0.0	0.0	0.0	0.0	0.0	0.0	0.0	0.0	0.0	0.0	0.0	0.0	0.0	0.0	0.0	0.0	0.0	0.0	0.0	0.0	0.0	0.0	0.0	0.0	0.0	0.0	0.0	0.0	0.0	0.0	0.0	9.93E-4	0.0	0.0	0.0	0.0	0.0	0.0	0.0	0.0	0.0	
Dusky-legged Guan	0.0186199	0.0277778	0.0248447	0.0261233	0.0251572	0.0225904	0.0247219	0.0180624	0.0243056	0.0117417	0.012844	0.025572	0.0116279	0.0173536	0.0041494	0.0067227	0.0058939	0.0121212	0.0185185	0.0199715	0.0147874	0.025	0.014553	0.0210016	0.0295203	0.0109091	0.0213523	0.0248139	0.0065147	0.0181219	0.0145985	0.0192308	0.0099502	0.0460081	0.0273775	0.0271116	0.0367647	0.048216	0.0307845	0.0119522	0.0221794	0.021322	0.0466377	0.0299111	0.0188014	0.0355392	0.0315657	0.0144509	
Indian Peafowl	0.0	0.0	0.0	0.0	0.0	0.0	0.0	0.0	0.0	0.0	0.0	0.0	0.0	0.0	0.0	0.0	0.0	0.0	0.0	0.0	0.0	0.0	0.002079	0.0	0.0	0.0	0.0	0.0	0.0	0.0	0.0018248	0.0	0.0	0.0	0.0	0.0	0.0	0.0	0.0	0.0	0.0	0.0	0.0	0.0	0.0	0.0	0.0	0.0	
Red Junglefowl	0.0	0.0	0.0	0.0094044	0.0015723	0.0060241	0.0037083	0.0098522	0.0104167	0.0136986	0.0091743	0.0107672	0.003876	0.0	0.0041494	0.0117647	0.0078585	0.0109091	0.0061728	0.0085592	0.0092421	0.0125	0.010395	0.0048465	0.0110701	0.0036364	0.0	0.0074442	0.0081433	0.0065898	0.0	0.0	0.0	0.0	0.0014409	0.0031283	0.002451	0.0	0.0	0.0	0.0	0.0010661	0.0	0.0	0.0	0.0	0.0	0.0	
Rock Pigeon	0.7272727	0.6759259	0.7282609	0.6907001	0.7091195	0.6837349	0.6613103	0.6584565	0.65625	0.6418787	0.6495413	0.6433378	0.6414729	0.6572668	0.6327801	0.6907563	0.6954813	0.6557576	0.6666667	0.6875892	0.676525	0.71875	0.6839917	0.6575121	0.6642066	0.6763636	0.7046263	0.6935484	0.6758958	0.6869852	0.669708	0.6866516	0.681592	0.6441137	0.6585014	0.6444213	0.6531863	0.6162006	0.6673287	0.6517928	0.7145612	0.6673774	0.664859	0.6782538	0.6733255	0.6960784	0.6742424	0.6570328	
Pale-vented Pigeon	0.0	0.0	0.0	0.0	0.0	0.0	0.0	0.0	0.0	0.0019569	0.0	0.0	0.0	0.0	0.0	0.0	0.0	0.0	0.0	0.0	0.0	0.0	0.0	0.0	0.0	0.0	0.0	0.0	0.0	0.0	0.0	0.0	0.0	0.0	0.0	0.0	0.0	0.0	0.0	0.0	0.0	0.0	0.0	0.0	0.0	0.0	0.0	0.0	
Picazuro Pigeon	0.7743702	0.7896825	0.7608696	0.7826541	0.7971698	0.75	0.7799753	0.7323481	0.7569444	0.7710372	0.7633028	0.7227456	0.7306202	0.7462039	0.7551867	0.7663866	0.7681729	0.7454545	0.7674897	0.7574893	0.7578558	0.7979167	0.7920998	0.8012924	0.7804428	0.7745455	0.7882562	0.8126551	0.7964169	0.7808896	0.8083942	0.8190045	0.7910448	0.7929635	0.7997118	0.8112617	0.7720588	0.7955641	0.8043694	0.7880478	0.8216008	0.7771855	0.8069414	0.7720291	0.7908343	0.8088235	0.7777778	0.7427746	
Spot-winged Pigeon	0.0668127	0.047619	0.0652174	0.07628	0.1053459	0.0662651	0.0321384	0.0262726	0.0173611	0.0254403	0.0165138	0.0215343	0.0213178	0.0477223	0.0352697	0.0722689	0.0785855	0.08	0.0761317	0.0613409	0.0831793	0.05625	0.0644491	0.0872375	0.0830258	0.1072727	0.0729537	0.0942928	0.1009772	0.1169687	0.1021898	0.10181	0.0912106	0.0893099	0.0994236	0.1042753	0.0931373	0.1031823	0.1132075	0.0964143	0.1118611	0.1076759	0.0954447	0.0986257	0.0998825	0.1311275	0.0871212	0.0703276	
Patagioenas sp.	0.0	0.0	0.0	0.0	0.0	0.0	0.0	0.0	0.0	0.0	0.0	0.0	0.0	0.0	0.0	0.0	0.0	0.0	0.0	0.0	0.0	0.0	0.0	0.0	0.0	0.0	0.0	0.0	0.0	0.0	0.0	0.0	0.0	0.0	0.0	0.0	0.0	0.0	0.0	0.0	0.0	0.0	0.0	0.0	0.0	0.0	0.0	9.634E-4	
Ruddy Ground Dove	0.0	0.0013228	0.0	0.0	0.0	0.0	0.0012361	0.0	0.0	0.0	0.0	0.0	0.0	0.0	0.0020747	0.0016807	0.0157171	0.0	0.0	0.0	0.0	0.0020833	0.0	0.0	0.0	0.0036364	0.0088968	0.0	0.0	0.0	0.0	0.0	0.0016584	0.0	0.0	0.0010428	0.0	0.0	9.93E-4	7.968E-4	0.0057859	0.0095949	0.0032538	0.0	0.0	0.0	0.0	9.634E-4	
Picui Ground Dove	0.1796276	0.1825397	0.1909938	0.1745037	0.1933962	0.2228916	0.2014833	0.1954023	0.2013889	0.1996086	0.1743119	0.1440108	0.2073643	0.2255965	0.2385892	0.2352941	0.2141454	0.1721212	0.2139918	0.2125535	0.1977819	0.2229167	0.1933472	0.1712439	0.1808118	0.1581818	0.1992883	0.2295285	0.1872964	0.1729819	0.189781	0.2217195	0.199005	0.1948579	0.221902	0.2075078	0.2340686	0.1870781	0.203575	0.2055777	0.1861138	0.1918977	0.2104121	0.1867421	0.186839	0.2095588	0.229798	0.1782274	
ground dove/Inca Dove	0.0	0.0	0.0	0.0	0.0	0.0	0.0	0.0	0.0	0.0	0.0	0.0	0.0	0.0	0.0	0.0	0.0	0.0	0.0	0.0	0.0	0.0	0.0	0.0	0.0	0.0	0.0	0.0	0.0	0.0	0.0	0.0	0.0	0.0	0.0	0.0	0.0	0.0	0.0	0.0	9.643E-4	0.0	0.0	0.0	0.0	0.0	0.0	0.0	
White-tipped Dove	0.2409639	0.2526455	0.2111801	0.2319749	0.2264151	0.186747	0.1644005	0.1904762	0.1701389	0.1722114	0.2091743	0.1884253	0.1937984	0.1930586	0.1431535	0.1596639	0.1984283	0.1624242	0.1975309	0.192582	0.2125693	0.2083333	0.2245322	0.2633279	0.2398524	0.2545455	0.1850534	0.2258065	0.2035831	0.1911038	0.2372263	0.2567873	0.2636816	0.2368065	0.2132565	0.2481752	0.25	0.2767599	0.245283	0.238247	0.243973	0.2409382	0.2711497	0.257882	0.2150411	0.2659314	0.2550505	0.2157996	
Eared Dove	0.7842278	0.7724868	0.8059006	0.7889237	0.7798742	0.748494	0.7824475	0.727422	0.7152778	0.7005871	0.6348624	0.5437416	0.496124	0.4859002	0.4875519	0.4319328	0.453831	0.4315152	0.4526749	0.4593438	0.4861368	0.60625	0.5509356	0.5896607	0.5719557	0.6236364	0.633452	0.6873449	0.737785	0.7281713	0.7445255	0.7782805	0.7694859	0.7834912	0.7766571	0.8039625	0.7683824	0.7733848	0.8083416	0.8055777	0.8322083	0.8230277	0.8112798	0.7938561	0.8178613	0.8051471	0.7588384	0.7418112	
pigeon/dove sp.	0.0021906	0.0	0.0	0.0	0.0	0.0	0.0	0.0	0.0	0.0	0.0	0.0	0.0	0.0	0.0	0.0	0.0	0.0	0.0	0.0	0.0	0.0	0.0	0.0	0.0	0.0	0.0	0.0	0.0	0.0065898	0.0018248	0.0011312	0.0	0.0	0.0	0.0	0.0	0.0	0.0	0.0	0.0	0.0010661	0.0	0.0	0.0	0.0	0.0	0.0	
Guira Cuckoo	0.1566265	0.1706349	0.1754658	0.1577847	0.1430818	0.1174699	0.091471	0.1050903	0.125	0.1311155	0.1155963	0.1049798	0.0833333	0.1127983	0.1286307	0.0907563	0.0825147	0.1236364	0.1069959	0.0998573	0.0961183	0.1041667	0.1018711	0.0936995	0.0867159	0.1018182	0.094306	0.1129032	0.0928339	0.0691928	0.100365	0.0972851	0.1011609	0.1001353	0.1037464	0.1199166	0.1127451	0.1080039	0.123138	0.1513944	0.1938284	0.1695096	0.1898048	0.1535974	0.1492362	0.1715686	0.125	0.128131	
Greater Ani	0.0	0.0	0.0	0.0	0.0	0.0	0.0	0.0	0.0	0.0	0.0	0.0	0.0	0.0	0.0	0.0	0.0	0.0	0.0041152	0.0	0.0	0.0	0.0	0.0	0.0	0.0	0.0	0.0	0.0	0.0	0.0	0.0	0.0	0.0	0.0	0.0	0.0	0.0	0.0	0.0	0.0	0.0	0.0	0.0	0.0	0.0	0.0	0.0	
Smooth-billed Ani	0.0010953	0.0	0.0	0.0	0.0015723	0.0	0.0	0.0	0.0	0.0	0.0	0.0	0.0	0.0	0.0	0.0	0.0	0.0	0.0	0.0	0.0	0.0	0.0	0.0	0.0	0.0	0.0	0.0	0.0	0.0	0.0	0.0	0.0	0.0	0.0	0.0	0.0	0.0	0.0	0.0	0.0	0.0	0.0	0.0	0.0	0.0015	0.0015	0.0015	
Striped Cuckoo	0.0032859	0.0092593	0.0046584	0.0041797	0.0062893	0.0	0.0	0.0	0.0015	0.0019569	0.0	0.0015	0.0	0.0	0.0	0.0016807	0.0	0.0	0.0	0.0	0.0	0.0	0.0	0.0	0.0	0.0	0.0	0.0	0.0	0.0016474	0.0018248	0.0	0.0	0.0	0.0	0.0	0.0061275	0.0163934	0.0158888	0.0167331	0.0298939	0.010661	0.0086768	0.0088925	0.0094007	0.0098039	0.0126263	0.0086705	
Ash-colored Cuckoo	0.0328587	0.0396825	0.0139752	0.0104493	0.0015723	0.001506	0.0012361	0.0049261	0.0069444	0.0039139	0.0073394	0.0040377	0.0015	0.0015	0.0041494	0.0	0.0058939	0.0	0.0	0.0	0.0	0.0	0.004158	0.0	0.0	0.0	0.0	0.0	0.0	0.0	0.0	0.0	0.0	0.0	0.0	0.0010428	0.0012255	0.002893	0.0039722	0.0063745	0.0125362	0.0074627	0.010846	0.004042	0.012926	0.0269608	0.0164141	0.017341	
Common Squirrel-Cuckoo	0.0	0.0	0.0	0.0	0.0	0.0	0.0	0.0	0.0	0.0	0.0	0.0013459	0.0	0.0	0.0	0.0	0.0	0.0	0.0	0.0	0.0	0.0	0.0015	0.0	0.0	0.0	0.0	0.0	0.0	0.0	0.0	0.0	0.0	0.0	0.0	0.0	0.0	0.0	0.0	0.0015	0.0	0.0	0.0	0.0	0.0	0.0	0.0	0.0	
Dark-billed Cuckoo	0.060241	0.026455	0.015528	0.0240334	0.0314465	0.0105422	0.0160692	0.0180624	0.0121528	0.0097847	0.0055046	0.0148048	0.0096899	0.0043384	0.0020747	0.0016807	0.0	0.0	0.0	0.0	0.0	0.0	0.0	0.0	0.0	0.0	0.0	0.0	0.0	0.0	0.0	0.0	0.0016584	0.0	0.0	0.0010428	0.0015	9.643E-4	0.0069513	0.0159363	0.0443587	0.0447761	0.0498915	0.0743735	0.0564042	0.0845588	0.0631313	0.0414258	
Yellow-billed Cuckoo	0.0010953	0.0	0.0	0.0	0.0	0.0	0.0	0.0015	0.0	0.0	0.0015	0.0	0.0	0.0	0.0	0.0	0.0	0.0	0.0	0.0	0.0	0.0	0.0	0.0	0.0	0.0	0.0	0.0	0.0	0.0	0.0	0.0	0.0	0.0	0.0	0.0	0.0	0.0	0.0	0.0	0.0	0.0	0.0	0.0	0.0	0.0	0.0	0.0	
Nacunda Nighthawk	0.0010953	0.0	0.0015	0.0015	0.0	0.0	0.0012361	0.0	0.0	0.0019569	0.0	0.0	0.0	0.0	0.0	0.0	0.0	0.0	0.0	0.0	0.0	0.0	0.0	0.0	0.0	0.0	0.0	0.0	0.0	0.0	0.0	0.0	0.0016584	0.0013532	0.0015	0.0062565	0.0012255	0.0	0.0	7.968E-4	9.643E-4	0.0021322	0.0010846	0.0	0.0	0.0	0.0	0.0	
Common Nighthawk	0.0	0.0	0.0	0.0	0.0015723	0.0	0.0	0.0	0.0	0.0	0.0	0.0	0.0	0.0	0.0	0.0	0.0	0.0	0.0	0.0	0.0	0.0	0.0	0.0	0.0	0.0	0.0	0.0	0.0	0.0	0.0	0.0	0.0	0.0	0.0	0.0	0.0	0.0	0.0	0.0	0.0	0.0015	0.0	0.0	0.0	0.0	0.0	0.0	
Little Nightjar	0.0	0.0	0.0	0.0	0.0	0.0195783	0.0333745	0.0262726	0.0052083	0.0	0.0	0.0	0.0	0.0	0.0	0.0	0.0	0.0	0.0	0.0	0.0	0.0	0.0	0.0	0.0	0.0	0.0	0.0	0.0	0.0	0.0	0.0	0.0	0.0	0.0015	0.0	0.0	9.643E-4	9.93E-4	0.0	0.0	0.0	0.0	0.0016168	0.0011751	0.0	0.0012626	0.0	
Band-winged Nightjar	0.0	0.0	0.0	0.0	0.0	0.0	0.0	0.0	0.0	0.0	0.0	0.0013459	0.0	0.0021692	0.0	0.0	0.0019646	0.0	0.0	0.0	0.0	0.0	0.0	0.0016155	0.0015	0.0	0.0	0.0	0.0	0.0	0.0	0.0	0.0015	0.0	0.0014409	0.004171	0.002451	0.0	0.0	0.0	0.0015	0.0	0.0	0.0016168	0.0	0.0	0.0	0.0	
Scissor-tailed Nightjar	0.0032859	0.0	0.0015528	0.0020899	0.0	0.003012	0.0024722	0.001642	0.0	0.0117417	0.0036697	0.0026918	0.001938	0.0065076	0.0020747	0.005042	0.0019646	0.0	0.0020576	0.0	0.0	0.0	0.0	0.0016155	0.0	0.0018182	0.0	0.0015	0.0	0.0	0.0	0.0	0.0016584	0.0027064	0.0100865	0.0208551	0.0147059	0.0048216	0.0029791	0.0031873	0.0038573	0.0170576	0.0173536	0.0194018	0.0047004	0.0012255	0.0037879	0.0015	
Caprimulgus sp.	0.0	0.0	0.0	0.0	0.0	0.0	0.0	0.0	0.0	0.0	0.0	0.0	0.0	0.0	0.0	0.0	0.0	0.0	0.0	0.0	0.0	0.0	0.0	0.0	0.0	0.0	0.0	0.0	0.0	0.0	0.0	0.0	0.0	0.0	0.0	0.0015	0.0	0.0	0.0	0.0	0.0	0.0	0.0	0.0	0.0	0.0	0.0	0.0	
nightjar sp.	0.0	0.0	0.0	0.0	0.0	0.0	0.0	0.0	0.0	0.0	0.0	0.0	0.0	0.0	0.0	0.0016807	0.0	0.0012121	0.0	0.0	0.0	0.0	0.0	0.0	0.0	0.0	0.0	0.0	0.0	0.0	0.0	0.0	0.0	0.0	0.0	0.0	0.0012255	0.0	0.0	0.0	0.0	0.0	0.0010846	0.0	0.0	0.0	0.0	0.0	
Common Potoo	0.0	0.0	0.0	0.0	0.0	0.0	0.0	0.0	0.0	0.0	0.0	0.0	0.0	0.0	0.0	0.0	0.0	0.0	0.0	0.0	0.0	0.0	0.0	0.0	0.0	0.0	0.0	0.0	0.0	0.0	0.0	0.0	0.0	0.0	0.0	0.0	0.0	0.0	0.0	0.0	0.0	0.0	0.0	0.0355699	0.0	0.0	0.0	0.0	
Chaetura sp.	0.0	0.0	0.0	0.0	0.0	0.0	0.0	0.0	0.0	0.0	0.0	0.0	0.0	0.0	0.0020747	0.0	0.0	0.0	0.0	0.0	0.0	0.0	0.0	0.0	0.0	0.0	0.0	0.0	0.0	0.0	0.0	0.0	0.0	0.0	0.0	0.0	0.0	0.0	0.0	0.0	0.0	0.0	0.0	0.0	0.0	0.0	0.0	0.0	
swift sp.	0.0	0.0	0.0	0.0	0.0	0.0	0.0	0.0	0.0	0.0	0.0	0.0	0.0	0.0	0.0020747	0.0	0.0	0.0	0.0	0.0	0.0	0.0	0.0	0.0	0.0	0.0	0.0	0.0	0.0	0.0	0.0	0.0	0.0	0.0	0.0	0.0	0.0	0.0	0.0	0.0	0.0	0.0	0.0	0.0	0.0	0.0	0.0	0.0	
Red-tailed Comet	0.0	0.0	0.0	0.0	0.0	0.0	0.0	0.0	0.0	0.0	0.0	0.0	0.0	0.0	0.0	0.0	0.0	0.0	0.0	0.0	0.0	0.0	0.0	0.0	0.0	0.0	0.0	0.0	0.0	0.0	0.0	0.0015	0.0	0.0	0.0	0.0	0.0	0.0	0.0	0.0	0.0	0.0	0.0	0.0	0.0	0.0	0.0	0.0	
Blue-tufted Starthroat	0.0	0.0	0.0	0.0	0.0	0.0	0.0015	0.0	0.0	0.0	0.0	0.0	0.001938	0.0	0.0	0.0	0.0	0.0	0.0	0.0	0.0	0.0	0.0	0.0	0.0	0.0	0.0017794	0.0	0.0015	0.0181219	0.0015	0.0	0.0	0.0	0.0	0.0010428	0.0	0.0	0.0	0.0	0.0	0.0010661	0.0	0.0	0.0	0.0	0.0012626	0.0	
Glittering-bellied Emerald	0.3997809	0.3888889	0.3773292	0.4200627	0.418239	0.4246988	0.4313968	0.3858785	0.3888889	0.3816047	0.3431193	0.2462988	0.2674419	0.208243	0.1327801	0.0537815	0.0235756	0.04	0.0246914	0.0171184	0.0295749	0.0229167	0.018711	0.0177706	0.0110701	0.0109091	0.0142349	0.0124069	0.0114007	0.0049423	0.0255474	0.0282805	0.0679934	0.1271989	0.2334294	0.3733055	0.4301471	0.463838	0.4568024	0.438247	0.466731	0.45629	0.4815618	0.4098626	0.3948296	0.4448529	0.415404	0.3535645	
White-throated Hummingbird	0.0043812	0.0013228	0.0046584	0.0062696	0.0141509	0.0075301	0.0061805	0.001642	0.0034722	0.0019569	0.0055046	0.0013459	0.001938	0.0043384	0.0020747	0.0	0.0019646	0.0024242	0.0061728	0.0028531	0.0055453	0.0015	0.002079	0.006462	0.0147601	0.0127273	0.0071174	0.0173697	0.0276873	0.0181219	0.0091241	0.0033937	0.0033167	0.0054127	0.0028818	0.0020855	0.0036765	0.0019286	0.0029791	0.0023904	0.0019286	0.0031983	0.0075922	0.0024252	0.0035253	0.0015	0.0025253	0.0028902	
Gilded Hummingbird	0.2343921	0.2777778	0.2220497	0.2392894	0.2767296	0.2093373	0.2014833	0.2233169	0.2621528	0.2465753	0.2733945	0.2624495	0.2616279	0.2516269	0.2759336	0.2941176	0.2357564	0.2618182	0.2674897	0.2596291	0.2476895	0.2375	0.2619543	0.2810985	0.2380074	0.2418182	0.1690391	0.2121588	0.1970684	0.2257002	0.2007299	0.2545249	0.2752902	0.2976996	0.2636888	0.2773723	0.2720588	0.270974	0.2512413	0.2613546	0.2719383	0.2761194	0.3015184	0.2780922	0.2632197	0.3088235	0.2992424	0.2186898	
hummingbird sp.	0.0120482	0.0132275	0.007764	0.0052247	0.0125786	0.0105422	0.0123609	0.0114943	0.0104167	0.0117417	0.0110092	0.0148048	0.005814	0.0086768	0.0145228	0.0033613	0.0078585	0.0060606	0.0041152	0.0085592	0.0147874	0.0083333	0.02079	0.0145396	0.0073801	0.0054545	0.0124555	0.0099256	0.0032573	0.0032949	0.0054745	0.010181	0.0033167	0.0094723	0.0129683	0.0072993	0.004902	0.0067502	0.0099305	0.0095618	0.0086789	0.0117271	0.0086768	0.0097009	0.0141011	0.0159314	0.0088384	0.004817	
Spotted Rail	0.007667	0.0026455	0.0	0.0031348	0.0	0.0	0.0012361	0.0	0.0	0.0	0.0018349	0.0	0.0	0.0	0.0	0.0	0.0	0.0024242	0.0015	0.0071327	0.0	0.0	0.0	0.0	0.001845	0.0	0.0017794	0.0	0.0	0.0	0.0	0.0011312	0.0	0.0	0.0	0.0010428	0.0085784	0.0019286	0.0168818	0.0071713	0.0115718	0.0138593	0.010846	0.0056589	0.0011751	0.004902	0.0037879	0.0057803	
Plumbeous Rail	0.0854326	0.0833333	0.0916149	0.1024033	0.0896226	0.064759	0.0432633	0.0755337	0.0520833	0.0958904	0.0715596	0.0820996	0.0658915	0.0845987	0.0829876	0.0655462	0.1001965	0.0654545	0.0720165	0.0955777	0.116451	0.10625	0.1205821	0.1114701	0.1051661	0.1072727	0.0747331	0.0942928	0.0879479	0.0658979	0.0985401	0.1052036	0.1077944	0.0757781	0.0936599	0.0917623	0.0833333	0.1022179	0.102284	0.098008	0.1157184	0.0948827	0.1041215	0.0970089	0.0846063	0.1115196	0.0959596	0.0809249	
Ash-throated Crake	0.0	0.0	0.0	0.0	0.0	0.0	0.0	0.0	0.0	0.0	0.0	0.0	0.0	0.0	0.0	0.0	0.0	0.0	0.0	0.0	0.0	0.0	0.0	0.0	0.0	0.0	0.0015	0.0	0.0	0.0	0.0	0.0	0.0	0.0	0.0	0.0	0.0	0.0	0.0	0.0	0.0	0.0	0.0	0.0	0.0	0.0	0.0	0.0	
Giant Wood-Rail	0.075575	0.0780423	0.0729814	0.0794148	0.077044	0.0587349	0.0420272	0.0755337	0.0833333	0.1037182	0.0770642	0.0794078	0.0426357	0.0455531	0.0435685	0.0487395	0.0589391	0.0460606	0.0329218	0.0413695	0.051756	0.0708333	0.0810811	0.0597738	0.097786	0.06	0.0622776	0.0868486	0.0749186	0.0461285	0.080292	0.10181	0.1144279	0.0920162	0.0677233	0.0855057	0.0992647	0.0945034	0.102284	0.0780876	0.0973963	0.0916844	0.1225597	0.12692	0.1128085	0.1066176	0.0909091	0.0703276	
Gray-cowled Wood-Rail	0.1128149	0.1203704	0.1195652	0.1065831	0.0880503	0.0978916	0.0778739	0.0722496	0.1128472	0.1056751	0.0788991	0.1036339	0.0949612	0.0694143	0.0622407	0.0588235	0.0569745	0.0739394	0.100823	0.0827389	0.0979667	0.0541667	0.0810811	0.1211632	0.1291513	0.1	0.0765125	0.0942928	0.0830619	0.0658979	0.1021898	0.091629	0.0978441	0.0730717	0.0821326	0.1303441	0.1102941	0.0906461	0.1181728	0.0796813	0.1137898	0.0831557	0.1041215	0.1018593	0.092832	0.1151961	0.1300505	0.1040462	
wood-rail sp.	0.0015	0.0	0.0	0.0	0.0	0.001506	0.0	0.0	0.0	0.0	0.0	0.0	0.0	0.0	0.0	0.0	0.0	0.0	0.0	0.0	0.0	0.0	0.002079	0.0	0.0	0.0	0.0	0.0	0.0	0.0	0.0	0.0	0.0	0.0	0.0	0.0	0.0012255	0.0	0.0	0.0	9.643E-4	0.0010661	0.0	8.084E-4	0.0	0.0012255	0.0	0.0	
Spot-flanked Gallinule	0.1062432	0.1005291	0.0916149	0.1024033	0.0943396	0.0798193	0.0778739	0.0738916	0.0763889	0.0782779	0.0513761	0.0740242	0.0523256	0.0433839	0.0746888	0.0705882	0.0805501	0.1018182	0.0576132	0.0613409	0.0591497	0.0979167	0.0893971	0.0678514	0.099631	0.1072727	0.0978648	0.1401985	0.1205212	0.1037891	0.1843066	0.1911765	0.1923715	0.1826793	0.1700288	0.1835245	0.1875	0.1976856	0.1886792	0.1816733	0.2111861	0.1769723	0.1843818	0.1665319	0.1057579	0.1090686	0.1224747	0.0741811	
Common Gallinule	0.3231106	0.3624339	0.3400621	0.338558	0.3207547	0.246988	0.2385661	0.2955665	0.2690972	0.3365949	0.2715596	0.2812921	0.3081395	0.2993492	0.2946058	0.2907563	0.302554	0.2751515	0.2777778	0.296719	0.3401109	0.325	0.3388773	0.3457189	0.3948339	0.42	0.3718861	0.4193548	0.3485342	0.3179572	0.399635	0.3993213	0.3648425	0.3437077	0.370317	0.3607925	0.3504902	0.3664417	0.3684211	0.3649402	0.3982642	0.3496802	0.3665944	0.3427648	0.3043478	0.3333333	0.3093434	0.2870906	
Red-fronted Coot	0.177437	0.1785714	0.1645963	0.1703239	0.1918239	0.1521084	0.1483313	0.1707718	0.15625	0.18591	0.1486239	0.1655451	0.1453488	0.1409978	0.1224066	0.1411765	0.1532417	0.129697	0.1728395	0.128388	0.1829945	0.1666667	0.1767152	0.2180937	0.2435424	0.24	0.1939502	0.248139	0.2361564	0.1746293	0.2664234	0.2341629	0.2106136	0.1786198	0.2089337	0.1835245	0.1911765	0.2140791	0.2085402	0.2199203	0.222758	0.2185501	0.2147505	0.2118027	0.1786134	0.2132353	0.1767677	0.128131	
Red-gartered Coot	0.2552026	0.2526455	0.2142857	0.2142111	0.2484277	0.2228916	0.2113721	0.228243	0.2309028	0.2622309	0.2238532	0.1897712	0.1782946	0.1691974	0.1950207	0.1798319	0.1709234	0.1672727	0.1954733	0.1740371	0.2014787	0.1979167	0.1954262	0.1857835	0.2250923	0.2090909	0.227758	0.2245658	0.2117264	0.1878089	0.2427007	0.2307692	0.1973466	0.1853857	0.2074928	0.2022941	0.2107843	0.2150434	0.2462761	0.2533865	0.2613308	0.238806	0.2407809	0.2465643	0.2209166	0.245098	0.2171717	0.1531792	
White-winged Coot	0.2420591	0.2433862	0.2065217	0.2298851	0.259434	0.2078313	0.1681088	0.1724138	0.1423611	0.1369863	0.1394495	0.12786	0.1531008	0.1475054	0.1099585	0.1327731	0.1434185	0.1078788	0.1481481	0.1383738	0.1645102	0.1479167	0.1704782	0.1647819	0.2158672	0.2418182	0.2135231	0.2320099	0.2442997	0.2042834	0.2810219	0.2341629	0.2106136	0.1989175	0.240634	0.2398332	0.245098	0.2555448	0.2284012	0.2669323	0.2757956	0.2729211	0.2700651	0.2425222	0.2244418	0.2622549	0.2171717	0.2013487	
coot sp.	0.0087623	0.015873	0.0139752	0.0083595	0.0188679	0.0090361	0.0123609	0.0164204	0.0104167	0.0097847	0.0110092	0.0094213	0.0096899	0.0130152	0.0062241	0.005042	0.0078585	0.0145455	0.0164609	0.0042796	0.0147874	0.0145833	0.008316	0.0113086	0.0110701	0.0072727	0.0035587	0.0099256	0.0211726	0.0065898	0.0127737	0.0192308	0.0049751	0.0067659	0.0057637	0.008342	0.0061275	0.0096432	0.0158888	0.0135458	0.0154291	0.0042644	0.010846	0.0105093	0.0070505	0.0159314	0.0063131	0.0038536	
Purple Gallinule	0.0087623	0.0079365	0.0	0.0	0.0	0.0	0.0	0.0	0.0	0.0	0.0	0.0	0.001938	0.0021692	0.0	0.0	0.0	0.0	0.0	0.0	0.0	0.0	0.0	0.0	0.0	0.0	0.0	0.0	0.0	0.0	0.0	0.0	0.0	0.0	0.0	0.0	0.0	0.0	0.0	0.0023904	0.0048216	0.0031983	0.0086768	0.0080841	0.0035253	0.0098039	0.0037879	0.0038536	
moorhen/coot/gallinule sp.	0.0	0.0	0.0	0.0	0.0	0.0	0.0	0.0	0.0	0.0	0.0	0.0	0.0	0.0	0.0	0.0	0.0	0.0	0.0	0.0	0.0	0.0	0.0	0.0	0.0	0.0	0.0	0.0012407	0.0	0.0	0.0	0.0	0.0	0.0	0.0	0.0	0.0	0.0	0.0	0.0	0.0	0.0	0.0	0.0	0.0	0.0	0.0	0.0	
Red-and-white Crake	0.0219058	0.0132275	0.0139752	0.0104493	0.0015723	0.001506	0.0074166	0.0164204	0.0190972	0.0117417	0.0183486	0.0215343	0.0174419	0.021692	0.0082988	0.0033613	0.0176817	0.0121212	0.0164609	0.0128388	0.0314233	0.01875	0.035343	0.0193861	0.0147601	0.0109091	0.0053381	0.0074442	0.0228013	0.0181219	0.020073	0.0361991	0.0248756	0.02977	0.0129683	0.012513	0.0147059	0.0202507	0.0178749	0.0119522	0.0096432	0.0181237	0.010846	0.0161681	0.0070505	0.0208333	0.020202	0.0115607	
Speckled Rail	0.0	0.0	0.0	0.0	0.0	0.0	0.0	0.0	0.0	0.0	0.0	0.0	0.0	0.0	0.0	0.0	0.0	0.0	0.0	0.0	0.0	0.0	0.0	0.0	0.0	0.0	0.0	0.0	0.0	0.0	0.0	0.0	0.0	0.0	0.0	0.0	0.0	0.0	0.0	7.968E-4	0.0	0.0	0.0	0.0	0.0	0.0	0.0	0.0	
Yellow-breasted Crake	0.0	0.0	0.015528	0.0041797	0.0	0.0	0.0	0.0	0.0	0.0	0.0	0.0	0.0	0.0	0.0	0.0	0.0	0.0	0.0	0.0	0.0	0.0	0.0	0.0	0.0	0.0	0.0	0.0	0.0	0.0	0.0	0.0	0.0	0.0	0.0	0.0	0.0	0.0	0.0	0.0	0.0015	0.0	0.0	0.0	0.0	0.0	0.0	0.0	
Rufous-sided Crake	0.0635268	0.0767196	0.0636646	0.0386625	0.0440252	0.0391566	0.0333745	0.047619	0.0555556	0.0528376	0.0678899	0.0524899	0.0562016	0.1062907	0.093361	0.0941176	0.0962672	0.0690909	0.0967078	0.0941512	0.0924214	0.1041667	0.1122661	0.1082391	0.0904059	0.0618182	0.0320285	0.0905707	0.0635179	0.0527183	0.0985401	0.1187783	0.1028192	0.0987821	0.1037464	0.0917623	0.0845588	0.0732883	0.061569	0.0733068	0.0848602	0.0767591	0.0639913	0.0590137	0.0517039	0.0661765	0.0694444	0.0491329	
Red-and-white/Rufous-sided Crake	0.0	0.0013228	0.0	0.0	0.0	0.0	0.0	0.0	0.0	0.0	0.0	0.0	0.0	0.0	0.0	0.0	0.0	0.0	0.0	0.0	0.0	0.0	0.0	0.0	0.0	0.0	0.0	0.0	0.0	0.0	0.0	0.0011312	0.0	0.0	0.0	0.0	0.0	0.0	0.0	0.0	0.0	0.0	0.0	0.0	0.0	0.0	0.0	0.0	
Dot-winged Crake	0.0	0.0	0.0	0.0	0.0	0.0	0.0	0.0	0.0	0.0	0.0	0.0	0.0	0.0	0.0	0.0	0.0	0.0	0.0	0.0	0.0	0.0	0.0	0.0	0.0	0.0	0.0	0.0	0.0	0.0	0.0	0.0	0.0	0.0	0.0	0.0	0.0	0.0	0.0	0.0	0.0	0.0	0.0	0.0015	0.0015	0.0	0.0	0.0	
rail/crake sp.	0.0010953	0.0	0.0	0.0	0.0	0.0	0.0	0.0	0.0	0.0	0.0	0.0	0.0	0.0	0.0	0.0	0.0	0.0	0.0	0.0	0.0	0.0	0.0	0.0	0.0	0.0	0.0017794	0.0	0.0	0.0	0.0	0.0	0.0	0.0	0.0	0.0	0.0	0.0	0.0	0.0	0.0	0.0	0.0	8.084E-4	0.0	0.0	0.0	0.0	
Limpkin	0.3384447	0.3703704	0.3245342	0.3615465	0.3396226	0.2891566	0.2620519	0.3366174	0.2864583	0.3228963	0.3192661	0.3216689	0.3100775	0.3362256	0.2925311	0.3092437	0.2278978	0.2436364	0.244856	0.2439372	0.2421442	0.2270833	0.2827443	0.2633279	0.3191882	0.2727273	0.2366548	0.3176179	0.2785016	0.2701812	0.3175182	0.3371041	0.3250415	0.32341	0.314121	0.3263816	0.3137255	0.3095468	0.3326713	0.314741	0.340405	0.336887	0.3383948	0.327405	0.2808461	0.3455882	0.3308081	0.3140655	
Snowy Sheathbill	0.0	0.0	0.0	0.0	0.0	0.0	0.0	0.0	0.0	0.0	0.0	0.0	0.0	0.0021692	0.0015	0.0	0.0	0.0	0.0	0.0	0.0	0.0	0.0	0.0	0.0	0.0	0.0	0.0	0.0	0.0	0.0	0.0	0.0	0.0	0.0	0.0	0.0	0.0	0.0	0.0	0.0	0.0	0.0	0.0	0.0	0.0	0.0	0.0	
Black-necked Stilt	0.033954	0.0515873	0.0481366	0.0647858	0.0534591	0.0376506	0.0309023	0.0279146	0.0086806	0.0176125	0.0073394	0.0148048	0.0174419	0.0238612	0.0186722	0.0201681	0.0314342	0.0230303	0.0473251	0.0271041	0.0314233	0.04375	0.014553	0.0193861	0.0387454	0.0272727	0.0213523	0.016129	0.029316	0.0362438	0.0383212	0.0294118	0.0348259	0.0338295	0.0403458	0.0427529	0.0490196	0.045323	0.0436941	0.0541833	0.0597878	0.0458422	0.0520607	0.0307195	0.0411281	0.0539216	0.0328283	0.039499	
American Oystercatcher	0.0010953	0.0	0.0	0.0	0.0	0.0	0.0	0.0	0.0	0.0	0.0	0.0	0.0	0.0	0.0	0.0	0.0	0.0	0.0	0.0	0.0	0.0	0.0	0.0	0.0	0.0	0.0	0.0	0.0	0.0	0.0	0.0011312	0.0	0.0013532	0.0	0.0	0.0	0.0	0.0	0.0	0.0	0.0	0.0	0.0	0.0	0.0	0.0	0.0	
American Golden-Plover	0.0021906	0.0013228	0.0	0.0010449	0.0	0.0	0.0012361	0.0	0.0	0.0	0.0	0.0	0.0	0.0	0.0	0.0	0.0	0.0	0.0	0.0014265	0.0	0.0015	0.0	0.0016155	0.001845	0.0036364	0.0	0.0	0.0	0.0	0.0	0.0	0.0	0.0	0.0	0.0	0.0	9.643E-4	0.0015	7.968E-4	0.0	0.0015	0.0021692	8.084E-4	0.0	0.0	0.0	0.0	
Rufous-chested Dotterel	0.0	0.0	0.0	0.0	0.0	0.0	0.0	0.0	0.0	0.0019569	0.0	0.0	0.0	0.0	0.0	0.0033613	0.0039293	0.0015	0.0061728	0.0057061	0.0036969	0.0020833	0.0	0.003231	0.0055351	0.0036364	0.0015	0.0037221	0.0016287	0.0016474	0.0	0.0	0.0	0.0	0.0	0.0	0.0	0.0	0.0	0.0	0.0	0.0	0.0	0.0	0.0	0.0	0.0	0.0	
Semipalmated Plover	0.0	0.0	0.0	0.0	0.0	0.0	0.0	0.0	0.0	0.0019569	0.0	0.0	0.0	0.0	0.0	0.0	0.0	0.0	0.0	0.0	0.0	0.0	0.0	0.0	0.0	0.0	0.0	0.0	0.0	0.0	0.0	0.0	0.0	0.0	0.0	0.0	0.0	0.0	0.0	0.0015	0.0	0.0	0.0010846	0.0	0.0011751	0.0	0.0	0.0	
Southern Lapwing	0.305586	0.3452381	0.318323	0.30721	0.2688679	0.246988	0.1866502	0.2331691	0.2326389	0.2152642	0.2036697	0.179004	0.2170543	0.2581345	0.2489627	0.2218487	0.2200393	0.2557576	0.2880658	0.2553495	0.2902033	0.3145833	0.2910603	0.3182553	0.3468635	0.3490909	0.3327402	0.3883375	0.3794788	0.3591433	0.3941606	0.3778281	0.384743	0.3721245	0.3991354	0.3524505	0.3529412	0.3780135	0.3644489	0.3338645	0.3944069	0.3464819	0.345987	0.3354891	0.2914219	0.3676471	0.3320707	0.2630058	
Collared Plover	0.0	0.0013228	0.0	0.0	0.0	0.0	0.0024722	0.0015	0.0017361	0.0039139	0.0018349	0.0013459	0.0015	0.0	0.0	0.0084034	0.0019646	0.0024242	0.0102881	0.0071327	0.0055453	0.0083333	0.006237	0.006462	0.001845	0.0036364	0.0015	0.0037221	0.0	0.0098847	0.0072993	0.0022624	0.0033167	0.0027064	0.0015	0.0031283	0.0015	0.0038573	0.0039722	0.0039841	0.002893	0.0031983	0.005423	8.084E-4	0.0035253	0.002451	0.0012626	0.0	
Two-banded Plover	0.0	0.0026455	0.0	0.0	0.0	0.0	0.0	0.0	0.0015	0.0019569	0.0	0.0	0.0	0.0015	0.0020747	0.0015	0.0	0.0	0.0	0.0	0.0015	0.0	0.0	0.0	0.001845	0.0015	0.0	0.0	0.0016287	0.0	0.0	0.0011312	0.0	0.0	0.0	0.0	0.0	0.0	0.0	0.0	0.0	0.0	0.0	8.084E-4	0.0	0.0	0.0	0.0	
Least Seedsnipe	0.0	0.0	0.0	0.0	0.0	0.0	0.0	0.0	0.0	0.0	0.0	0.0	0.0	0.0	0.0020747	0.0	0.0	0.0	0.0	0.0	0.0	0.0	0.0	0.0	0.0	0.0	0.0015	0.0	0.0	0.0	0.0	0.0015	0.0	0.0	0.0	0.0	0.0	0.0	0.0	0.0	0.0	0.0	0.0	0.0	0.0	0.0	0.0	0.0	
South American Painted-Snipe	0.0021906	0.005291	0.0	0.0020899	0.004717	0.001506	0.0012361	0.0	0.0017361	0.0015	0.0091743	0.0015	0.001938	0.0	0.0	0.0016807	0.0	0.0	0.0	0.0	0.0	0.0	0.0	0.0	0.0	0.0	0.0	0.0	0.0	0.0016474	0.0	0.0	0.0	0.0027064	0.0	0.0010428	0.0	0.0048216	0.0019861	7.968E-4	0.002893	0.0053305	0.0086768	0.0024252	0.0	0.0036765	0.0012626	0.0019268	
Wattled Jacana	0.3691128	0.4021164	0.3571429	0.369906	0.3238994	0.2921687	0.2793572	0.3743842	0.3350694	0.3307241	0.3266055	0.3351279	0.2771318	0.2754881	0.253112	0.2386555	0.2436149	0.2206061	0.2201646	0.256776	0.2532348	0.2520833	0.3014553	0.2988691	0.3413284	0.2818182	0.252669	0.2990074	0.2361564	0.214168	0.2883212	0.2669683	0.278607	0.2625169	0.2463977	0.2533889	0.3161765	0.3288332	0.3426018	0.3346614	0.388621	0.3731343	0.3698482	0.3718674	0.3325499	0.3786765	0.3585859	0.3352601	
Upland Sandpiper	0.0010953	0.0	0.0	0.0010449	0.0	0.0	0.0024722	0.0	0.0	0.0	0.0	0.0	0.0	0.0	0.0	0.0	0.0	0.0	0.0	0.0	0.0	0.0	0.0	0.0	0.0	0.0	0.0	0.0	0.0	0.0	0.0	0.0	0.0	0.0	0.0	0.0	0.0	0.0	0.0	0.0	0.0015	0.0	0.0	0.0	0.0015	0.0012255	0.0015	0.0019268	
Hudsonian Whimbrel	0.0	0.0	0.0	0.0	0.0	0.0	0.0	0.0	0.0	0.0	0.0	0.0	0.0	0.0	0.0	0.0	0.0	0.0	0.0	0.0	0.0	0.0	0.0	0.0	0.0	0.0	0.0	0.0	0.0	0.0	0.0	0.0	0.0	0.0	0.0	0.0	0.0	0.0	0.0	0.0	0.0	0.0	0.0015	0.0	0.0	0.0	0.0	0.0	
Hudsonian Godwit	0.0	0.0013228	0.0	0.0	0.0	0.0	0.0	0.0	0.0	0.0	0.0	0.0	0.0	0.0	0.0	0.0	0.0	0.0	0.0	0.0	0.0	0.0020833	0.0	0.0	0.0	0.0	0.0	0.0	0.0	0.0	0.0	0.0015	0.0	0.0013532	0.0015	0.0010428	0.0012255	0.0019286	9.93E-4	0.0	0.0	0.0	0.0	0.0	0.0	0.0	0.0	0.0	
Pantanal Snipe	0.0164294	0.0145503	0.0062112	0.0062696	0.0062893	0.0060241	0.0037083	0.0082102	0.0017361	0.0	0.0018349	0.0053836	0.001938	0.0021692	0.0041494	0.0	0.0	0.0012121	0.0	0.0	0.0	0.0	0.0	0.0	0.0	0.0	0.0	0.0	0.0	0.0	0.0	0.0	0.0	0.0	0.0	0.0	0.002451	0.0019286	0.0	0.0015936	0.002893	0.0053305	0.0206074	0.0129345	0.0176263	0.0098039	0.0075758	0.0086705	
Pantanal/Magellanic Snipe	0.0	0.0	0.0	0.0	0.0	0.0	0.0	0.0	0.0	0.0	0.0	0.0	0.0015	0.0021692	0.0020747	0.0015	0.0	0.0012121	0.0	0.0028531	0.0	0.0020833	0.0	0.0	0.001845	0.0	0.0	0.0	0.0	0.0	0.0018248	0.0	0.0	0.0	0.0	0.0010428	0.0	0.0	0.0	0.0	0.0	0.0	0.0	8.084E-4	0.0	0.0	0.0	0.0	
Wilson's Phalarope	0.0010953	0.0013228	0.0	0.0052247	0.0	0.003012	0.0012361	0.0	0.0	0.0	0.0	0.0040377	0.0	0.0	0.0	0.0	0.0	0.0	0.0	0.0	0.0	0.0	0.0	0.0	0.0	0.0	0.0	0.0	0.0	0.0	0.0	0.0	0.0015	0.0040595	0.0072046	0.0010428	0.004902	0.0135005	0.0148957	0.0087649	0.0115718	0.0053305	0.0075922	0.0024252	0.0058754	0.0073529	0.0025253	0.0019268	
phalarope sp.	0.0	0.0	0.0	0.0	0.0	0.0	0.0	0.001642	0.0	0.0	0.0	0.0	0.0	0.0	0.0	0.0	0.0	0.0	0.0	0.0	0.0	0.0	0.0	0.0	0.0	0.0	0.0	0.0	0.0	0.0	0.0	0.0	0.0	0.0	0.0	0.0	0.0	0.0	0.0	0.0	0.0	0.0	0.0	0.0	0.0	0.0	0.0	0.0	
Spotted Sandpiper	0.0021906	0.0013228	0.0	0.0	0.0	0.0	0.0	0.0015	0.0	0.0	0.0	0.0	0.0	0.0	0.0	0.0	0.0	0.0	0.0	0.0	0.0	0.0	0.0	0.0	0.0	0.0	0.0	0.0	0.0	0.0	0.0	0.0	0.0015	0.0013532	0.0	0.0010428	0.0	0.002893	0.0	0.0	0.0015	0.0	0.0	0.0016168	0.0	0.0	0.0	0.0	
Solitary Sandpiper	0.0010953	0.0015	0.0031056	0.0020899	0.0062893	0.0	0.0024722	0.0	0.0	0.0	0.0	0.0	0.0	0.0	0.0	0.0	0.0	0.0	0.0	0.0	0.0	0.0	0.0	0.0	0.0	0.0018182	0.0	0.0	0.0	0.0	0.0	0.0	0.0	0.0013532	0.0	0.0	0.0	9.643E-4	9.93E-4	7.968E-4	0.0019286	0.0010661	0.0010846	0.0024252	0.0035253	0.0012255	0.0	0.0	
Lesser Yellowlegs	0.0438116	0.026455	0.015528	0.014629	0.0157233	0.0	0.0086527	0.001642	0.0052083	0.0117417	0.0018349	0.0026918	0.001938	0.0015	0.0020747	0.0016807	0.0	0.0	0.0	0.0	0.0	0.0	0.0	0.0	0.0	0.0	0.0	0.0024814	0.0032573	0.0032949	0.0182482	0.0090498	0.0149254	0.0202977	0.0158501	0.0187696	0.0134804	0.0298939	0.0228401	0.0270916	0.0163934	0.0181237	0.0260304	0.0145513	0.0411281	0.0416667	0.0252525	0.0250482	
Greater Yellowlegs	0.0054765	0.0079365	0.0046584	0.0020899	0.0015723	0.001506	0.0012361	0.0032841	0.0034722	0.0058708	0.0018349	0.0	0.001938	0.0043384	0.0041494	0.0033613	0.0019646	0.0012121	0.0	0.0014265	0.0018484	0.0015	0.0	0.0	0.0015	0.0036364	0.0	0.0024814	0.0016287	0.0016474	0.0018248	0.0	0.0033167	0.0054127	0.0057637	0.0052138	0.0073529	0.0067502	0.0089374	0.0071713	0.0067502	0.0031983	0.0097614	0.0088925	0.0105758	0.0061275	0.0037879	0.004817	
Tringa sp.	0.0015	0.0013228	0.0	0.0	0.0031447	0.0	0.0	0.0	0.0	0.0	0.0	0.0013459	0.0	0.0	0.0	0.0	0.0	0.0	0.0	0.0	0.0	0.0	0.0	0.0	0.0	0.0	0.0	0.0	0.0	0.0	0.0	0.0	0.0	0.0	0.0	0.0	0.0012255	0.0038573	9.93E-4	0.0015936	0.0	0.0010661	0.0	8.084E-4	0.0	0.0	0.0	9.634E-4	
Red Knot	0.0	0.0	0.0	0.0015	0.0	0.0	0.0	0.0	0.0	0.0	0.0	0.0	0.0	0.0	0.0	0.0	0.0	0.0	0.0	0.0	0.0	0.0	0.0	0.0	0.0	0.0	0.0	0.0	0.0	0.0	0.0	0.0015	0.0	0.0	0.0	0.0010428	0.0	0.0	0.0015	7.968E-4	9.643E-4	0.0	0.0	0.0	0.0023502	0.0	0.0	0.0	
Stilt Sandpiper	0.0	0.0	0.0	0.0015	0.0	0.0	0.0	0.0	0.0	0.0	0.0	0.0	0.0	0.0	0.0	0.0	0.0	0.0	0.0	0.0	0.0	0.0	0.0	0.0	0.0	0.0	0.0	0.0	0.0	0.0	0.0	0.0015	0.0016584	0.0	0.0	0.0010428	0.0015	0.002893	0.0039722	7.968E-4	9.643E-4	0.0010661	0.0065076	8.084E-4	0.0	0.002451	0.0012626	9.634E-4	
Buff-breasted Sandpiper	0.0	0.0	0.0	0.0	0.0	0.0	0.0	0.0	0.0	0.0	0.0	0.0	0.0	0.0	0.0	0.0	0.0	0.0	0.0	0.0	0.0	0.0	0.0	0.0	0.0	0.0	0.0	0.0	0.0	0.0	0.0	0.0	0.0	0.0	0.0028818	0.0	0.0	0.0	0.0	0.0	0.0	0.0	0.0	0.0	0.0	0.0	0.0	0.0	
Sanderling	0.0	0.0015	0.0015528	0.0	0.0	0.0	0.0	0.0	0.0	0.0	0.0	0.0	0.0	0.0	0.0	0.0	0.0	0.0	0.0	0.0	0.0	0.0	0.0	0.0	0.0	0.0	0.0	0.0	0.0	0.0	0.0	0.0	0.0	0.0	0.0	0.0	0.0015	0.0	0.0	0.0	0.0	0.0	0.0	0.0	0.0	0.0	0.0	0.0	
Baird's Sandpiper	0.0010953	0.0013228	0.0	0.0	0.0	0.0	0.0	0.0015	0.0	0.0019569	0.0015	0.0	0.0	0.0	0.0	0.0	0.0	0.0	0.0	0.0	0.0	0.0	0.0	0.0	0.0	0.0	0.0	0.0	0.0	0.0	0.0	0.0	0.0	0.0	0.0	0.0	0.0	0.0019286	0.0019861	7.968E-4	0.0019286	0.0010661	0.0032538	0.0015	0.0011751	0.0012255	0.0	0.0	
White-rumped Sandpiper	0.0021906	0.0026455	0.0015528	0.0052247	0.004717	0.0	0.0	0.0015	0.0	0.0019569	0.0	0.0	0.0	0.0	0.0	0.0015	0.0	0.0	0.0	0.0	0.0	0.0	0.0	0.0	0.0	0.0	0.0	0.0	0.0	0.0	0.0	0.0	0.0016584	0.0	0.0043228	0.0031283	0.0012255	0.0057859	0.0079444	0.0063745	0.0048216	0.0095949	0.0184382	0.0145513	0.0152761	0.0085784	0.0063131	0.0019268	
Pectoral Sandpiper	0.0328587	0.0343915	0.0186335	0.0282132	0.0283019	0.003012	0.0086527	0.0049261	0.0069444	0.0019569	0.0	0.0013459	0.0	0.0	0.0	0.0	0.0	0.0012121	0.0	0.0	0.0	0.0	0.0	0.0	0.0	0.0	0.0	0.0	0.0	0.0016474	0.0036496	0.0045249	0.0082919	0.0040595	0.0014409	0.0020855	0.002451	0.0086789	0.0109235	0.012749	0.0202507	0.010661	0.021692	0.0113177	0.0235018	0.0208333	0.0176768	0.0260116	
peep sp.	0.0	0.0	0.0	0.0	0.0	0.0	0.0	0.0	0.0	0.0	0.0	0.0	0.0	0.0	0.0	0.0	0.0	0.0	0.0	0.0	0.0	0.0	0.0	0.0	0.0	0.0	0.0	0.0	0.0	0.0	0.0	0.0	0.0	0.0	0.0	0.0	0.0	0.0	0.0	0.0	0.0	0.0	0.0	0.0	0.0	0.0	0.0	9.634E-4	
Calidris sp.	0.0	0.0	0.0	0.0	0.0	0.0	0.0	0.0	0.0	0.0	0.0	0.0	0.0	0.0	0.0	0.0	0.0	0.0	0.0	0.0	0.0	0.0	0.0	0.0	0.0	0.0	0.0	0.0	0.0	0.0	0.0	0.0	0.0	0.0	0.0	0.0010428	0.0	0.0	9.93E-4	0.0	0.0	0.0	0.0	0.0	0.0	0.0	0.0	9.634E-4	
large shorebird sp.	0.0	0.0	0.0	0.0	0.0	0.0	0.0	0.0	0.0	0.0	0.0	0.0	0.0	0.0	0.0	0.0	0.0	0.0	0.0	0.0	0.0	0.0	0.0	0.0	0.0	0.0	0.0	0.0	0.0	0.0	0.0	0.0	0.0	0.0	0.0	0.0	0.0	0.0	0.0	0.0	9.643E-4	0.0	0.0	0.0	0.0	0.0	0.0	0.0	
shorebird sp.	0.0	0.0	0.0	0.0	0.0	0.0	0.0	0.0	0.0	0.0	0.0	0.0	0.0	0.0	0.0	0.0	0.0	0.0	0.0	0.0	0.0	0.0	0.0	0.0	0.0	0.0	0.0	0.0	0.0	0.0	0.0	0.0	0.0	0.0	0.0	0.0	0.0	0.0	0.0	0.0	0.0	0.0	0.0	8.084E-4	0.0	0.0	0.0	0.0	
Parasitic Jaeger	0.0	0.0	0.0	0.0	0.0	0.0	0.0	0.0	0.0	0.0	0.0	0.0	0.0	0.0	0.0	0.0	0.0	0.0	0.0	0.0	0.0	0.0	0.0	0.0	0.0	0.0	0.0	0.0	0.0	0.0	0.0	0.0	0.0	0.0	0.0	0.0	0.0	0.0	0.0	0.0	0.0	0.0	0.0	0.0	0.0015	0.0	0.0	0.0	
Chilean Skua	0.0	0.0	0.0	0.0	0.0	0.0	0.0	0.0	0.0	0.0	0.0	0.0	0.0	0.0	0.0	0.0	0.0015	0.0	0.0	0.0	0.0036969	0.0	0.002079	0.0	0.001845	0.0163636	0.0017794	0.0	0.0	0.0	0.0018248	0.0011312	0.0	0.0	0.0	0.0	0.0	0.0	0.0	0.0	0.0	0.0	0.0	0.0	0.0	0.0	0.0	0.0	
Brown Skua	0.0	0.0	0.0	0.0	0.0	0.0	0.0	0.0	0.0	0.0	0.0	0.0	0.0	0.0	0.0	0.0	0.0019646	0.0	0.0	0.0	0.0	0.0	0.0	0.0	0.0	0.0	0.0	0.0	0.0	0.0	0.0	0.0	0.0	0.0	0.0	0.0	0.0	0.0	0.0	0.0	0.0	0.0	0.0	0.0	0.0	0.0	0.0	0.0	
skua sp.	0.0	0.0	0.0	0.0	0.0	0.0	0.0	0.0	0.0	0.0	0.0	0.0	0.0	0.0	0.0	0.0015	0.0	0.0012121	0.0	0.0028531	0.0055453	0.0	0.006237	0.003231	0.001845	0.0090909	0.0071174	0.0024814	0.004886	0.0016474	0.0	0.0011312	0.0016584	0.0	0.0	0.0	0.0	0.0	0.0	0.0	0.0	0.0	0.0	0.0	0.0	0.0	0.0	0.0	
Brown-hooded Gull	0.0646221	0.0595238	0.0403727	0.045977	0.0377358	0.0301205	0.0407911	0.0344828	0.0329861	0.0136986	0.0330275	0.0323015	0.0562016	0.0585683	0.0497925	0.0571429	0.0746562	0.0969697	0.1687243	0.1426534	0.1866913	0.25	0.2577963	0.3360258	0.3339483	0.3163636	0.3024911	0.3511166	0.257329	0.2454695	0.290146	0.239819	0.2271973	0.1718539	0.1541787	0.1584984	0.1348039	0.1263259	0.101291	0.0924303	0.0973963	0.0660981	0.1258134	0.0808407	0.0728555	0.120098	0.0833333	0.044316	
Gray-hooded Gull	0.0087623	0.010582	0.0062112	0.0073145	0.0062893	0.0045181	0.0024722	0.0032841	0.0017361	0.0019569	0.0018349	0.0053836	0.0116279	0.0086768	0.0082988	0.010084	0.0176817	0.0254545	0.0411523	0.0299572	0.038817	0.0916667	0.0727651	0.0743134	0.1051661	0.0909091	0.069395	0.0558313	0.029316	0.0362438	0.0383212	0.0316742	0.0215589	0.0270636	0.0244957	0.0406674	0.0122549	0.021215	0.0089374	0.0103586	0.0173578	0.0138593	0.0184382	0.0169766	0.0094007	0.0098039	0.0050505	0.0077071	
Brown-hooded/Gray-hooded Gull	0.0	0.0	0.0	0.0	0.0	0.0	0.0012361	0.0	0.0	0.0	0.0018349	0.0	0.0	0.0	0.0	0.005042	0.0	0.0	0.0041152	0.0014265	0.0036969	0.0041667	0.008316	0.0080775	0.0166052	0.0090909	0.0035587	0.0037221	0.0032573	0.0016474	0.0036496	0.0015	0.0082919	0.0040595	0.0043228	0.0	0.0012255	0.0019286	0.0	0.0031873	9.643E-4	0.0	0.0021692	0.0	0.0	0.0	0.0	0.0	
Olrog's Gull	0.0010953	0.0013228	0.0	0.0	0.0	0.001506	0.0	0.0	0.0	0.0	0.0	0.0	0.0	0.0	0.0	0.0	0.0	0.0012121	0.0020576	0.0142653	0.0073937	0.0020833	0.012474	0.0177706	0.0055351	0.0163636	0.0106762	0.0074442	0.0032573	0.0016474	0.0	0.0011312	0.0016584	0.0	0.0	0.0	0.0	0.0	0.0	7.968E-4	0.0	0.0	0.0010846	0.0	0.0	0.0012255	0.0	9.634E-4	
Kelp Gull	0.0449069	0.047619	0.0326087	0.0585162	0.0581761	0.064759	0.0420272	0.0410509	0.0555556	0.0410959	0.066055	0.0497981	0.0775194	0.1062907	0.0975104	0.0890756	0.1257367	0.1357576	0.1646091	0.2125535	0.1756007	0.175	0.2245322	0.2423263	0.201107	0.2072727	0.1690391	0.1761787	0.1205212	0.0889621	0.1514599	0.0791855	0.079602	0.0568336	0.0302594	0.0375391	0.0367647	0.0308582	0.0188679	0.0183267	0.0260366	0.0202559	0.0173536	0.0242522	0.0199765	0.0232843	0.0265152	0.0337187	
Larus sp.	0.0	0.0	0.0	0.0	0.0	0.0	0.0	0.0	0.0	0.0	0.0	0.0	0.0	0.0	0.0	0.0	0.0	0.0	0.0	0.0	0.0018484	0.0	0.0	0.0	0.0	0.0	0.0	0.0	0.0	0.0	0.0	0.0	0.0	0.0	0.0	0.0	0.0	0.0	0.0	0.0	0.0	0.0	0.0	0.0	0.0	0.0	0.0	0.0	
gull sp.	0.0043812	0.0	0.0031056	0.0010449	0.0015723	0.003012	0.0037083	0.0	0.0017361	0.0039139	0.0036697	0.0053836	0.003876	0.0021692	0.0062241	0.0016807	0.0039293	0.0133333	0.0144033	0.0199715	0.0240296	0.0291667	0.027027	0.0161551	0.0202952	0.0254545	0.019573	0.0210918	0.0065147	0.0049423	0.0072993	0.0113122	0.0049751	0.0027064	0.0028818	0.0052138	0.0036765	0.0048216	0.0019861	0.0087649	0.0038573	0.0021322	0.0	0.0	0.0035253	0.002451	0.0012626	0.0028902	
Black Skimmer	0.0010953	0.0013228	0.0	0.0	0.0015	0.001506	0.0024722	0.0015	0.0	0.0019569	0.0	0.0	0.001938	0.0	0.0	0.0	0.0	0.0145455	0.0041152	0.0	0.0018484	0.0	0.0	0.0016155	0.0	0.0054545	0.0015	0.0012407	0.0016287	0.0	0.0	0.0	0.0016584	0.0013532	0.0	0.0010428	0.0012255	0.0019286	0.0079444	0.0071713	0.0038573	0.0031983	0.0010846	0.0016168	0.0023502	0.002451	0.0037879	9.634E-4	
Yellow-billed Tern	0.0	0.0	0.0	0.0	0.0	0.0	0.0	0.0	0.0034722	0.0	0.0	0.0	0.001938	0.0015	0.0015	0.0	0.0	0.0	0.0	0.0	0.0	0.0	0.0	0.0	0.0	0.0	0.0	0.0012407	0.0	0.0	0.0	0.0	0.0	0.0013532	0.0	0.0020855	0.0036765	0.0	0.0059583	0.0023904	9.643E-4	0.0010661	0.0	0.0	0.0	0.0	0.0	0.0	
Large-billed Tern	0.007667	0.0198413	0.0031056	0.0015	0.0	0.0	0.0	0.0	0.0	0.0019569	0.0036697	0.0	0.0116279	0.0043384	0.0020747	0.0016807	0.0039293	0.0	0.0020576	0.0028531	0.0018484	0.0	0.0	0.0	0.001845	0.0	0.0017794	0.0037221	0.0016287	0.0098847	0.0145985	0.0169683	0.0232172	0.0121786	0.0100865	0.0250261	0.0159314	0.021215	0.0019861	0.0015936	0.0019286	0.0010661	0.0021692	0.0032336	0.0011751	0.0012255	0.0050505	0.004817	
Gull-billed Tern	0.0	0.0	0.0015	0.0	0.0	0.0	0.0	0.0	0.0	0.0	0.0	0.0	0.0	0.0	0.0	0.0	0.0	0.0	0.0020576	0.0	0.0	0.0	0.002079	0.0	0.001845	0.0018182	0.0	0.0	0.0	0.0	0.0	0.0011312	0.0016584	0.0015	0.0	0.0	0.0012255	9.643E-4	0.0	0.0	0.0	0.0	0.0	0.0024252	0.0	0.0	0.0	0.0	
Black Tern	0.0	0.0	0.0	0.0	0.0	0.0	0.0	0.0	0.0	0.0	0.0	0.0	0.0	0.0	0.0	0.0	0.0	0.0	0.0	0.0	0.0	0.0	0.0	0.0	0.0	0.0	0.0	0.0	0.0	0.0	0.0	0.0	0.0	0.0	0.0	0.0	0.0	0.0	0.0	7.968E-4	0.0	0.0	0.0	0.0	0.0	0.0	0.0	0.0	
Snowy-crowned Tern	0.0142388	0.0039683	0.0031056	0.0041797	0.0	0.001506	0.0	0.001642	0.0034722	0.0	0.0	0.0	0.0	0.0021692	0.0020747	0.0015	0.0	0.0012121	0.0041152	0.0142653	0.0203327	0.0083333	0.031185	0.0339257	0.0110701	0.04	0.0498221	0.0682382	0.0521173	0.0494234	0.0967153	0.0565611	0.1111111	0.0798376	0.0605187	0.0792492	0.0588235	0.0443587	0.0307845	0.0374502	0.0568949	0.0202559	0.0119306	0.0088925	0.0035253	0.0098039	0.0075758	0.004817	
South American Tern	0.0010953	0.0	0.0	0.0	0.0	0.0	0.0	0.0	0.0	0.0	0.0	0.0	0.0	0.0	0.0	0.0	0.0019646	0.0	0.0	0.0	0.0018484	0.0	0.0	0.0	0.0015	0.0036364	0.0017794	0.0037221	0.0032573	0.0015	0.0036496	0.0	0.0016584	0.0	0.0014409	0.0052138	0.004902	0.0019286	0.0	7.968E-4	0.0038573	0.0010661	0.0	0.0	0.0	0.0	0.0015	0.0038536	
Common Tern	0.0	0.0	0.0	0.0	0.0	0.0	0.0	0.0	0.0	0.0	0.0	0.0	0.0	0.0	0.0	0.0	0.0	0.0	0.0	0.0	0.0	0.0	0.0	0.0	0.0	0.0	0.0	0.0012407	0.0	0.0	0.0	0.0	0.0	0.0	0.0	0.0	0.0	0.0	0.0	0.0	0.0	0.0	0.0	0.0	0.0	0.0	0.0	0.0	
Sterna sp.	0.0	0.0	0.0	0.0	0.0015723	0.0	0.0	0.0	0.0017361	0.0	0.0	0.0015	0.0	0.0021692	0.0	0.0	0.0	0.0	0.0	0.0014265	0.0018484	0.0020833	0.004158	0.0080775	0.0110701	0.0090909	0.0106762	0.0086849	0.004886	0.0032949	0.0127737	0.0011312	0.0099502	0.0027064	0.0028818	0.0052138	0.0	0.002893	9.93E-4	0.0023904	0.0038573	0.0010661	0.0043384	0.0	0.0	0.0	0.0	0.0	
Sandwich Tern	0.0	0.0	0.0	0.0	0.0	0.0	0.0	0.0	0.0	0.0	0.0	0.0	0.0	0.0	0.0	0.0	0.0	0.0	0.0	0.0	0.0018484	0.0	0.0	0.0	0.0	0.0	0.0017794	0.0	0.0	0.0	0.0	0.0	0.0	0.0	0.0	0.0	0.0	0.0	0.0	0.0	0.0	0.0	0.0	0.0	0.0	0.0	0.0	0.0015	
Royal Tern	0.0	0.0	0.0	0.0	0.0	0.0	0.0	0.0	0.0	0.0	0.0	0.0	0.0	0.0	0.0	0.0015	0.0	0.0024242	0.0	0.0014265	0.0055453	0.0020833	0.008316	0.0129241	0.0129151	0.0127273	0.0106762	0.0136476	0.019544	0.0016474	0.0072993	0.0022624	0.0082919	0.0027064	0.0	0.0010428	0.0036765	0.0	0.0	0.0	9.643E-4	0.0	0.0010846	0.0	0.0	0.0	0.0	0.0	
Thalasseus sp.	0.0	0.0	0.0	0.0	0.0	0.0	0.0	0.0	0.0	0.0	0.0	0.0	0.0	0.0	0.0020747	0.0	0.0	0.0	0.0	0.0	0.0	0.0	0.0	0.0	0.0	0.0	0.0	0.0	0.0	0.0	0.0	0.0	0.0016584	0.0013532	0.0	0.0010428	0.0	0.0	0.0	0.0	0.0	0.0	0.0	0.0	0.0	0.0	0.0	0.0	
tern sp.	0.0	0.0	0.0	0.0	0.0	0.0	0.0	0.0	0.0	0.0019569	0.0	0.0	0.0	0.0	0.0	0.0	0.0	0.0012121	0.0	0.0	0.0	0.0	0.0	0.0	0.0	0.0018182	0.0017794	0.0012407	0.0	0.0	0.0	0.0011312	0.0	0.0	0.0	0.0010428	0.0	0.0	9.93E-4	0.0	0.0	0.0	0.0	0.0	0.0	0.0	0.0	0.0	
Chilean Flamingo	0.0	0.0	0.0	0.0010449	0.0	0.0	0.0	0.0	0.0	0.0	0.0	0.0	0.001938	0.0	0.0	0.0	0.0015	0.0048485	0.0061728	0.0028531	0.0018484	0.0	0.016632	0.0016155	0.0092251	0.0036364	0.0017794	0.0024814	0.0	0.0016474	0.0018248	0.0022624	0.0	0.0	0.0	0.0	0.0015	9.643E-4	0.0015	0.0	0.0019286	0.0010661	0.0	0.0	0.0	0.0	0.0	0.0019268	
White-tufted Grebe	0.1982475	0.1904762	0.1909938	0.2246604	0.2138365	0.1762048	0.1915946	0.2183908	0.1701389	0.18591	0.1963303	0.1803499	0.1841085	0.186551	0.1846473	0.2033613	0.2239686	0.2266667	0.2366255	0.2596291	0.2661738	0.2666667	0.2910603	0.2940226	0.3118081	0.3218182	0.3380783	0.3200993	0.2915309	0.2685338	0.3266423	0.2884615	0.2835821	0.2543978	0.259366	0.2565172	0.2671569	0.2767599	0.2552135	0.2486056	0.270974	0.238806	0.2245119	0.2166532	0.1703878	0.1887255	0.1666667	0.1300578	
Least Grebe	0.0	0.0	0.0	0.0	0.0	0.0	0.0	0.001642	0.0017361	0.0019569	0.0055046	0.0026918	0.001938	0.0	0.0062241	0.0	0.0	0.0	0.0	0.0028531	0.0	0.0	0.0	0.0	0.0	0.0	0.0	0.0	0.0	0.0	0.0	0.0	0.0	0.0	0.0	0.0	0.0	0.0	0.0	0.0	9.643E-4	0.0031983	0.0021692	8.084E-4	0.0015	0.002451	0.0	0.0	
Pied-billed Grebe	0.1807229	0.202381	0.2096273	0.1755486	0.1415094	0.1626506	0.1520396	0.1904762	0.1545139	0.1604697	0.1155963	0.1265141	0.1162791	0.1171367	0.1058091	0.1193277	0.1218075	0.1551515	0.1502058	0.149786	0.1737523	0.1958333	0.1975052	0.1922456	0.2361624	0.22	0.1903915	0.2220844	0.1905537	0.1499176	0.2354015	0.2024887	0.225539	0.1853857	0.1959654	0.1887383	0.2058824	0.1851495	0.2144985	0.2023904	0.2391514	0.1652452	0.1616052	0.1721908	0.1527615	0.1642157	0.1388889	0.132948	
Great Grebe	0.0690033	0.0582011	0.0279503	0.031348	0.0204403	0.0210843	0.025958	0.0279146	0.0225694	0.0234834	0.0311927	0.0417227	0.0426357	0.0629067	0.0456432	0.0386555	0.0530452	0.0957576	0.1152263	0.1597718	0.1645102	0.21875	0.2474012	0.276252	0.3284133	0.3254545	0.2562278	0.292804	0.2785016	0.2421746	0.3138686	0.311086	0.2935323	0.2503383	0.2204611	0.2252346	0.2132353	0.1861138	0.1767627	0.1290837	0.1610415	0.1183369	0.1030369	0.105093	0.0693302	0.129902	0.0744949	0.0712909	
Silvery Grebe	0.0	0.0	0.0	0.0	0.0	0.0	0.0012361	0.0	0.0	0.0	0.0	0.0	0.0	0.0	0.0	0.0	0.0	0.0	0.0	0.0	0.0018484	0.0020833	0.002079	0.0016155	0.0129151	0.0036364	0.0015	0.0024814	0.0	0.0	0.0	0.0	0.0016584	0.0	0.0028818	0.0020855	0.002451	0.0	0.0	0.0015	0.0	0.0	0.0	0.0	0.0011751	0.0	0.0	9.634E-4	
grebe sp.	0.0	0.0	0.0	0.0	0.0	0.0	0.0	0.0	0.0	0.0	0.0	0.0	0.0	0.0	0.0	0.0	0.0	0.0	0.0	0.0	0.0	0.0	0.0	0.0	0.0	0.0	0.0	0.0	0.0	0.0032949	0.0	0.0	0.0	0.0	0.0	0.0	0.0	0.0	0.0	0.0	0.0	0.0	0.0	0.0	0.0011751	0.0	0.0	0.0	
Magellanic Penguin	0.0	0.0	0.0	0.0	0.0	0.0	0.0	0.0	0.0015	0.0	0.0	0.0	0.0	0.0	0.0	0.0	0.0	0.0	0.0	0.0	0.0	0.0	0.0	0.0	0.0	0.0	0.0	0.0	0.0	0.0	0.0	0.0	0.0	0.0	0.0	0.0	0.0	0.0	0.0	0.0	0.0	0.0	0.0	0.0	0.0	0.0	0.0	0.0	
Southern Giant-Petrel	0.0	0.0	0.0	0.0	0.0	0.0	0.0	0.0	0.0	0.0	0.0	0.0	0.0	0.0	0.0	0.0	0.0	0.0	0.0	0.0	0.0	0.0	0.0	0.0015	0.0015	0.0	0.0	0.0	0.0	0.0	0.0	0.0	0.0	0.0	0.0	0.0	0.0	0.0	0.0	0.0	0.0	0.0	0.0	0.0	0.0	0.0	0.0	0.0	
Southern/Northern Giant-Petrel	0.0	0.0	0.0	0.0	0.0	0.0	0.0	0.0	0.0	0.0	0.0	0.0	0.0	0.0	0.0	0.0	0.0	0.0	0.0	0.0	0.0	0.0	0.0	0.0	0.0	0.0	0.0	0.0	0.0	0.0	0.0018248	0.0	0.0	0.0	0.0	0.0	0.0	0.0	0.0	0.0	0.0	0.0	0.0	0.0	0.0	0.0	0.0	0.0	
White-chinned Petrel	0.0	0.0	0.0	0.0	0.0	0.0	0.0	0.0	0.0	0.0	0.0	0.0	0.0	0.0	0.0	0.0	0.0	0.0	0.0	0.0	0.0	0.0	0.0	0.0	0.0	0.0	0.0015	0.0	0.0	0.0	0.0	0.0	0.0	0.0	0.0	0.0	0.0	0.0	0.0	0.0	0.0	0.0	0.0	0.0	0.0	0.0	0.0	0.0	
Maguari Stork	0.0580504	0.0582011	0.0621118	0.0950888	0.0896226	0.0527108	0.0482077	0.0591133	0.0434028	0.037182	0.0348624	0.0605653	0.0949612	0.0585683	0.0497925	0.0369748	0.0884086	0.0509091	0.0164609	0.0442225	0.0406654	0.1208333	0.1538462	0.1357027	0.097786	0.06	0.0569395	0.1054591	0.1237785	0.0757825	0.1149635	0.0904977	0.1144279	0.1096076	0.0951009	0.1115746	0.1066176	0.0925747	0.0804369	0.0964143	0.1243973	0.0820896	0.1019523	0.0937753	0.0646298	0.0588235	0.0378788	0.0539499	
Wood Stork	0.0120482	0.0066138	0.007764	0.0083595	0.0062893	0.0090361	0.0111248	0.0082102	0.0086806	0.0273973	0.0220183	0.0174966	0.0077519	0.0	0.0124481	0.010084	0.0039293	0.0157576	0.0020576	0.0057061	0.0018484	0.00625	0.0	0.0048465	0.0073801	0.0145455	0.0017794	0.0024814	0.0016287	0.0	0.0	0.0	0.0049751	0.0013532	0.0	0.0010428	0.002451	0.0	0.0019861	0.0031873	0.0163934	0.0309168	0.0303688	0.0105093	0.0117509	0.0232843	0.0113636	0.0077071	
Magnificent Frigatebird	0.0	0.0013228	0.0015	0.0015	0.0	0.001506	0.0	0.0098522	0.0	0.0078278	0.0	0.0	0.0	0.0	0.0	0.0	0.0	0.0	0.0	0.0	0.0	0.0	0.0	0.0	0.0	0.0	0.0	0.0	0.0	0.0	0.0015	0.0	0.0	0.0054127	0.0	0.0	0.0	0.0	0.0	0.0023904	0.0	0.0015	0.0	8.084E-4	0.0	0.0015	0.0012626	0.0015	
Anhinga	0.0460022	0.0304233	0.0419255	0.0292581	0.0283019	0.0512048	0.0358467	0.0262726	0.0399306	0.0391389	0.0256881	0.0242261	0.0290698	0.0303688	0.0435685	0.0403361	0.0176817	0.0230303	0.0164609	0.0342368	0.0221811	0.0041667	0.010395	0.0016155	0.001845	0.0	0.0071174	0.0049628	0.0016287	0.0016474	0.0072993	0.0015	0.0049751	0.0094723	0.0043228	0.0114703	0.0085784	0.0154291	0.0307845	0.0374502	0.0347155	0.0309168	0.0206074	0.0250606	0.0258519	0.0318627	0.0315657	0.0279383	
Neotropic Cormorant	0.4687842	0.5026455	0.4611801	0.4420063	0.418239	0.3704819	0.3065513	0.3119869	0.3055556	0.3776908	0.306422	0.320323	0.3507752	0.3535792	0.3008299	0.2773109	0.3084479	0.2533333	0.2592593	0.2767475	0.2532348	0.2791667	0.3388773	0.3408724	0.3597786	0.3890909	0.3914591	0.4863524	0.4299674	0.4184514	0.4963504	0.4932127	0.4709784	0.4709066	0.4841499	0.5265902	0.5208333	0.533269	0.5362463	0.5091633	0.536162	0.489339	0.510846	0.4939369	0.4441833	0.504902	0.4785354	0.4585742	
cormorant sp.	0.0	0.0	0.0	0.0	0.0	0.0	0.0	0.0	0.0	0.0	0.0	0.0	0.0	0.0	0.0	0.0	0.0	0.0	0.0	0.0	0.0	0.0	0.0	0.0	0.0	0.0	0.0	0.0	0.0	0.0	0.0	0.0	0.0	0.0	0.0	0.0	0.0	0.0	0.0	0.0	0.0	0.0	0.0	0.0	0.0011751	0.0	0.0	0.0	
White-faced Ibis	0.0854326	0.0925926	0.1257764	0.1065831	0.1037736	0.061747	0.0593325	0.0706076	0.0729167	0.0450098	0.0568807	0.0915209	0.0426357	0.032538	0.0518672	0.0218487	0.0235756	0.0181818	0.037037	0.0342368	0.0184843	0.0541667	0.04158	0.0484653	0.0516605	0.0290909	0.0480427	0.0595533	0.034202	0.0329489	0.0310219	0.0328054	0.0497512	0.0663058	0.0518732	0.084463	0.0772059	0.0896818	0.0943396	0.0948207	0.0848602	0.0586354	0.0737527	0.0679062	0.0705053	0.0833333	0.0808081	0.0934489	
Bare-faced Ibis	0.0985761	0.0873016	0.0822981	0.0950888	0.081761	0.0858434	0.1038319	0.0935961	0.0954861	0.0841487	0.0550459	0.1009421	0.0542636	0.0585683	0.0560166	0.0672269	0.0471513	0.0448485	0.0493827	0.0499287	0.0240296	0.0708333	0.0873181	0.0500808	0.0369004	0.0509091	0.0818505	0.0434243	0.0309446	0.029654	0.0529197	0.0531674	0.1077944	0.1041949	0.1210375	0.1240876	0.1029412	0.1253616	0.1400199	0.1386454	0.1340405	0.1172708	0.1041215	0.087308	0.0881316	0.1213235	0.0959596	0.1069364	
Plumbeous Ibis	0.0010953	0.005291	0.0	0.0015	0.0	0.0	0.0	0.0015	0.0	0.0	0.0018349	0.0013459	0.0	0.0	0.0	0.0	0.0	0.0015	0.0	0.0	0.0	0.0	0.0	0.0015	0.0	0.0090909	0.0	0.0	0.0	0.0	0.0	0.0	0.0	0.0	0.0	0.0	0.0	0.0	0.0	0.0	0.0	0.0010661	0.0015	8.084E-4	0.0015	0.0012255	0.0025253	9.634E-4	
Theristicus sp.	0.0	0.0	0.0	0.0	0.0	0.0	0.0	0.0	0.0	0.0	0.0	0.0	0.0	0.0	0.0	0.0	0.0	0.0	0.0	0.0	0.0	0.0	0.0	0.0	0.0	0.0	0.0	0.0	0.0	0.0	0.0	0.0	0.0	0.0	0.0015	0.0	0.0	0.0	0.0	0.0	0.0	0.0	0.0	0.0	0.0	0.0	0.0	0.0	
ibis sp.	0.0	0.0	0.0	0.0	0.0	0.0	0.0	0.0	0.0	0.0	0.0	0.0	0.0	0.0	0.0	0.0	0.0019646	0.0	0.0	0.0	0.0	0.0	0.0	0.0	0.0	0.0	0.0	0.0012407	0.0	0.0	0.0	0.0	0.0	0.0013532	0.0	0.0	0.0	0.0	0.0	0.0	0.0	0.0	0.0	0.0	0.0	0.0	0.0	0.0	
Roseate Spoonbill	0.0361446	0.031746	0.0403727	0.0397074	0.0455975	0.0406627	0.0247219	0.0262726	0.0295139	0.0313112	0.0220183	0.0282638	0.0310078	0.0281996	0.026971	0.0084034	0.0039293	0.0060606	0.0041152	0.0	0.0	0.0020833	0.004158	0.003231	0.0	0.0036364	0.0	0.0012407	0.004886	0.0	0.0	0.0022624	0.0033167	0.0081191	0.0115274	0.0281543	0.0171569	0.0183221	0.0278054	0.0270916	0.0414658	0.0149254	0.0422993	0.0210186	0.0094007	0.0147059	0.020202	0.0096339	
Rufescent Tiger-Heron	0.2387733	0.2367725	0.2251553	0.2727273	0.25	0.2183735	0.2076638	0.2807882	0.2534722	0.2739726	0.2513761	0.2637954	0.2674419	0.2451193	0.2157676	0.2285714	0.2259332	0.2581818	0.2654321	0.2582026	0.271719	0.2625	0.3305613	0.3150242	0.3671587	0.2854545	0.2437722	0.366005	0.2931596	0.2635914	0.350365	0.3393665	0.3300166	0.3031123	0.2853026	0.2919708	0.2990196	0.3134041	0.3038729	0.2645418	0.3018322	0.2697228	0.2765727	0.2497979	0.2338425	0.2352941	0.2449495	0.2042389	
Pinnated Bittern	0.0	0.0	0.0	0.0	0.0	0.0	0.0	0.0	0.0	0.0	0.0015	0.0	0.0	0.0	0.0	0.0	0.0	0.0	0.0	0.0	0.0	0.0	0.0	0.0	0.0	0.0	0.0	0.0	0.0	0.0	0.0	0.0	0.0	0.0	0.0	0.0	0.0	0.0	0.0	0.0	0.0	0.0	0.0	0.0	0.0	0.0	0.0	0.0	
Stripe-backed Bittern	0.0065717	0.0039683	0.0093168	0.0083595	0.0015	0.0105422	0.0271941	0.0164204	0.0034722	0.0039139	0.0015	0.0	0.003876	0.0043384	0.0015	0.0015	0.0	0.0	0.0	0.0	0.0018484	0.0	0.0	0.0	0.001845	0.0	0.0	0.0	0.0	0.0065898	0.0018248	0.0067873	0.0066335	0.0081191	0.0144092	0.0020855	0.004902	0.0067502	0.0019861	0.0039841	0.0048216	0.0085288	0.016269	0.0016168	0.0023502	0.002451	0.0012626	0.0077071	
Black-crowned Night Heron	0.1829135	0.1970899	0.2127329	0.2048067	0.1965409	0.1445783	0.1100124	0.1133005	0.0694444	0.0821918	0.0495413	0.051144	0.0523256	0.0520607	0.0788382	0.0773109	0.0530452	0.0521212	0.0349794	0.0570613	0.0425139	0.0520833	0.0602911	0.0290792	0.0405904	0.1054545	0.088968	0.0756824	0.0651466	0.0790774	0.0912409	0.1153846	0.0679934	0.082544	0.1383285	0.1595412	0.1740196	0.2237223	0.2264151	0.1968127	0.2343298	0.1865672	0.1984816	0.2206952	0.1962397	0.2156863	0.1906566	0.1676301	
Whistling Heron	0.1084337	0.0952381	0.113354	0.1337513	0.1242138	0.0783133	0.0580964	0.0722496	0.0520833	0.0430528	0.0458716	0.0484522	0.0290698	0.0629067	0.0435685	0.0151261	0.0333988	0.0254545	0.0452675	0.0256776	0.0240296	0.0479167	0.022869	0.0597738	0.0627306	0.0327273	0.0498221	0.057072	0.0618893	0.0527183	0.0748175	0.0791855	0.079602	0.0541272	0.0907781	0.0875912	0.0772059	0.1195757	0.0873883	0.0972112	0.1022179	0.0884861	0.0878525	0.0905416	0.0787309	0.0747549	0.0707071	0.0510597	
Snowy Egret	0.3877327	0.4166667	0.3773292	0.3814002	0.3694969	0.314759	0.2620519	0.3267652	0.2725694	0.3013699	0.2623853	0.2530283	0.251938	0.2646421	0.2676349	0.2369748	0.1866405	0.1721212	0.1893004	0.1540656	0.1645102	0.1958333	0.2245322	0.2051696	0.1826568	0.1818182	0.1903915	0.2506203	0.1628664	0.1746293	0.2463504	0.2454751	0.2089552	0.2801083	0.2536023	0.2877998	0.2965686	0.3182257	0.3227408	0.3003984	0.3413693	0.2953092	0.3481562	0.3435732	0.3243243	0.3639706	0.3333333	0.3699422	
Striated Heron	0.0898138	0.0621693	0.0776398	0.0783699	0.0833333	0.0963855	0.0766378	0.0821018	0.0555556	0.0332681	0.0330275	0.0363392	0.0135659	0.010846	0.0103734	0.0033613	0.0019646	0.0145455	0.0061728	0.0057061	0.0	0.0041667	0.006237	0.0	0.0015	0.0	0.0017794	0.0	0.004886	0.0	0.0036496	0.0022624	0.0015	0.0013532	0.0086455	0.0156413	0.0183824	0.0231437	0.0575968	0.0629482	0.0973963	0.0703625	0.0791757	0.0743735	0.0740306	0.0955882	0.0770202	0.0568401	
Western Cattle-Egret	0.0460022	0.0251323	0.0590062	0.0376176	0.0345912	0.0286145	0.0197775	0.0311987	0.03125	0.0195695	0.0238532	0.0174966	0.0155039	0.0065076	0.0186722	0.005042	0.0	0.0072727	0.0041152	0.0014265	0.0092421	0.0041667	0.004158	0.0129241	0.0147601	0.0	0.0	0.0037221	0.0032573	0.0032949	0.0054745	0.0056561	0.0082919	0.0054127	0.0115274	0.012513	0.0183824	0.0221794	0.0357498	0.0454183	0.0250723	0.0277186	0.037961	0.0291027	0.0282021	0.0147059	0.0378788	0.022158	
Great Egret	0.4644031	0.4656085	0.4270186	0.4336468	0.418239	0.375	0.3065513	0.3743842	0.3819444	0.3913894	0.346789	0.3687752	0.3507752	0.3058568	0.2904564	0.287395	0.302554	0.2824242	0.2757202	0.2981455	0.2865065	0.2895833	0.3513514	0.4054927	0.4077491	0.3472727	0.3202847	0.3846154	0.3403909	0.324547	0.3832117	0.4038462	0.4096186	0.391069	0.4236311	0.4608968	0.4571078	0.4754098	0.4836147	0.450996	0.4975892	0.4690832	0.4750542	0.4607922	0.4065805	0.4546569	0.4368687	0.4055877	
Cocoi Heron	0.2617744	0.2830688	0.2453416	0.2591432	0.2798742	0.2168675	0.2027194	0.2249589	0.2170139	0.295499	0.2422018	0.243607	0.2248062	0.2711497	0.2572614	0.2403361	0.2711198	0.2206061	0.2592593	0.2496434	0.297597	0.2770833	0.3056133	0.3392569	0.3173432	0.2981818	0.2811388	0.3349876	0.276873	0.2405272	0.290146	0.3076923	0.2835821	0.2354533	0.2795389	0.3034411	0.3088235	0.3076181	0.2989076	0.301992	0.3452266	0.2878465	0.3210412	0.2950687	0.2749706	0.3039216	0.2916667	0.2543353	
heron sp.	0.0	0.0	0.0	0.0	0.0	0.0	0.0	0.001642	0.0	0.0	0.0	0.0	0.0	0.0	0.0	0.0	0.0	0.0	0.0	0.0	0.0	0.0	0.0	0.0	0.0	0.0	0.0	0.0	0.0	0.0	0.0	0.0	0.0	0.0	0.0	0.0	0.0	0.0	0.0	0.0	0.0	0.0	0.0	8.084E-4	0.0	0.0	0.0	0.0	
Black Vulture	0.0010953	0.0	0.0	0.0	0.0	0.0	0.0	0.001642	0.0052083	0.0019569	0.0	0.0015	0.0	0.0	0.0	0.0	0.0	0.0	0.0	0.0	0.0	0.0	0.0	0.0016155	0.0	0.0	0.0	0.0	0.0	0.0032949	0.0	0.0	0.0049751	0.0015	0.0	0.0	0.0	0.0015	0.0	0.0015936	0.0	0.0010661	0.0015	0.0	0.0	0.0	0.0	0.0	
Turkey Vulture	0.0010953	0.0013228	0.0031056	0.0020899	0.0015723	0.0015	0.0	0.0015	0.0017361	0.0019569	0.0	0.0026918	0.001938	0.0	0.0	0.0	0.0	0.0	0.0020576	0.0	0.0018484	0.0	0.002079	0.0	0.0	0.0	0.0	0.0	0.0	0.0	0.0	0.0	0.0	0.0	0.0	0.0031283	0.0036765	0.0038573	0.0	0.0015936	0.0086789	0.0095949	0.010846	0.0097009	0.0023502	0.002451	0.0025253	9.634E-4	
Lesser Yellow-headed Vulture	0.0010953	0.0	0.0015528	0.0	0.0	0.0	0.0	0.0	0.0	0.0	0.0	0.0	0.0	0.0	0.0	0.0	0.0	0.0	0.0	0.0	0.0	0.0	0.0	0.0	0.0	0.0	0.0	0.0	0.0	0.0	0.0	0.0	0.0	0.0	0.0	0.0031283	0.0	0.0	0.0	0.0	9.643E-4	0.0	0.0010846	0.0	0.0	0.0	0.0012626	0.0019268	
Cathartes sp.	0.0	0.0	0.0	0.0	0.0	0.0	0.0	0.0	0.0	0.0	0.0	0.0	0.0	0.0	0.0	0.0	0.0	0.0	0.0020576	0.0	0.0	0.0	0.0	0.0	0.0	0.0	0.0	0.0	0.0	0.0	0.0	0.0	0.0	0.0	0.0	0.0010428	0.0	0.0	0.0	0.0	0.0	0.0015	0.0015	0.0	0.0	0.0	0.0	0.0	
Osprey	0.0010953	0.0	0.0	0.0010449	0.0015	0.0	0.0	0.001642	0.0	0.0	0.0	0.0026918	0.0	0.0	0.0	0.0	0.0	0.0	0.0	0.0	0.0	0.0	0.0	0.0	0.0	0.0	0.0	0.0	0.0	0.0	0.0	0.0	0.0	0.0	0.0	0.0	0.0	9.643E-4	0.0	7.968E-4	0.0	0.0	0.0021692	0.0	0.0	0.0015	0.0	9.634E-4	
White-tailed Kite	0.0043812	0.0026455	0.0015528	0.0015	0.004717	0.0	0.0012361	0.001642	0.0	0.0039139	0.0015	0.0013459	0.0	0.0021692	0.0015	0.0	0.0	0.0012121	0.0	0.0	0.0055453	0.0	0.006237	0.0016155	0.001845	0.0015	0.0035587	0.0037221	0.0016287	0.0049423	0.0036496	0.0033937	0.0033167	0.0027064	0.0057637	0.008342	0.0073529	0.0038573	0.0069513	0.0047809	0.0077146	0.0010661	0.0086768	0.0048504	0.0105758	0.0110294	0.0025253	9.634E-4	
Swallow-tailed Kite	0.0010953	0.0	0.0	0.0	0.0	0.0	0.0	0.0	0.0	0.0	0.0	0.0	0.0	0.0	0.0	0.0	0.0	0.0	0.0	0.0	0.0	0.0	0.0	0.0	0.0	0.0	0.0	0.0	0.0	0.0	0.0	0.0	0.0	0.0	0.0	0.0	0.0	0.0	0.0	0.0	0.0	0.0021322	0.0043384	0.0	0.0	0.0	0.0	0.0	
Sharp-shinned Hawk	0.0021906	0.0013228	0.0031056	0.0020899	0.0	0.001506	0.0	0.0	0.0015	0.0019569	0.0073394	0.0026918	0.003876	0.0	0.0	0.0016807	0.0	0.0	0.0020576	0.0015	0.0036969	0.0020833	0.0	0.0015	0.00369	0.0054545	0.0	0.0012407	0.0016287	0.0016474	0.0	0.0	0.0	0.0040595	0.0014409	0.0062565	0.0098039	0.0048216	0.0049652	0.0015936	0.0096432	0.0	0.0032538	0.0015	0.0	0.0012255	0.0012626	0.0019268	
Bicolored Hawk	0.0	0.0	0.0	0.0	0.0	0.0	0.0	0.0	0.0015	0.0	0.0	0.0	0.0	0.0	0.0	0.0	0.0	0.0	0.0	0.0	0.0	0.0	0.0	0.0	0.0	0.0	0.0	0.0	0.0	0.0	0.0	0.0	0.0	0.0013532	0.0	0.0	0.0	0.0	0.0	0.0	0.0	0.0	0.0	0.0	0.0	0.0	0.0	0.0	
Accipitrine hawk sp. (former Accipiter sp.)	0.0	0.0	0.0	0.0	0.0	0.0	0.0	0.0	0.0	0.0	0.0	0.0	0.0	0.0	0.0	0.0	0.0	0.0	0.0	0.0	0.0	0.0	0.0	0.0	0.0	0.0	0.0	0.0	0.0	0.0	0.0	0.0	0.0	0.0	0.0	0.0	0.0	0.0	0.0	0.0	0.0	0.0	0.0	8.084E-4	0.0	0.0	0.0	0.0	
Long-winged Harrier	0.0153341	0.005291	0.0124224	0.0104493	0.0157233	0.0165663	0.0123609	0.0147783	0.0190972	0.0136986	0.0165138	0.0174966	0.0116279	0.0043384	0.0020747	0.0084034	0.0176817	0.0048485	0.0020576	0.0099857	0.0073937	0.0125	0.014553	0.0193861	0.0129151	0.0145455	0.0284698	0.0148883	0.0162866	0.0197694	0.0364964	0.0237557	0.0215589	0.014885	0.0273775	0.0333681	0.0208333	0.0260366	0.019861	0.0103586	0.0163934	0.0181237	0.0151844	0.0121261	0.0070505	0.004902	0.010101	0.0077071	
Cinereous Harrier	0.0	0.0	0.0	0.0	0.0	0.0	0.0	0.0	0.0015	0.0	0.0	0.0	0.0	0.0	0.0	0.0016807	0.0	0.0	0.0	0.0	0.0	0.0020833	0.002079	0.0	0.0	0.0	0.0	0.0	0.0	0.0015	0.0	0.0	0.0015	0.0	0.0	0.0	0.0	0.0	9.93E-4	0.0	0.0	0.0	0.0	0.0	0.0	0.0	0.0	0.0	
harrier sp.	0.0	0.0	0.0	0.0	0.0	0.0	0.0	0.001642	0.0	0.0	0.0	0.0	0.0	0.0	0.0	0.0	0.0	0.0	0.0	0.0	0.0	0.0	0.0	0.0	0.0	0.0	0.0	0.0	0.0	0.0	0.0	0.0	0.0	0.0	0.0	0.0	0.0	0.0	0.0	0.0	0.0	0.0	0.0	0.0	0.0	0.0	0.0	0.0	
Plumbeous Kite	0.0	0.0	0.0	0.0	0.0	0.0	0.0	0.0	0.0	0.0	0.0	0.0	0.0	0.0	0.0020747	0.0	0.0	0.0	0.0	0.0	0.0	0.0	0.0	0.0	0.0	0.0	0.0	0.0	0.0	0.0	0.0	0.0	0.0	0.0	0.0	0.0010428	0.0	0.0	0.0	0.0	9.643E-4	0.0	0.0	0.0015	0.0	0.0	0.0	0.0	
Crane Hawk	0.0	0.0	0.0	0.0	0.0	0.0	0.0	0.0	0.0	0.0	0.0	0.0	0.0	0.0	0.0	0.0	0.0	0.0	0.0	0.0	0.0	0.0	0.0	0.0	0.0	0.0	0.0	0.0	0.0	0.0	0.0	0.0	0.0	0.0	0.0015	0.0	0.0	0.0	0.0	0.0	0.0	0.0	0.0	0.0	0.0	0.0	0.0	0.0	
Black-collared Hawk	0.0	0.0	0.0	0.0015	0.0	0.0	0.0	0.0	0.0	0.0	0.0	0.0	0.0	0.0	0.0	0.0	0.0	0.0	0.0	0.0	0.0	0.0	0.0	0.0	0.0	0.0	0.0	0.0012407	0.0	0.0	0.0	0.0	0.0	0.0	0.0	0.0	0.0	0.0	0.0	0.0	0.0	0.0	0.0	0.0	0.0058754	0.0	0.0	0.0	
Snail Kite	0.0996714	0.1388889	0.121118	0.1118077	0.1022013	0.0512048	0.0432633	0.0295567	0.0381944	0.035225	0.0330275	0.0201884	0.0251938	0.0195228	0.0145228	0.0168067	0.0235756	0.0181818	0.0329218	0.0171184	0.0055453	0.0229167	0.012474	0.0290792	0.0350554	0.0072727	0.019573	0.0148883	0.0179153	0.0280066	0.0164234	0.0294118	0.0646766	0.0500677	0.0590778	0.0896767	0.0833333	0.1002893	0.1062562	0.1123506	0.1108968	0.0852878	0.1095445	0.0970089	0.06698	0.1004902	0.0833333	0.0732177	
Savanna Hawk	0.0	0.0	0.0	0.0	0.0	0.0	0.0	0.0	0.0015	0.0	0.0	0.0013459	0.0	0.0021692	0.0	0.0016807	0.0	0.0	0.0	0.0	0.0	0.0	0.0	0.0	0.0	0.0	0.0	0.0	0.0	0.0016474	0.0	0.0015	0.0	0.0013532	0.0	0.0	0.0	0.0	9.93E-4	0.0	0.0	0.0	0.0010846	0.0	0.0011751	0.0015	0.0	0.0	
Great Black Hawk	0.0	0.0	0.0	0.0	0.0	0.0	0.0	0.0	0.0	0.0	0.0	0.0	0.0	0.0	0.0	0.0	0.0	0.0	0.0	0.0	0.0	0.0	0.0	0.0	0.0	0.0	0.0017794	0.0	0.0	0.0	0.0	0.0	0.0	0.0	0.0	0.0	0.0	0.0	0.0	0.0	0.0	0.0	0.0	0.0	0.0	0.0	0.0	0.0	
Roadside Hawk	0.1653888	0.2050265	0.1614907	0.1703239	0.1650943	0.1189759	0.1409147	0.1592775	0.1527778	0.1819961	0.2146789	0.2059219	0.2248062	0.2125813	0.1846473	0.1647059	0.1689587	0.1575758	0.1934156	0.2025678	0.2051756	0.2354167	0.2619543	0.276252	0.2859779	0.2654545	0.2064057	0.3002481	0.2149837	0.247117	0.2445255	0.2963801	0.2736318	0.2449256	0.2017291	0.2440042	0.2757353	0.2150434	0.1996028	0.1896414	0.1967213	0.1812367	0.1800434	0.174616	0.13396	0.189951	0.2007576	0.1560694	
Harris's Hawk	0.422782	0.4748677	0.4875776	0.4973877	0.5188679	0.503012	0.4956737	0.5139573	0.5225694	0.5322896	0.5743119	0.5033647	0.5406977	0.5466377	0.5788382	0.5630252	0.5383104	0.5260606	0.5493827	0.5263909	0.5600739	0.5583333	0.6174636	0.5783522	0.5738007	0.5781818	0.544484	0.5880893	0.5586319	0.5469522	0.5437956	0.5882353	0.5190713	0.5439783	0.5014409	0.5151199	0.4938725	0.4860174	0.4200596	0.4159363	0.4503375	0.4200426	0.4056399	0.4009701	0.3830787	0.4105392	0.4090909	0.3737958	
White-tailed Hawk	0.0043812	0.0026455	0.0093168	0.0	0.0031447	0.003012	0.0037083	0.0049261	0.0034722	0.0019569	0.0073394	0.0026918	0.0096899	0.0086768	0.0103734	0.005042	0.0117878	0.0145455	0.0061728	0.0014265	0.0	0.0	0.002079	0.0048465	0.00369	0.0018182	0.0	0.0024814	0.0	0.0032949	0.0	0.0	0.0016584	0.0027064	0.0	0.0	0.0	0.0	0.0	0.0	0.0	0.0	0.0	8.084E-4	0.0035253	0.004902	0.0088384	0.0019268	
Variable Hawk	0.0010953	0.0	0.0	0.0015	0.0	0.0	0.0	0.0	0.0015	0.0	0.0	0.0	0.0	0.0	0.0	0.0	0.0	0.0	0.0	0.0	0.0	0.0	0.0	0.0	0.0	0.0	0.0	0.0	0.0	0.0	0.0	0.0	0.0	0.0	0.0	0.0	0.0	0.0	0.0	0.0	0.0	0.0	0.0	0.0	0.0015	0.0	0.0	0.0	
Black-chested Buzzard-Eagle	0.0	0.0015	0.0015	0.0	0.0	0.0	0.0	0.001642	0.0	0.0	0.0	0.0	0.0	0.0	0.0	0.0033613	0.0	0.0012121	0.0	0.0	0.0	0.0020833	0.0	0.003231	0.0	0.0	0.0	0.0	0.0	0.0015	0.0	0.0015	0.0	0.0	0.0028818	0.0	0.0	0.0	9.93E-4	0.0	0.0	0.0	0.0	0.0	0.0	0.0	0.0	0.0	
Swainson's Hawk	0.007667	0.0039683	0.0031056	0.0094044	0.0204403	0.003012	0.0123609	0.0	0.0086806	0.0039139	0.0	0.0	0.0	0.0043384	0.0	0.0	0.0	0.0	0.0	0.0	0.0	0.0	0.0	0.0	0.0	0.0	0.0	0.0	0.0	0.0	0.0	0.0	0.0	0.0	0.0	0.0	0.0015	0.0	0.0	7.968E-4	0.002893	0.0074627	0.0314534	0.0080841	0.0246769	0.0171569	0.0151515	0.0038536	
American Barn Owl	0.0	0.0	0.0046584	0.0020899	0.0	0.0	0.0015	0.0	0.0	0.0039139	0.0015	0.0015	0.0015	0.0	0.0	0.0015	0.0015	0.0012121	0.0	0.0	0.0015	0.0	0.0	0.0016155	0.0	0.0018182	0.0017794	0.0015	0.0016287	0.0115321	0.0018248	0.0011312	0.0033167	0.0	0.0014409	0.0198123	0.0	9.643E-4	0.0	7.968E-4	0.0015	0.0015	0.0015	0.0	0.0015	0.0012255	0.0	0.0	
Tropical Screech-Owl	0.0032859	0.010582	0.0031056	0.0062696	0.0	0.001506	0.0	0.001642	0.0	0.0039139	0.0	0.0040377	0.0	0.0	0.0	0.0	0.0	0.0	0.0	0.0	0.0	0.0	0.002079	0.0016155	0.001845	0.0	0.0015	0.0	0.0015	0.0197694	0.0127737	0.030543	0.0049751	0.0015	0.0	0.0093848	0.002451	0.0	9.93E-4	0.0015	0.002893	0.0042644	0.0010846	0.0015	0.0082256	0.0085784	0.0164141	0.0327553	
Great Horned Owl	0.0021906	0.005291	0.0108696	0.0073145	0.0015723	0.0060241	0.0037083	0.001642	0.0017361	0.0156556	0.0055046	0.0013459	0.003876	0.0	0.0	0.005042	0.0039293	0.0084848	0.0041152	0.0028531	0.0240296	0.01875	0.008316	0.0048465	0.00369	0.0381818	0.0480427	0.0322581	0.0309446	0.0214168	0.0291971	0.0248869	0.0033167	0.0054127	0.0115274	0.004171	0.004902	0.0067502	0.0109235	0.0143426	0.002893	0.0095949	0.0065076	0.0137429	0.0058754	0.002451	0.0075758	0.0067437	
Ferruginous Pygmy-Owl	0.0230011	0.0291005	0.0279503	0.0282132	0.0125786	0.0210843	0.0234858	0.0213465	0.0173611	0.0117417	0.0036697	0.0188425	0.0232558	0.0086768	0.026971	0.0252101	0.0058939	0.0157576	0.026749	0.0085592	0.012939	0.0333333	0.045738	0.0355412	0.0350554	0.0218182	0.024911	0.0260546	0.0130293	0.0247117	0.0237226	0.0339367	0.039801	0.037889	0.0432277	0.0500521	0.0294118	0.0202507	0.0337637	0.0167331	0.0183221	0.0234542	0.0130152	0.0161681	0.0223267	0.0306373	0.0239899	0.0308285	
Burrowing Owl	0.0032859	0.0119048	0.0046584	0.0020899	0.004717	0.0090361	0.0173053	0.0049261	0.0017361	0.0078278	0.012844	0.0013459	0.001938	0.0086768	0.0020747	0.0067227	0.0039293	0.0193939	0.0123457	0.0071327	0.0055453	0.0333333	0.008316	0.0080775	0.0055351	0.0090909	0.0213523	0.0074442	0.004886	0.0329489	0.0072993	0.0124434	0.0066335	0.0108254	0.0100865	0.0072993	0.004902	0.0135005	0.0069513	0.0087649	0.0067502	0.0095949	0.0032538	0.004042	0.0035253	0.0159314	0.0025253	0.0038536	
Striped Owl	0.0021906	0.0013228	0.0062112	0.0031348	0.0015723	0.001506	0.0024722	0.0049261	0.0052083	0.0019569	0.0018349	0.0013459	0.001938	0.0015	0.0	0.0015	0.0	0.0060606	0.0041152	0.0042796	0.0	0.0020833	0.002079	0.0242326	0.001845	0.0036364	0.0106762	0.0198511	0.0130293	0.0411862	0.0109489	0.0079186	0.0182421	0.0162382	0.0144092	0.0114703	0.0257353	0.0057859	0.0129096	0.0111554	0.0067502	0.010661	0.005423	0.0016168	0.0058754	0.0110294	0.0050505	0.0028902	
Short-eared Owl	0.0010953	0.0	0.0	0.0	0.0	0.0	0.0	0.0	0.0	0.0	0.0	0.0	0.0	0.0021692	0.0	0.0	0.0	0.0	0.0	0.0	0.0	0.0	0.0	0.0	0.0	0.0	0.0	0.0024814	0.0	0.0	0.0018248	0.0022624	0.0	0.0027064	0.0014409	0.0010428	0.0	0.0019286	0.0019861	0.0	0.0	0.0	0.0	0.0	0.0	0.0	0.0	0.0	
Asio sp.	0.0	0.0	0.0	0.0	0.0	0.0	0.0024722	0.0	0.0	0.0	0.0	0.0	0.0	0.0	0.0	0.0	0.0	0.0	0.0	0.0	0.0	0.0	0.0	0.0	0.0	0.0	0.0	0.0	0.0	0.0	0.0	0.0	0.0	0.0	0.0	0.0	0.0	0.0	0.0	0.0	0.0	0.0	0.0	0.0	0.0	0.0	0.0	0.0	
Ringed Kingfisher	0.026287	0.0145503	0.015528	0.0219436	0.0298742	0.0195783	0.0111248	0.0262726	0.0121528	0.0293542	0.012844	0.0161507	0.0155039	0.032538	0.0497925	0.0504202	0.0412574	0.0206061	0.0123457	0.0313837	0.0221811	0.0291667	0.049896	0.0306947	0.0369004	0.04	0.0320285	0.0384615	0.0488599	0.0181219	0.0364964	0.0463801	0.0331675	0.0257104	0.0475504	0.0406674	0.0330882	0.045323	0.0297915	0.0318725	0.024108	0.0234542	0.0130152	0.0153597	0.0047004	0.0330882	0.0126263	0.0260116	
Amazon Kingfisher	0.0054765	0.0171958	0.0186335	0.0083595	0.0062893	0.0045181	0.013597	0.0049261	0.0052083	0.0176125	0.0036697	0.0107672	0.0077519	0.032538	0.0186722	0.0268908	0.0176817	0.0145455	0.0082305	0.0156919	0.0018484	0.0104167	0.029106	0.006462	0.00369	0.0127273	0.0071174	0.0111663	0.019544	0.0098847	0.0054745	0.0214932	0.0149254	0.0135318	0.0015	0.004171	0.0012255	0.0077146	0.0029791	0.0079681	0.0038573	0.0021322	0.0043384	0.004042	0.0035253	0.002451	0.0012626	0.004817	
Green Kingfisher	0.026287	0.0277778	0.0201863	0.031348	0.009434	0.0120482	0.025958	0.044335	0.0486111	0.0841487	0.0642202	0.0659489	0.0736434	0.0672451	0.093361	0.0621849	0.086444	0.08	0.063786	0.0527817	0.0573013	0.0541667	0.0873181	0.0807754	0.0793358	0.1	0.0533808	0.1004963	0.0553746	0.0642504	0.0656934	0.0791855	0.0547264	0.0405954	0.0360231	0.0448384	0.0220588	0.0318226	0.0268123	0.0326693	0.0298939	0.0287846	0.0173536	0.0153597	0.0282021	0.0208333	0.0088384	0.0250482	
White-barred Piculet	0.0175246	0.0145503	0.0170807	0.0114943	0.0110063	0.0135542	0.0111248	0.0098522	0.0173611	0.0136986	0.012844	0.0174966	0.0271318	0.0477223	0.033195	0.0319328	0.0373281	0.0339394	0.0246914	0.0285307	0.0221811	0.0145833	0.043659	0.0371567	0.0571956	0.0309091	0.0160142	0.0334988	0.0358306	0.0280066	0.0419708	0.0328054	0.0364842	0.0568336	0.0259366	0.0323253	0.0245098	0.0289296	0.020854	0.0175299	0.0163934	0.0191898	0.0390456	0.0282943	0.0152761	0.0294118	0.0315657	0.0192678	
White Woodpecker	0.0010953	0.0	0.0	0.0010449	0.0	0.0	0.0	0.0	0.0	0.0015	0.0	0.0013459	0.0	0.0	0.0	0.0	0.0019646	0.0024242	0.0	0.0	0.0	0.0	0.0	0.0113086	0.0	0.0	0.0071174	0.0012407	0.0016287	0.0	0.0	0.0011312	0.0016584	0.0013532	0.0028818	0.0052138	0.0036765	0.0019286	0.0029791	0.0031873	0.0	0.0010661	0.0	8.084E-4	0.0011751	0.0012255	0.0	0.0	
White-fronted Woodpecker	0.0	0.0	0.0	0.0	0.0	0.0	0.0	0.0	0.0	0.0	0.0	0.0	0.0	0.0	0.0020747	0.0	0.0	0.0	0.0	0.0	0.0	0.0020833	0.0	0.0	0.0	0.0	0.0	0.0	0.0	0.0	0.0	0.0	0.0	0.0	0.0	0.0	0.0	0.0	0.0	0.0	0.0	0.0	0.0	0.0015	0.0	0.0012255	0.0	0.0	
Checkered Woodpecker	0.2322015	0.2473545	0.197205	0.2027168	0.1871069	0.1762048	0.15822	0.1904762	0.2083333	0.2367906	0.240367	0.2516824	0.2306202	0.2169197	0.2323651	0.2420168	0.21611	0.2315152	0.2510288	0.2467903	0.271719	0.2854167	0.3222453	0.3376414	0.3726937	0.3145455	0.2313167	0.2965261	0.262215	0.2454695	0.270073	0.2771493	0.2686567	0.2598106	0.2276657	0.2846715	0.2634804	0.2622951	0.265144	0.2095618	0.2594021	0.228145	0.2603037	0.2473727	0.2291422	0.2512255	0.2626263	0.2071291	
Green-barred Woodpecker	0.3351588	0.3492063	0.3400621	0.3197492	0.3474843	0.2650602	0.2422744	0.2610837	0.3125	0.3424658	0.346789	0.3162853	0.3062016	0.2993492	0.3547718	0.3663866	0.3693517	0.3478788	0.3662551	0.3723252	0.3659889	0.3979167	0.4033264	0.3877221	0.3819188	0.4236364	0.3629893	0.4057072	0.3697068	0.3805601	0.3850365	0.418552	0.3880597	0.3518268	0.3270893	0.3701773	0.3406863	0.3297975	0.3545184	0.3282869	0.3654773	0.3592751	0.3438178	0.3338723	0.3301998	0.3835784	0.3813131	0.3217726	
Campo Flicker	0.0317634	0.0238095	0.0263975	0.0219436	0.0251572	0.0210843	0.0185414	0.0262726	0.015625	0.0176125	0.0165138	0.0215343	0.0155039	0.0238612	0.0248963	0.0201681	0.021611	0.0278788	0.0144033	0.0271041	0.0295749	0.0291667	0.035343	0.0371567	0.0276753	0.0218182	0.0355872	0.0397022	0.0358306	0.0345964	0.0310219	0.0226244	0.0348259	0.0257104	0.0216138	0.0291971	0.0245098	0.0221794	0.020854	0.0223108	0.0192864	0.0266525	0.0336226	0.0282943	0.0317274	0.0355392	0.0265152	0.0231214	
woodpecker sp.	0.0	0.0	0.0	0.0	0.0	0.0	0.0	0.0	0.0	0.0	0.0	0.0	0.0	0.0	0.0	0.0	0.0	0.0	0.0	0.0	0.0	0.0	0.0	0.0	0.0	0.0	0.0	0.0	0.0	0.0	0.0	0.0	0.0	0.0	0.0	0.0	0.0	0.0	0.0	0.0	0.0	0.0	0.0	8.084E-4	0.0011751	0.0	0.0	0.0	
Crested Caracara	0.4381161	0.4470899	0.4503106	0.4378265	0.4779874	0.4608434	0.4437577	0.4942529	0.5243056	0.5675147	0.6	0.5370121	0.6143411	0.626898	0.5995851	0.5932773	0.6129666	0.5963636	0.5864198	0.6105563	0.6303142	0.63125	0.6590437	0.6688207	0.6549815	0.6345455	0.658363	0.6947891	0.6465798	0.630972	0.6751825	0.64819	0.6533997	0.6129905	0.6325648	0.620438	0.5980392	0.6190935	0.5700099	0.5426295	0.5679846	0.5234542	0.5368764	0.5141471	0.4618096	0.5012255	0.4911616	0.4315992	
Chimango Caracara	0.3384447	0.3293651	0.3229814	0.3040752	0.2924528	0.2213855	0.2311496	0.2577997	0.2569444	0.3013699	0.3357798	0.3606999	0.4244186	0.4360087	0.4522822	0.4453782	0.4381139	0.4121212	0.4465021	0.4293866	0.4454713	0.4666667	0.4740125	0.5088853	0.5055351	0.4654545	0.4626335	0.5086849	0.4592834	0.4481054	0.4653285	0.459276	0.4626866	0.4289581	0.4149856	0.4285714	0.3897059	0.4108004	0.408143	0.3920319	0.4416586	0.3923241	0.4273319	0.3880356	0.3172738	0.4166667	0.3585859	0.3198459	
American Kestrel	0.0251917	0.0343915	0.0279503	0.0386625	0.0330189	0.0316265	0.0444994	0.0279146	0.0399306	0.0489237	0.0513761	0.0376851	0.0484496	0.0368764	0.0435685	0.0487395	0.0569745	0.0921212	0.0823045	0.0627675	0.0665434	0.1208333	0.0790021	0.0613893	0.0387454	0.0545455	0.0747331	0.0632754	0.0358306	0.062603	0.0383212	0.0497738	0.039801	0.0419486	0.0489914	0.0396246	0.0281863	0.0250723	0.0228401	0.0239044	0.024108	0.021322	0.0173536	0.0202102	0.0199765	0.0355392	0.0290404	0.0211946	
Aplomado Falcon	0.0010953	0.0026455	0.0015528	0.0020899	0.0031447	0.001506	0.0037083	0.0049261	0.0017361	0.0019569	0.0018349	0.0	0.0	0.0021692	0.0020747	0.0067227	0.0039293	0.0060606	0.0082305	0.0014265	0.0015	0.00625	0.004158	0.0016155	0.00369	0.0018182	0.0	0.0012407	0.0	0.0065898	0.0018248	0.0045249	0.0016584	0.0040595	0.0	0.0010428	0.002451	9.643E-4	0.0	0.0	0.002893	0.0010661	0.0010846	0.0016168	0.0023502	0.002451	0.0012626	0.0019268	
Peregrine Falcon	0.0251917	0.021164	0.0186335	0.031348	0.0141509	0.0240964	0.0197775	0.0361248	0.0486111	0.0528376	0.0642202	0.039031	0.0348837	0.0130152	0.0165975	0.010084	0.0117878	0.0169697	0.0205761	0.0057061	0.0110906	0.0104167	0.014553	0.0161551	0.0110701	0.0145455	0.0106762	0.0136476	0.0179153	0.0032949	0.0072993	0.0147059	0.0066335	0.0108254	0.018732	0.0229406	0.0245098	0.0221794	0.0248262	0.0215139	0.0279653	0.0255864	0.0336226	0.0282943	0.0199765	0.0098039	0.0366162	0.0144509	
large falcon sp.	0.0	0.0	0.0	0.0	0.0	0.0	0.0	0.0	0.0	0.0	0.0	0.0	0.0	0.0	0.0	0.0	0.0	0.0	0.0	0.0	0.0	0.0	0.0	0.0	0.0	0.0	0.0	0.0	0.0	0.0	0.0	0.0	0.0	0.0	0.0	0.0	0.0	0.0	0.0	0.0	0.0	0.0	0.0	0.0	0.0	0.0	0.0012626	0.0	
falcon sp.	0.0	0.0	0.0	0.0	0.0	0.0	0.0	0.0	0.0	0.0	0.0018349	0.0	0.0	0.0	0.0	0.0	0.0	0.0	0.0	0.0	0.0	0.0	0.0	0.0	0.0	0.0	0.0	0.0	0.0	0.0	0.0	0.0	0.0	0.0	0.0	0.0	0.0	0.0019286	0.0	0.0	0.0	0.0	0.0	0.0	0.0	0.0	0.0	0.0	
diurnal raptor sp.	0.0	0.0	0.0	0.0010449	0.0	0.0	0.0	0.0	0.0	0.0	0.0	0.0	0.0	0.0	0.0	0.0	0.0	0.0	0.0	0.0	0.0	0.0015	0.0	0.0	0.0	0.0	0.0	0.0024814	0.0	0.0	0.0	0.0	0.0049751	0.0	0.0	0.0	0.0	0.0	0.0	0.0	0.0	0.0	0.0	0.0	0.0	0.0	0.0	0.0	
Cockatiel	0.0	0.0	0.0	0.0	0.0	0.0	0.0	0.0	0.0	0.0	0.0	0.0	0.0	0.0	0.0	0.0	0.0	0.0	0.0	0.0014265	0.0	0.0	0.0	0.0	0.0	0.0	0.0	0.0	0.0	0.0	0.0	0.0	0.0	0.0	0.0	0.0	0.0	9.643E-4	0.0	7.968E-4	9.643E-4	0.0	0.0	8.084E-4	0.0	0.0	0.0	0.0	
Budgerigar	0.0	0.0079365	0.0	0.0	0.0	0.001506	0.0	0.0015	0.0	0.0019569	0.0	0.0	0.0	0.0	0.0015	0.0033613	0.0	0.0	0.0015	0.0	0.0	0.0	0.0	0.0	0.0	0.0	0.0015	0.0015	0.0016287	0.0	0.0	0.0	0.0016584	0.0	0.0014409	0.0010428	0.0	0.0015	0.0	0.0	0.0	0.0015	0.0	0.0	0.0015	0.0012255	0.0012626	0.0019268	
Monk Parakeet	0.7031763	0.7156085	0.7313665	0.7324974	0.7122642	0.6837349	0.6501854	0.6683087	0.6805556	0.704501	0.6642202	0.6567968	0.6879845	0.681128	0.6929461	0.6957983	0.7053045	0.6606061	0.6666667	0.6847361	0.676525	0.6791667	0.6444906	0.634895	0.6678967	0.64	0.6903915	0.6898263	0.6758958	0.7051071	0.6861314	0.6832579	0.6467662	0.6874154	0.6916427	0.6475495	0.6470588	0.6624879	0.6703078	0.6677291	0.7029894	0.6865672	0.7169197	0.7081649	0.6968273	0.7254902	0.7310606	0.6763006	
Yellow-chevroned Parakeet	0.1193866	0.1269841	0.1428571	0.1431557	0.1855346	0.1536145	0.1347342	0.1231527	0.1822917	0.2035225	0.187156	0.1870794	0.2170543	0.1995662	0.246888	0.2571429	0.2259332	0.2157576	0.2674897	0.235378	0.2532348	0.2375	0.2432432	0.2455574	0.2490775	0.2363636	0.2402135	0.2295285	0.2345277	0.2355848	0.2262774	0.2533937	0.2454395	0.2692828	0.2838617	0.2815433	0.252451	0.2025072	0.2005958	0.1880478	0.1620058	0.1886994	0.143167	0.1770412	0.1856639	0.1691176	0.1565657	0.1522158	
Scaly-headed Parrot	0.0	0.0013228	0.0015528	0.0	0.0	0.001506	0.0	0.0	0.0	0.0019569	0.0	0.0013459	0.001938	0.0021692	0.0	0.0	0.0	0.0	0.0020576	0.0028531	0.0018484	0.0015	0.002079	0.0015	0.00369	0.0015	0.0017794	0.0	0.0	0.0016474	0.0	0.0015	0.0016584	0.0013532	0.0	0.004171	0.0012255	9.643E-4	0.0015	0.0023904	9.643E-4	0.0021322	0.0010846	8.084E-4	0.0011751	0.0	0.0012626	0.0028902	
Turquoise-fronted Amazon	0.0503834	0.0542328	0.0636646	0.0553814	0.0613208	0.063253	0.0519159	0.0328407	0.0503472	0.0508806	0.0311927	0.0349933	0.0445736	0.0368764	0.0622407	0.0857143	0.0726916	0.0812121	0.0514403	0.064194	0.090573	0.08125	0.0852391	0.0662359	0.0553506	0.0872727	0.088968	0.1029777	0.0879479	0.1285008	0.0912409	0.0961538	0.0779436	0.1096076	0.0979827	0.1001043	0.0735294	0.075217	0.0744786	0.0677291	0.0790743	0.1119403	0.0748373	0.0759903	0.0940071	0.0919118	0.084596	0.066474	
Maroon-bellied Parakeet	0.0777656	0.0687831	0.0791925	0.0658307	0.081761	0.0587349	0.0754017	0.0410509	0.0642361	0.0587084	0.0807339	0.064603	0.0891473	0.0867679	0.0809129	0.1193277	0.1178782	0.1018182	0.0946502	0.0798859	0.103512	0.1020833	0.0602911	0.0597738	0.0664207	0.0909091	0.069395	0.0806452	0.0912052	0.0906096	0.0675182	0.0757919	0.0613599	0.0852503	0.0677233	0.0782065	0.067402	0.0665381	0.0556107	0.0669323	0.075217	0.0842217	0.0856833	0.1075182	0.1457109	0.1507353	0.1186869	0.0867052	
Green-cheeked Parakeet	0.0015	0.0	0.0	0.0	0.0	0.0	0.0	0.0	0.0	0.0	0.0	0.0	0.0	0.0	0.0	0.0	0.0	0.0	0.0	0.0	0.0018484	0.0	0.0	0.0016155	0.0	0.0	0.0	0.0	0.0	0.0	0.0	0.0	0.0	0.0	0.0	0.0	0.0	0.0	0.0019861	7.968E-4	0.0019286	0.0010661	0.0010846	0.0	0.0011751	0.0015	0.0012626	9.634E-4	
Burrowing Parakeet	0.0021906	0.0026455	0.0	0.0010449	0.0078616	0.003012	0.0012361	0.0	0.0017361	0.0019569	0.0	0.0013459	0.0	0.0	0.0020747	0.0	0.0019646	0.0015	0.0	0.0	0.0036969	0.0	0.0	0.0	0.0015	0.0	0.0015	0.0037221	0.0	0.0	0.0	0.0	0.0	0.0013532	0.0	0.0010428	0.0012255	0.0015	9.93E-4	0.0	0.0019286	0.0	0.0	8.084E-4	0.0	0.002451	0.0	0.0015	
Nanday Parakeet	0.3493976	0.3478836	0.3385093	0.3416928	0.3647799	0.3509036	0.276885	0.3218391	0.3385417	0.4168297	0.4256881	0.3956931	0.4089147	0.4338395	0.3879668	0.4621849	0.453831	0.4218182	0.4814815	0.4835949	0.4676525	0.5083333	0.5758836	0.549273	0.5442804	0.5309091	0.4875445	0.5421836	0.4983713	0.5172982	0.540146	0.5429864	0.4991708	0.488498	0.4855908	0.4754953	0.4571078	0.4599807	0.4359484	0.4191235	0.4840887	0.4157783	0.4392625	0.4292643	0.373678	0.4289216	0.385101	0.3371869	
Blue-and-yellow Macaw	0.0	0.0	0.0	0.0	0.0	0.0	0.0	0.0	0.0	0.0019569	0.0	0.0	0.0	0.0	0.0	0.0	0.0	0.0	0.0	0.0	0.0	0.0	0.0	0.0	0.0	0.0	0.0	0.0	0.0	0.0	0.0	0.0	0.0	0.0	0.0	0.0	0.0	0.0	0.0015	0.0	0.0	0.0015	0.0	0.0	0.0	0.0	0.0	0.0	
Red-and-green Macaw	0.0	0.0	0.0	0.0	0.0	0.0	0.0	0.0	0.0	0.0	0.0	0.0	0.0	0.0	0.0	0.0	0.0	0.0	0.0	0.0	0.0	0.0	0.0	0.0	0.0	0.0	0.0	0.0	0.0	0.0	0.0	0.0	0.0	0.0	0.0	0.0	0.0	0.0	0.0	0.0	0.0	0.0	0.0010846	0.0	0.0	0.0	0.0	0.0	
Blue-crowned Parakeet	0.0010953	0.0	0.0	0.0	0.0	0.0	0.0	0.0	0.0017361	0.0	0.0	0.0013459	0.0	0.0	0.0	0.0	0.0	0.0	0.0	0.0	0.0	0.0020833	0.0	0.0	0.0	0.0036364	0.0	0.0	0.0	0.0016474	0.0	0.0	0.0	0.0015	0.0014409	0.0015	0.0	9.643E-4	0.0	7.968E-4	9.643E-4	0.0010661	0.0021692	8.084E-4	0.0	0.0012255	0.0	0.0	
Mitred Parakeet	0.0032859	0.0066138	0.0	0.0031348	0.0015723	0.003012	0.0074166	0.001642	0.0	0.0015	0.0	0.0013459	0.0	0.0021692	0.0	0.0	0.0	0.0	0.0123457	0.0513552	0.0277264	0.0083333	0.002079	0.0016155	0.0	0.0015	0.0	0.0	0.0016287	0.0016474	0.0	0.0011312	0.0	0.0013532	0.0043228	0.0010428	0.0012255	0.0057859	0.0059583	0.0047809	0.0038573	0.0053305	0.0010846	0.0016168	0.0035253	0.0036765	0.0063131	0.0163776	
White-eyed Parakeet	0.3581599	0.4232804	0.3944099	0.4085684	0.4072327	0.3855422	0.3646477	0.320197	0.3454861	0.2720157	0.2183486	0.153432	0.1317829	0.1236443	0.0850622	0.0655462	0.0235756	0.0278788	0.0144033	0.0171184	0.0166359	0.00625	0.018711	0.0129241	0.0055351	0.0090909	0.0160142	0.0198511	0.0211726	0.0263591	0.0529197	0.0746606	0.0978441	0.1488498	0.2536023	0.3107404	0.3517157	0.3857281	0.3942403	0.4079681	0.3596914	0.3923241	0.3926247	0.4122878	0.4171563	0.4571078	0.3775253	0.3728324	
parakeet sp.	0.0	0.0	0.0015528	0.0015	0.0	0.001506	0.0	0.0	0.0017361	0.0	0.0	0.0015	0.0	0.0	0.0	0.0	0.0	0.0	0.0	0.0	0.0	0.0	0.0	0.0	0.0	0.0	0.0	0.0	0.0016287	0.0016474	0.0	0.0	0.0	0.0	0.0	0.0	0.0	9.643E-4	0.0	0.0	0.0	0.0	0.0	0.0	0.0011751	0.0012255	0.0	9.634E-4	
parrot sp.	0.0	0.0	0.0	0.0	0.0	0.0	0.0	0.0	0.0	0.0	0.0	0.0	0.0	0.0	0.0	0.0	0.0	0.0	0.0	0.0	0.0	0.00625	0.0	0.0	0.0	0.0	0.0017794	0.0	0.0	0.0	0.0	0.0	0.0	0.0	0.0	0.0	0.0012255	9.643E-4	0.0	0.0	0.0	0.0	0.0	0.0	0.0023502	0.0	0.0	0.0	
Rufous-capped Antshrike	0.0015	0.0	0.0031056	0.0	0.0	0.001506	0.0	0.0032841	0.0034722	0.0019569	0.0018349	0.0015	0.003876	0.0043384	0.0062241	0.0067227	0.0019646	0.0012121	0.0	0.0	0.0	0.0	0.002079	0.0016155	0.001845	0.0018182	0.0017794	0.0037221	0.0032573	0.0049423	0.0036496	0.0067873	0.0099502	0.0027064	0.0043228	0.0020855	0.0073529	0.0048216	0.0079444	0.0015936	0.0019286	0.0031983	0.0021692	0.0064673	0.0035253	0.004902	0.0	0.0	
Variable Antshrike	0.0	0.0	0.0	0.0010449	0.0	0.0	0.0	0.0	0.0	0.0	0.0	0.0	0.0	0.0	0.0	0.0	0.0	0.0	0.0	0.0	0.0015	0.0	0.0	0.0	0.001845	0.0	0.0	0.0	0.0	0.0	0.0	0.0	0.0	0.0	0.0	0.0	0.0	0.0	0.0	0.0	0.0	0.0	0.0	0.0	0.0	0.0	0.0	9.634E-4	
Thamnophilus sp.	0.0	0.0	0.0	0.0	0.0	0.0	0.0	0.0	0.0	0.0	0.0	0.0	0.0	0.0	0.0	0.0	0.0	0.0	0.0	0.0	0.0	0.0	0.0	0.0	0.0	0.0	0.0	0.0	0.0	0.0	0.0	0.0	0.0	0.0	0.0	0.0	0.0	0.0	0.0	7.968E-4	0.0	0.0	0.0	0.0	0.0	0.0	0.0	0.0	
Common Miner	0.0	0.0	0.0	0.0	0.0	0.0	0.0	0.0	0.0	0.0	0.0	0.0	0.0015	0.0	0.0	0.0	0.0	0.0	0.0	0.0	0.0	0.0	0.0	0.0015	0.0	0.0	0.0	0.0	0.0	0.0	0.0	0.0	0.0	0.0	0.0015	0.0	0.0015	9.643E-4	0.0015	0.0	0.0	0.0015	0.0	0.0	0.0	0.0	0.0	0.0	
Narrow-billed Woodcreeper	0.3187295	0.3624339	0.3478261	0.3249739	0.3506289	0.2801205	0.2731768	0.3087028	0.3177083	0.3502935	0.3559633	0.3405114	0.3604651	0.3275488	0.3298755	0.3815126	0.3438114	0.3612121	0.3621399	0.3880171	0.349353	0.3708333	0.4033264	0.4022617	0.4077491	0.4181818	0.3274021	0.398263	0.3680782	0.3443163	0.350365	0.3642534	0.3615257	0.3437077	0.3126801	0.3931178	0.372549	0.3741562	0.3306852	0.3115538	0.3519769	0.3518124	0.3394794	0.3080032	0.3008226	0.3431373	0.3295455	0.3034682	
Rufous Hornero	0.754655	0.7513228	0.7608696	0.7513062	0.7672956	0.7349398	0.6662546	0.7307061	0.7847222	0.7827789	0.759633	0.7496635	0.7693798	0.7895879	0.7510373	0.7764706	0.805501	0.7648485	0.7510288	0.7760342	0.7911275	0.7833333	0.8191268	0.7867528	0.8284133	0.7672727	0.7935943	0.8002481	0.7964169	0.7874794	0.7956204	0.7929864	0.7529022	0.7740189	0.7636888	0.7476538	0.7561275	0.7434908	0.7845084	0.7505976	0.7926712	0.7590618	0.7548807	0.7566694	0.7485311	0.7794118	0.760101	0.7331407	
Wren-like Rushbird	0.0766703	0.0701058	0.076087	0.061651	0.0424528	0.0527108	0.0469716	0.0426929	0.0416667	0.0313112	0.0311927	0.0471063	0.0445736	0.0672451	0.0394191	0.0621849	0.0687623	0.0642424	0.0699588	0.0527817	0.0702403	0.0583333	0.0873181	0.1098546	0.099631	0.08	0.0907473	0.1079404	0.1123779	0.0560132	0.1076642	0.1255656	0.1525705	0.1136671	0.1498559	0.1386861	0.1335784	0.12054	0.1370407	0.1314741	0.1108968	0.1247335	0.1290672	0.1204527	0.0998825	0.1188725	0.0795455	0.0770713	
Curve-billed Reedhaunter	0.0010953	0.0	0.0	0.0	0.0	0.0	0.0	0.0	0.0	0.0	0.0	0.0026918	0.0	0.0	0.0	0.0033613	0.0	0.0012121	0.0020576	0.0015	0.0	0.0041667	0.004158	0.006462	0.0015	0.0036364	0.0	0.0012407	0.0	0.0	0.0	0.0056561	0.0016584	0.0	0.0015	0.0010428	0.0012255	0.0019286	9.93E-4	0.0015	0.0	0.0015	0.0032538	0.0024252	0.0	0.0	0.0	0.0028902	
Buff-winged Cinclodes	0.0	0.0	0.0	0.0	0.0	0.0	0.0	0.0	0.0	0.0039139	0.0036697	0.0148048	0.0193798	0.0368764	0.0435685	0.0386555	0.0530452	0.0351515	0.0473251	0.0727532	0.0757856	0.0770833	0.0706861	0.1033926	0.1217712	0.0581818	0.0747331	0.0880893	0.0830619	0.0576606	0.0857664	0.0656109	0.0862355	0.0365359	0.0129683	0.008342	0.0098039	0.0086789	0.0019861	7.968E-4	0.0	0.0	0.0010846	0.0	0.0	0.0	0.0	0.0	
cinclodes sp.	0.0	0.0	0.0	0.0	0.0	0.0	0.0	0.0	0.0	0.0	0.0	0.0	0.0	0.0021692	0.0	0.0	0.0	0.0	0.0	0.0	0.0	0.0	0.0	0.0	0.0	0.0	0.0	0.0	0.0	0.0	0.0	0.0	0.0	0.0	0.0	0.0	0.0	0.0	0.0	0.0	0.0	0.0	0.0	0.0	0.0	0.0	0.0	0.0	
Buff-browed Foliage-gleaner	0.0	0.0	0.0	0.0	0.0	0.0	0.0	0.0	0.0	0.0	0.0	0.0	0.0	0.0	0.0	0.0	0.0	0.0	0.0	0.0	0.0	0.0	0.0	0.0	0.0	0.0	0.0	0.0015	0.0	0.0	0.0	0.0	0.0	0.0	0.0	0.0	0.0	0.0	0.0	0.0	0.0	0.0	0.0	0.0	0.0	0.0	0.0	0.0	
Tufted Tit-Spinetail	0.0	0.0026455	0.0031056	0.0	0.0015723	0.0060241	0.0012361	0.0032841	0.0017361	0.0019569	0.0	0.0026918	0.001938	0.010846	0.0	0.0016807	0.0039293	0.0012121	0.0041152	0.0128388	0.0092421	0.0083333	0.014553	0.0210016	0.0092251	0.02	0.0017794	0.0049628	0.009772	0.0065898	0.0054745	0.0124434	0.0149254	0.0040595	0.0028818	0.0020855	0.0	9.643E-4	9.93E-4	0.0	0.0	0.0	0.0	0.0015	0.0	0.0	0.0	9.634E-4	
Little Thornbird	0.0	0.0	0.0	0.0	0.0	0.0	0.0	0.0015	0.0	0.0097847	0.0018349	0.0040377	0.005814	0.0021692	0.0	0.0033613	0.0019646	0.0	0.0	0.0	0.0	0.0	0.0	0.0	0.0	0.0	0.0	0.0	0.0	0.0	0.0	0.0011312	0.0	0.0	0.0014409	0.0010428	0.0	0.0	9.93E-4	0.0	0.0	0.0015	0.0	0.0	0.0	0.0012255	0.0012626	0.0	
Freckle-breasted Thornbird	0.0449069	0.0595238	0.0419255	0.0397074	0.0125786	0.0165663	0.0222497	0.0131363	0.015625	0.0332681	0.0183486	0.0296097	0.0155039	0.0238612	0.026971	0.0285714	0.0530452	0.0363636	0.026749	0.0313837	0.025878	0.0520833	0.045738	0.0468498	0.0295203	0.0418182	0.0266904	0.044665	0.0570033	0.0428336	0.0711679	0.0475113	0.0630182	0.0514208	0.0331412	0.0573514	0.0514706	0.051109	0.0476663	0.0350598	0.0530376	0.0319829	0.0542299	0.039612	0.0352526	0.0490196	0.0454545	0.0327553	
Firewood-gatherer	0.0021906	0.0015	0.0	0.0	0.0	0.0	0.0	0.0	0.0	0.0	0.0	0.0	0.0	0.0	0.0	0.0016807	0.0	0.0024242	0.0	0.0	0.0	0.0	0.002079	0.0	0.0	0.0	0.0053381	0.0	0.0	0.0	0.0	0.0	0.0	0.0	0.0	0.0010428	0.0	0.0	0.0	0.0	0.0	0.0015	0.0015	0.0	0.0	0.0	0.0	0.0015	
Short-billed Canastero	0.0	0.0	0.0015528	0.0	0.0031447	0.0	0.0024722	0.001642	0.0	0.0	0.0	0.0	0.0	0.0	0.0	0.0	0.0	0.0015	0.0020576	0.0014265	0.0018484	0.0	0.0	0.0015	0.0	0.0	0.0	0.0	0.0	0.0	0.0	0.0	0.0	0.0	0.0	0.0	0.0	0.0	0.0	0.0	0.0	0.0	0.0	0.0	0.0	0.0	0.0	0.0015	
Hudson's Canastero	0.0010953	0.0	0.0	0.0	0.0	0.0	0.0	0.0	0.0	0.0	0.0	0.0	0.0	0.0	0.0	0.0	0.0	0.0	0.0020576	0.0	0.0	0.0	0.0	0.0015	0.0	0.0	0.0	0.0	0.0	0.0	0.0	0.0	0.0	0.0	0.0	0.0	0.0	0.0	0.0	0.0	0.0	0.0	0.0	0.0	0.0	0.0	0.0	0.0	
Sharp-billed Canastero	0.0	0.0	0.0	0.0	0.0	0.0	0.0	0.0	0.0	0.0019569	0.0	0.0067295	0.0	0.0021692	0.0020747	0.0084034	0.021611	0.0072727	0.0164609	0.0042796	0.0184843	0.0145833	0.031185	0.0242326	0.0129151	0.0127273	0.0106762	0.0124069	0.0162866	0.0115321	0.0054745	0.0090498	0.0033167	0.0013532	0.0028818	0.0031283	0.0	0.0	0.0	0.0	0.0	0.0	0.0010846	0.0	0.0	0.0	0.0	0.0	
Sulphur-bearded Reedhaunter	0.0208105	0.0198413	0.007764	0.0062696	0.0062893	0.001506	0.0037083	0.0049261	0.0121528	0.0273973	0.0238532	0.0053836	0.0116279	0.0195228	0.0082988	0.0151261	0.021611	0.009697	0.0246914	0.0199715	0.025878	0.0270833	0.033264	0.0258481	0.0258303	0.0363636	0.0106762	0.0297767	0.0390879	0.0214168	0.0218978	0.0316742	0.0331675	0.0162382	0.0259366	0.0531804	0.0526961	0.045323	0.0357498	0.0326693	0.0501446	0.0373134	0.0336226	0.0242522	0.0235018	0.0318627	0.0366162	0.0260116	
Stripe-crowned Spinetail	0.0010953	0.0	0.0	0.0	0.0	0.0	0.0012361	0.0	0.0	0.0	0.0018349	0.0013459	0.0	0.0021692	0.0062241	0.0	0.0117878	0.0012121	0.0041152	0.0	0.0036969	0.0	0.018711	0.0015	0.0073801	0.0036364	0.0035587	0.0086849	0.0162866	0.0049423	0.0018248	0.0067873	0.0066335	0.014885	0.0057637	0.004171	0.0122549	0.0125362	0.0099305	0.0063745	0.0067502	0.0053305	0.0075922	0.0016168	0.0	0.0012255	0.0	9.634E-4	
Bay-capped Wren-Spinetail	0.0021906	0.0	0.0	0.0	0.0015723	0.0	0.0	0.0	0.0	0.0	0.0	0.0	0.0	0.0	0.0020747	0.0	0.0	0.0	0.0	0.0	0.0	0.0	0.002079	0.0	0.0015	0.0	0.0	0.0	0.0	0.0	0.0	0.0022624	0.0	0.0	0.0014409	0.0020855	0.0	0.0019286	0.0015	7.968E-4	0.002893	0.0015	0.0032538	0.0	0.0	0.002451	0.0012626	0.0028902	
Yellow-chinned Spinetail	0.0909091	0.1071429	0.1055901	0.0992685	0.0660377	0.0737952	0.0803461	0.1083744	0.1145833	0.111546	0.1211009	0.0915209	0.1317829	0.0954447	0.1120332	0.1176471	0.1119843	0.0993939	0.127572	0.1212553	0.1367837	0.1354167	0.1808732	0.1405493	0.1494465	0.1290909	0.1156584	0.1451613	0.1140065	0.0823723	0.1386861	0.1470588	0.1393035	0.1258457	0.1210375	0.1199166	0.1360294	0.123433	0.0993049	0.0964143	0.096432	0.1034115	0.0986985	0.1075182	0.0893067	0.1078431	0.0795455	0.0857418	
Chotoy Spinetail	0.0010953	0.0	0.0015528	0.0	0.0015	0.0	0.0	0.0065681	0.0	0.0	0.0	0.0013459	0.0	0.0021692	0.0062241	0.0016807	0.0019646	0.0	0.0020576	0.0028531	0.0147874	0.0	0.0015	0.0015	0.001845	0.0018182	0.0017794	0.0	0.0	0.0	0.0054745	0.0022624	0.0082919	0.0027064	0.0072046	0.0135558	0.0122549	0.0202507	0.0188679	0.0111554	9.643E-4	0.0010661	0.0032538	0.0016168	0.0011751	0.0012255	0.0012626	0.0019268	
Spix's Spinetail	0.033954	0.0304233	0.0263975	0.0229885	0.009434	0.0135542	0.025958	0.0328407	0.0399306	0.0234834	0.0458716	0.0471063	0.0368217	0.0412148	0.0497925	0.0268908	0.0510806	0.0375758	0.0452675	0.042796	0.0406654	0.0458333	0.0582121	0.0468498	0.0553506	0.0581818	0.0391459	0.060794	0.0537459	0.0362438	0.0437956	0.0757919	0.0381426	0.0622463	0.0662824	0.0542231	0.0416667	0.0501446	0.0486594	0.0231076	0.0221794	0.033049	0.0260304	0.0339531	0.027027	0.0441176	0.0618687	0.0298651	
Pale-breasted Spinetail	0.0	0.0013228	0.0	0.0010449	0.0	0.001506	0.0	0.0	0.0	0.0	0.0	0.0	0.0	0.0	0.0	0.0	0.0019646	0.0	0.0	0.0	0.0	0.0	0.0	0.0016155	0.0	0.0	0.0	0.0	0.0016287	0.0	0.0018248	0.0	0.0	0.0	0.0014409	0.0020855	0.0	0.002893	9.93E-4	0.0023904	0.0	0.0010661	0.0010846	0.0	0.0	0.0	0.0	0.0	
Sooty-fronted Spinetail	0.1894852	0.2116402	0.1413043	0.1306165	0.1132075	0.1009036	0.1211372	0.137931	0.1180556	0.1291585	0.1541284	0.1722746	0.1937984	0.1561822	0.1721992	0.1764706	0.1689587	0.1454545	0.1440329	0.2011412	0.2144177	0.2166667	0.2266112	0.2617124	0.2859779	0.2345455	0.1494662	0.2009926	0.1856678	0.1795717	0.2007299	0.2126697	0.2189055	0.217862	0.1959654	0.2346194	0.2659314	0.2690453	0.1996028	0.1856574	0.1918997	0.1684435	0.2331887	0.2134196	0.1633373	0.2107843	0.2007576	0.1734104	
spinetail sp.	0.0	0.0	0.0	0.0	0.0	0.0	0.0	0.0	0.0	0.0	0.0	0.0	0.0	0.0	0.0	0.0	0.0	0.0	0.0	0.0	0.0	0.0	0.0	0.0	0.0	0.0	0.0	0.0	0.0	0.0	0.0	0.0	0.0	0.0	0.0	0.0	0.0	0.0	0.0019861	0.0	0.0	0.0	0.0	0.0	0.0	0.0	0.0	0.0	
furnariid sp.	0.0	0.0	0.0	0.0	0.0	0.0	0.0	0.0	0.0	0.0	0.0	0.0	0.0	0.0	0.0	0.0	0.0	0.0	0.0	0.0	0.0	0.0	0.0	0.0	0.0	0.0	0.0017794	0.0	0.0	0.0	0.0	0.0	0.0	0.0	0.0	0.0	0.0	0.0	9.93E-4	0.0	0.0	0.0	0.0	0.0	0.0	0.0	0.0	0.0	
White-tipped Plantcutter	0.0	0.0	0.0	0.0	0.0	0.0	0.0	0.0	0.0	0.0	0.0018349	0.0067295	0.0251938	0.0455531	0.0726141	0.0689076	0.086444	0.08	0.1069959	0.0927247	0.0961183	0.1291667	0.1559252	0.1647819	0.1623616	0.1454545	0.1192171	0.1488834	0.1205212	0.0939044	0.1058394	0.0984163	0.0978441	0.0784844	0.056196	0.0458811	0.0147059	0.0038573	0.0109235	0.0015936	0.0	0.0	0.0	0.0016168	0.0	0.0	0.0	0.0	
Masked Tityra	0.0	0.0	0.0	0.0	0.0	0.0	0.0	0.0	0.0	0.0	0.0	0.0	0.0	0.0	0.0	0.0	0.0	0.0	0.0	0.0	0.0	0.0	0.0	0.0	0.0	0.0	0.0	0.0	0.0	0.0	0.0	0.0	0.0	0.0	0.0	0.0010428	0.0	0.0	0.0	0.0	0.0	0.0	0.0	0.0	0.0	0.0	0.0	0.0	
White-naped Xenopsaris	0.0	0.0	0.0015	0.0	0.0	0.0	0.0	0.0	0.0	0.0	0.0	0.0	0.0	0.0	0.0	0.0	0.0	0.0	0.0	0.0	0.0	0.0	0.0	0.0	0.0	0.0	0.0	0.0	0.0	0.0	0.0	0.0	0.0	0.0	0.0	0.0	0.0	0.0019286	0.0	0.0015936	9.643E-4	0.0	0.0065076	0.0	0.0	0.0	0.0012626	0.0015	
Green-backed Becard	0.0015	0.0	0.0	0.0	0.0	0.0	0.0	0.0	0.0	0.0	0.0	0.0	0.0	0.0	0.0	0.0	0.0	0.0	0.0	0.0	0.0	0.0	0.002079	0.0	0.0	0.0018182	0.0	0.0	0.0	0.0016474	0.0018248	0.0022624	0.0	0.0	0.0	0.0	0.0	0.002893	0.0	0.0	0.0	0.0	0.0	0.0	0.0	0.0	0.0	0.0	
White-winged Becard	0.1818182	0.1706349	0.1428571	0.1619645	0.1446541	0.1370482	0.144623	0.1970443	0.171875	0.1917808	0.2091743	0.2139973	0.2015504	0.1366594	0.0954357	0.0722689	0.021611	0.0121212	0.0102881	0.0	0.0	0.0	0.002079	0.0016155	0.0	0.0	0.0017794	0.0	0.0	0.0016474	0.0	0.0	0.0	0.0040595	0.0014409	0.0015	0.0012255	0.0067502	0.0089374	0.0278884	0.072324	0.1162047	0.1713666	0.1802749	0.1668625	0.1997549	0.2007576	0.1608863	
Many-colored Rush Tyrant	0.0087623	0.005291	0.0046584	0.0062696	0.0078616	0.0075301	0.0061805	0.001642	0.0017361	0.0058708	0.0036697	0.0080754	0.005814	0.0086768	0.0041494	0.0067227	0.0039293	0.0060606	0.0144033	0.0114123	0.0055453	0.01875	0.029106	0.0145396	0.0202952	0.0072727	0.0177936	0.0186104	0.009772	0.0098847	0.020073	0.0237557	0.0099502	0.0054127	0.0158501	0.0218978	0.0220588	0.0106075	0.0148957	0.0071713	0.0115718	0.0138593	0.0151844	0.0113177	0.0117509	0.0110294	0.0075758	0.0077071	
Mottle-cheeked Tyrannulet	0.0054765	0.0039683	0.0046584	0.0031348	0.004717	0.0	0.0012361	0.0	0.0034722	0.0039139	0.0091743	0.0121131	0.0193798	0.032538	0.0062241	0.0168067	0.0117878	0.009697	0.0226337	0.0156919	0.0203327	0.0145833	0.016632	0.0193861	0.0166052	0.0090909	0.0035587	0.0124069	0.009772	0.0065898	0.0054745	0.0135747	0.0149254	0.0054127	0.0086455	0.0093848	0.0098039	0.0077146	0.0049652	0.0047809	0.0067502	0.0031983	0.0075922	0.004042	0.0070505	0.0061275	0.0063131	9.634E-4	
Pearly-vented Tody-Tyrant	0.0	0.0	0.0	0.0	0.0	0.0	0.0	0.0	0.0	0.0	0.0	0.0	0.0	0.0	0.0	0.0	0.0	0.0	0.0	0.0	0.0	0.0	0.0	0.0	0.0	0.0	0.0	0.0	0.0	0.0	0.0	0.0	0.0	0.0	0.0	0.0	0.0	0.0	0.0	0.0	0.0	0.0	0.0	0.0	0.0	0.0	0.0012626	0.0	
Cliff Flycatcher	0.0	0.0	0.0	0.0	0.0	0.0	0.0	0.0	0.0	0.0	0.0	0.0	0.0	0.0	0.0	0.0	0.0078585	0.0084848	0.0061728	0.0	0.0	0.0	0.0	0.0016155	0.0	0.0	0.0	0.0	0.0	0.0	0.0	0.0	0.0	0.0	0.0	0.0	0.0	0.0	0.0	0.0	0.0	0.0	0.0	0.0	0.0	0.0	0.0	0.0	
Southern Beardless-Tyrannulet	0.0328587	0.0330688	0.0295031	0.0188088	0.0078616	0.0195783	0.013597	0.0114943	0.0190972	0.0234834	0.0146789	0.0161507	0.0503876	0.0477223	0.0373444	0.0638655	0.0530452	0.0557576	0.0617284	0.0584879	0.0628466	0.0645833	0.0727651	0.0759289	0.1236162	0.0945455	0.0516014	0.0496278	0.0667752	0.062603	0.0492701	0.0893665	0.079602	0.0893099	0.056196	0.0656934	0.0833333	0.0935391	0.0595829	0.0390438	0.0491803	0.0447761	0.0206074	0.0428456	0.0352526	0.0502451	0.040404	0.0308285	
Suiriri Flycatcher	0.0021906	0.0026455	0.0	0.0	0.0031447	0.003012	0.0012361	0.0032841	0.0034722	0.0	0.0055046	0.0040377	0.0	0.0021692	0.0	0.0016807	0.0	0.0	0.0	0.0042796	0.0	0.0083333	0.004158	0.003231	0.0073801	0.0090909	0.0053381	0.0173697	0.0228013	0.0181219	0.0036496	0.0135747	0.0066335	0.0216509	0.0072046	0.008342	0.0183824	0.0163934	0.0099305	0.0023904	0.0077146	0.0095949	0.0065076	0.0024252	0.0035253	0.0012255	0.0012626	0.0019268	
Yellow-billed Tit-Tyrant	0.0	0.0	0.0	0.0	0.0	0.0	0.0	0.0	0.0	0.0	0.0	0.0	0.0	0.0	0.0062241	0.0	0.0098232	0.0060606	0.0	0.0	0.0	0.0	0.0	0.0129241	0.001845	0.0015	0.0053381	0.0037221	0.0016287	0.0	0.0	0.0	0.0	0.0	0.0028818	0.0015	0.0	0.0015	9.93E-4	7.968E-4	0.0	0.0	0.0010846	0.0	0.0	0.0	0.0012626	0.0	
Tufted Tit-Tyrant	0.0	0.0	0.0	0.0	0.0	0.0	0.0	0.0	0.0	0.0	0.0	0.0	0.0	0.0	0.0	0.0	0.0019646	0.0	0.0020576	0.0	0.0	0.0020833	0.0	0.0048465	0.0	0.0	0.0	0.0	0.0	0.0	0.0	0.0	0.0033167	0.0	0.0	0.0	0.0	0.0	0.0	0.0	0.0	0.0	0.0	0.0	0.0	0.0	0.0	0.0	
Anairetes sp.	0.0	0.0	0.0	0.0	0.0	0.0	0.0	0.0	0.0	0.0	0.0	0.0	0.0	0.0	0.0	0.0	0.0	0.0	0.0	0.0	0.0018484	0.0	0.0	0.0	0.0	0.0	0.0	0.0	0.0	0.0	0.0	0.0	0.0	0.0	0.0	0.0	0.0	0.0	0.0	0.0	0.0	0.0	0.0	0.0	0.0	0.0	0.0	0.0	
Bearded Tachuri	0.0010953	0.0026455	0.0	0.0	0.0015723	0.001506	0.0037083	0.0032841	0.0	0.0	0.0018349	0.0026918	0.005814	0.0	0.0	0.0	0.0	0.0	0.0	0.0	0.0	0.0	0.0	0.0	0.0	0.0	0.0	0.0	0.0	0.0	0.0	0.0	0.0	0.0	0.0	0.0052138	0.0159314	0.0086789	0.0228401	0.0183267	0.0135005	0.0095949	0.0010846	0.004042	0.0	0.0012255	0.0012626	0.0	
Crested Doradito	0.0	0.0	0.0	0.0	0.0	0.0	0.0	0.001642	0.0015	0.0	0.0	0.0	0.001938	0.0	0.0	0.0	0.0	0.0012121	0.0	0.0014265	0.0	0.0	0.0	0.0	0.0	0.0	0.0	0.0015	0.0	0.0	0.0	0.0	0.0	0.0	0.0	0.0	0.0	0.002893	0.0	0.0	0.0057859	0.0	0.0010846	0.0	0.0011751	0.0	0.0	0.0	
Subtropical Doradito	0.0	0.0	0.0	0.0	0.0	0.0	0.0	0.0	0.0	0.0	0.0	0.0	0.0	0.0015	0.0	0.0	0.0	0.0	0.0	0.0	0.0	0.0	0.0	0.0	0.0	0.0	0.0	0.0	0.0	0.0	0.0015	0.0	0.0	0.0	0.0	0.0	0.0	0.0	0.0	0.0	0.0	0.0	0.0015	0.0	0.0	0.0	0.0	0.0	
Warbling Doradito	0.0164294	0.0066138	0.0139752	0.0104493	0.009434	0.0105422	0.0185414	0.0164204	0.0069444	0.0039139	0.0091743	0.0121131	0.005814	0.0021692	0.0020747	0.0016807	0.0039293	0.0036364	0.0020576	0.0015	0.0018484	0.0041667	0.002079	0.0	0.0015	0.0	0.0015	0.0037221	0.0016287	0.0	0.0018248	0.0056561	0.0016584	0.0067659	0.0072046	0.0135558	0.0134804	0.0154291	0.0178749	0.0310757	0.0221794	0.021322	0.0390456	0.0266774	0.012926	0.0159314	0.0126263	0.0154143	
Ticking Doradito	0.0	0.0	0.0	0.0	0.0	0.0	0.0	0.0	0.0	0.0	0.0	0.0	0.0	0.0	0.0	0.0	0.0	0.0	0.0	0.0	0.0	0.0	0.0	0.0	0.0	0.0	0.0	0.0	0.0	0.0	0.0	0.0	0.0	0.0	0.0	0.0	0.0	0.0077146	0.0015	0.0	9.643E-4	0.0031983	0.0	0.0	0.0	0.0	0.0	0.0	
Warbling/Ticking Doradito	0.0010953	0.0	0.0	0.0	0.0	0.0	0.0012361	0.0032841	0.0	0.0015	0.0	0.0013459	0.001938	0.0	0.0062241	0.005042	0.0039293	0.0012121	0.0041152	0.0028531	0.0	0.0	0.004158	0.0	0.0	0.0015	0.0	0.0024814	0.0016287	0.0	0.0	0.0011312	0.0016584	0.0	0.0043228	0.0052138	0.0	0.002893	9.93E-4	7.968E-4	0.0	0.0021322	0.0065076	0.0	0.0	0.0	0.0037879	9.634E-4	
doradito sp.	0.0	0.0013228	0.0	0.0	0.0	0.0	0.0	0.001642	0.0	0.0	0.0055046	0.0	0.0	0.0	0.0041494	0.0016807	0.0	0.0	0.0	0.0	0.0	0.0020833	0.0	0.0	0.0	0.0	0.0	0.0012407	0.0	0.0	0.0	0.0	0.0	0.0	0.0	0.0	0.0	0.0	9.93E-4	0.0015936	0.0	0.0	0.0032538	0.0	0.0	0.0	0.0	0.0	
Small-billed Elaenia	0.2201533	0.2195767	0.1645963	0.183908	0.1320755	0.1174699	0.1025958	0.1001642	0.1041667	0.0763209	0.0954128	0.0982503	0.0852713	0.0433839	0.0207469	0.0201681	0.0098232	0.0	0.0020576	0.0	0.0018484	0.0	0.002079	0.0	0.0	0.0	0.0017794	0.0	0.0	0.0	0.0	0.0	0.0015	0.0054127	0.0072046	0.0250261	0.1360294	0.2160077	0.2025819	0.2111554	0.2642237	0.2142857	0.2722343	0.2497979	0.1927145	0.2303922	0.239899	0.1791908	
Large Elaenia	0.0065717	0.0026455	0.0015528	0.0073145	0.0031447	0.0	0.0012361	0.0	0.0034722	0.0	0.0	0.0013459	0.0	0.0	0.0	0.0	0.0	0.0	0.0	0.0	0.0	0.0	0.0	0.0	0.0	0.0	0.0	0.0	0.0	0.0	0.0	0.0	0.0	0.0	0.0	0.0	0.0	9.643E-4	0.0029791	0.0023904	0.0096432	0.0053305	0.0151844	0.0048504	0.0117509	0.0147059	0.0037879	0.0057803	
Olivaceous Elaenia	0.0	0.0	0.0	0.0010449	0.0	0.0	0.0	0.0	0.0	0.0	0.0	0.0	0.0	0.0	0.0	0.0	0.0	0.0	0.0	0.0	0.0	0.0	0.0	0.0	0.0	0.0	0.0	0.0	0.0	0.0	0.0	0.0	0.0	0.0	0.0	0.0	0.0	0.0	0.0	0.0	0.0	0.0010661	0.0227766	0.017785	0.0058754	0.004902	0.0025253	0.0	
White-crested Elaenia	0.0	0.0026455	0.0	0.0	0.0015723	0.0015	0.0015	0.0065681	0.0069444	0.0078278	0.0110092	0.0174966	0.0174419	0.0238612	0.0207469	0.0319328	0.0157171	0.0036364	0.0020576	0.0	0.0	0.0	0.0	0.0	0.001845	0.0036364	0.0	0.0	0.0	0.0	0.0	0.0	0.0016584	0.0	0.0	0.0031283	0.0036765	0.0154291	0.0099305	0.0111554	0.0135005	0.0127932	0.0075922	0.0032336	0.0	0.0012255	0.0025253	9.634E-4	
Small-billed/White-crested Elaenia	0.0010953	0.0013228	0.0	0.0	0.0	0.001506	0.0	0.0	0.0	0.0	0.0018349	0.0013459	0.0	0.0043384	0.0062241	0.0	0.0	0.0	0.0	0.0	0.0	0.0	0.0	0.0	0.0	0.0	0.0	0.0	0.0	0.0	0.0	0.0011312	0.0	0.0	0.0	0.0010428	0.0015	0.0	0.0	0.0015936	0.0	0.0010661	0.0010846	8.084E-4	0.0011751	0.0	0.0	0.0	
elaenia sp. (genus Elaenia)	0.0010953	0.0013228	0.0015	0.0	0.0	0.001506	0.0	0.0	0.0	0.0078278	0.0	0.0040377	0.0077519	0.0021692	0.0062241	0.0067227	0.0019646	0.0012121	0.0	0.0014265	0.0	0.0020833	0.002079	0.0	0.0	0.0	0.0017794	0.0	0.0	0.0	0.0	0.0011312	0.0	0.0	0.0	0.0	0.0	0.0038573	0.0029791	0.0023904	0.0019286	0.0021322	0.0	0.0024252	0.0011751	0.0012255	0.0012626	0.0	
Sooty Tyrannulet	0.0087623	0.0092593	0.0124224	0.0083595	0.0078616	0.0045181	0.0160692	0.0065681	0.0104167	0.0039139	0.0073394	0.0121131	0.0406977	0.0260304	0.0290456	0.0033613	0.0078585	0.0169697	0.0102881	0.0242511	0.012939	0.0270833	0.039501	0.0290792	0.0498155	0.0345455	0.0338078	0.0347395	0.0423453	0.0131796	0.0383212	0.0316742	0.0281924	0.0230041	0.0158501	0.016684	0.0073529	0.0173578	0.0129096	0.0143426	0.0154291	0.0159915	0.0206074	0.0056589	0.0070505	0.0036765	0.0012626	0.0028902	
White-crested Tyrannulet	0.2081051	0.1904762	0.1785714	0.1786834	0.172956	0.1310241	0.1137206	0.1083744	0.1388889	0.1722114	0.1669725	0.1857335	0.2635659	0.2993492	0.3008299	0.287395	0.2691552	0.2581818	0.2757202	0.3223966	0.3530499	0.3395833	0.3679834	0.4151858	0.4483395	0.3709091	0.3398577	0.4143921	0.3517915	0.354201	0.3394161	0.3721719	0.3432836	0.3437077	0.2838617	0.3378519	0.2843137	0.2931533	0.2611718	0.2366534	0.2391514	0.1940299	0.2234273	0.2045271	0.1656874	0.2218137	0.1994949	0.1685934	
Straneck's Tyrannulet	0.0032859	0.0013228	0.0031056	0.0031348	0.009434	0.0075301	0.0049444	0.0246305	0.015625	0.0176125	0.0055046	0.0174966	0.0310078	0.0650759	0.06639	0.087395	0.0805501	0.110303	0.1152263	0.1298146	0.1589649	0.16875	0.1746362	0.2132472	0.2398524	0.22	0.1672598	0.1985112	0.1514658	0.1400329	0.2080292	0.1764706	0.1940299	0.1366712	0.1095101	0.0865485	0.0551471	0.0356798	0.0307845	0.0143426	0.0048216	0.0063966	0.0065076	0.0016168	0.0035253	0.0012255	0.0	0.0	
White-crested/Straneck's Tyrannulet	0.0054765	0.0013228	0.0031056	0.0031348	0.0	0.0	0.0061805	0.0049261	0.0034722	0.0136986	0.0073394	0.0094213	0.0251938	0.0238612	0.0186722	0.0403361	0.0373281	0.0181818	0.026749	0.0285307	0.0295749	0.0354167	0.039501	0.0371567	0.0516605	0.04	0.0409253	0.0434243	0.0423453	0.0345964	0.0310219	0.040724	0.0315091	0.0351827	0.0288184	0.0260688	0.0257353	0.0183221	0.0218471	0.0167331	0.0057859	0.0074627	0.0043384	0.0024252	0.0023502	0.0012255	0.0012626	0.0019268	
Serpophaga sp.	0.0010953	0.0	0.0	0.0	0.0	0.0	0.0012361	0.0	0.0	0.0019569	0.0018349	0.0	0.001938	0.0	0.0	0.0016807	0.0	0.0024242	0.0020576	0.0057061	0.0018484	0.0020833	0.006237	0.0016155	0.00369	0.0036364	0.0017794	0.0074442	0.0065147	0.0032949	0.0018248	0.0	0.0	0.0054127	0.0	0.0015	0.0	0.0048216	0.0019861	7.968E-4	9.643E-4	0.0	0.0	8.084E-4	0.0	0.0	0.0025253	0.0	
Fulvous-crowned Scrub-Tyrant	0.0021906	0.0015	0.0	0.0	0.0	0.0	0.0	0.0	0.0	0.0	0.0	0.0	0.0	0.0	0.0	0.0	0.0	0.0	0.0	0.0	0.0	0.0	0.0	0.0	0.0	0.0	0.0	0.0	0.0	0.0	0.0	0.0	0.0	0.0	0.0	0.0	0.004902	0.0106075	0.0099305	0.0095618	0.0086789	0.0053305	0.0184382	0.004042	0.0082256	0.0098039	0.0075758	0.0019268	
Bran-colored Flycatcher	0.1128149	0.1137566	0.1164596	0.0992685	0.086478	0.064759	0.0679852	0.08867	0.0833333	0.1330724	0.1027523	0.0888291	0.1162791	0.0911063	0.0580913	0.0453782	0.0117878	0.0060606	0.0020576	0.0	0.0	0.0	0.004158	0.0016155	0.0073801	0.0	0.0	0.0	0.0016287	0.0016474	0.0	0.0022624	0.0082919	0.0040595	0.037464	0.1167883	0.1617647	0.1841851	0.142999	0.1513944	0.1610415	0.1364606	0.1626898	0.1479386	0.1257344	0.1482843	0.1388889	0.1040462	
Euler's Flycatcher	0.007667	0.0119048	0.007764	0.0062696	0.0078616	0.0060241	0.0049444	0.0032841	0.0069444	0.0019569	0.0036697	0.0053836	0.005814	0.0021692	0.0041494	0.0016807	0.0015	0.0	0.0020576	0.0014265	0.0	0.0	0.0	0.0	0.0	0.0	0.0	0.0	0.0	0.0	0.0	0.0	0.0	0.0	0.0072046	0.0156413	0.0183824	0.027001	0.0129096	0.0119522	0.0115718	0.0127932	0.0086768	0.0088925	0.0105758	0.0196078	0.0063131	0.004817	
Southern Tropical Pewee	0.0	0.0	0.0	0.0	0.0	0.0	0.0	0.0	0.0	0.0	0.0	0.0	0.0	0.0	0.0	0.0	0.0	0.0	0.0	0.0	0.0	0.0	0.0	0.0	0.0	0.0	0.0	0.0	0.0	0.0	0.0	0.0	0.0	0.0	0.0	0.0	0.0	0.0	0.0015	0.0	0.0	0.0	0.0	0.0015	0.0	0.0	0.0	0.0	
Southern Scrub-Flycatcher	0.0	0.0015	0.0	0.0	0.0	0.0	0.0	0.0	0.0	0.0	0.0	0.0	0.0	0.0	0.0	0.0	0.0	0.0	0.0	0.0	0.0	0.0	0.0	0.0	0.0	0.0	0.0	0.0	0.0	0.0	0.0	0.0	0.0	0.0	0.0	0.0	0.0	0.0	0.0	0.0	0.0	0.0	0.0	0.0	0.0	0.0	0.0	0.0	
Vermilion Flycatcher	0.0240964	0.0171958	0.0093168	0.0114943	0.0031447	0.0150602	0.0148331	0.0082102	0.0052083	0.0176125	0.0366972	0.076716	0.0775194	0.0932755	0.0165975	0.0235294	0.0	0.0012121	0.0	0.0014265	0.0036969	0.0	0.002079	0.0	0.0	0.0	0.0017794	0.0024814	0.0114007	0.0082372	0.0127737	0.0803167	0.2288557	0.2435724	0.2809798	0.2752868	0.2377451	0.2661524	0.2234359	0.152988	0.0665381	0.0362473	0.032538	0.0072757	0.0094007	0.0036765	0.0037879	9.634E-4	
Austral Negrito	0.0	0.0	0.0	0.0	0.0	0.0	0.0	0.0	0.0	0.0019569	0.0	0.0013459	0.001938	0.0086768	0.0145228	0.0151261	0.0039293	0.0024242	0.0061728	0.0014265	0.0018484	0.0020833	0.006237	0.0	0.0	0.0	0.0	0.0012407	0.0	0.0	0.0	0.0	0.0033167	0.0	0.0015	0.0	0.0012255	0.0	0.0	0.0	0.0	0.0	0.0	0.0	0.0	0.0	0.0	0.0	
Blue-billed Black-Tyrant	0.0	0.0039683	0.0	0.0020899	0.0015723	0.0	0.0111248	0.0049261	0.0015	0.0019569	0.0110092	0.0053836	0.0116279	0.0043384	0.0062241	0.010084	0.0098232	0.0036364	0.0082305	0.0071327	0.0147874	0.0125	0.022869	0.0290792	0.0664207	0.04	0.0338078	0.057072	0.0488599	0.0461285	0.0492701	0.0452489	0.0381426	0.02977	0.0288184	0.0145985	0.0098039	0.0231437	0.0079444	0.0095618	0.0057859	0.0010661	0.0021692	0.0016168	0.0	0.0	0.0012626	9.634E-4	
Spectacled Tyrant	0.0558598	0.0568783	0.0403727	0.0282132	0.0298742	0.0180723	0.0148331	0.0311987	0.0190972	0.0293542	0.040367	0.0417227	0.0310078	0.0433839	0.0414938	0.0436975	0.0667976	0.0363636	0.0596708	0.0413695	0.0794824	0.0625	0.0977131	0.0904685	0.1125461	0.1	0.0836299	0.0967742	0.1074919	0.1037891	0.2153285	0.1674208	0.1293532	0.0879567	0.0662824	0.1105318	0.0931373	0.0867888	0.1171797	0.0916335	0.0877531	0.0746269	0.0683297	0.0485044	0.0493537	0.0490196	0.0618687	0.0558767	
Yellow-browed Tyrant	0.0799562	0.0542328	0.0512422	0.045977	0.0534591	0.0210843	0.0185414	0.0246305	0.046875	0.0117417	0.0183486	0.0309556	0.0290698	0.0455531	0.0580913	0.0453782	0.0609037	0.0581818	0.0823045	0.0699001	0.0998152	0.1270833	0.1351351	0.1550889	0.1605166	0.1618182	0.1120996	0.1885856	0.1433225	0.1169687	0.1660584	0.1447964	0.1691542	0.1529093	0.1527378	0.1584984	0.1752451	0.1610415	0.1330685	0.1075697	0.1176471	0.1055437	0.1312364	0.1277284	0.0869565	0.1127451	0.0909091	0.0693642	
Dark-faced Ground-Tyrant	0.0	0.0	0.0	0.0	0.0	0.0	0.0	0.0	0.0	0.0	0.0	0.0	0.0	0.0	0.0103734	0.0588235	0.1060904	0.1006061	0.117284	0.1369472	0.1626617	0.1395833	0.1767152	0.1890145	0.1918819	0.1363636	0.0871886	0.1526055	0.1123779	0.0906096	0.1332117	0.1074661	0.0862355	0.0284168	0.0057637	0.0	0.0	0.0	0.0	7.968E-4	0.0	0.0	0.0	0.0	0.0	0.0	0.0	0.0	
White Monjita	0.0010953	0.0026455	0.0	0.0010449	0.0015723	0.0	0.0015	0.0	0.0	0.0	0.0	0.0	0.001938	0.0	0.0	0.0	0.0	0.0024242	0.0061728	0.0228245	0.0036969	0.0020833	0.010395	0.0113086	0.0129151	0.0181818	0.0	0.0	0.0	0.0	0.0	0.0045249	0.0	0.0013532	0.0	0.0020855	0.0012255	0.0019286	9.93E-4	0.0	9.643E-4	0.0010661	0.0021692	0.0072757	0.0035253	0.002451	0.0025253	0.0019268	
Gray Monjita	0.0010953	0.0	0.0015528	0.0	0.0015723	0.001506	0.0015	0.0	0.0	0.0	0.0	0.0	0.0	0.0015	0.0041494	0.0033613	0.0019646	0.0036364	0.0020576	0.0014265	0.0	0.0020833	0.0	0.0	0.0	0.0	0.0	0.0012407	0.0179153	0.0016474	0.0054745	0.0	0.0016584	0.0	0.0	0.0031283	0.0012255	0.0096432	0.0069513	7.968E-4	0.0019286	0.0031983	0.005423	0.0080841	0.0	0.0098039	0.0050505	0.004817	
Black-crowned Monjita	0.0	0.0	0.0	0.0	0.0	0.0	0.0	0.0	0.0	0.0	0.0018349	0.0026918	0.0015	0.010846	0.0	0.0033613	0.0019646	0.0	0.0	0.0	0.0	0.0	0.0	0.0	0.0015	0.0	0.0	0.0	0.0	0.0	0.0015	0.0022624	0.013267	0.0	0.0043228	0.0	0.0	0.0	0.0	0.0	0.0	0.0	0.0	0.0	0.0	0.0	0.0	0.0	
Rusty-backed Monjita	0.0	0.0	0.0	0.0	0.0	0.0	0.0	0.0	0.0	0.0	0.0	0.0	0.0	0.0	0.0	0.0	0.0	0.0	0.0	0.0	0.0	0.0	0.0	0.0	0.0	0.0	0.0	0.0	0.0	0.0	0.0	0.0	0.0	0.0	0.0015	0.0	0.0	0.0	0.0	0.0	0.0	0.0	0.0	0.0	0.0	0.0	0.0	0.0	
Gray-bellied Shrike-Tyrant	0.0	0.0	0.0	0.0	0.0	0.0	0.0	0.0	0.0	0.0	0.0	0.0	0.0	0.0	0.0	0.0	0.0	0.0	0.0	0.0	0.0	0.0	0.0	0.0015	0.001845	0.0	0.0	0.0	0.0015	0.0	0.0	0.0	0.0	0.0	0.0	0.0	0.0	0.0	0.0	0.0	0.0	0.0	0.0	0.0	0.0	0.0	0.0	0.0	
Lesser Shrike-Tyrant	0.0	0.0	0.0	0.0	0.0	0.0	0.0	0.0	0.0	0.0	0.0	0.0	0.0	0.0	0.0	0.0	0.0	0.0	0.0	0.0	0.0	0.0	0.0	0.0	0.0	0.0	0.0	0.0	0.0	0.0	0.0	0.0	0.0016584	0.0	0.0	0.0	0.0	0.0015	0.0	0.0	0.0	0.0	0.0	0.0	0.0	0.0	0.0	0.0	
Black-backed Water-Tyrant	0.0865279	0.1018519	0.0993789	0.0741902	0.0330189	0.0406627	0.0173053	0.0098522	0.0104167	0.0254403	0.0146789	0.0121131	0.0096899	0.0065076	0.0	0.0	0.0	0.0	0.0	0.0	0.0	0.0	0.0	0.0	0.0	0.0	0.0	0.0	0.0016287	0.0	0.0	0.0022624	0.0	0.0054127	0.0057637	0.0364964	0.0563725	0.0703954	0.1002979	0.0900398	0.1301832	0.1151386	0.1041215	0.0986257	0.1022327	0.1127451	0.1035354	0.0645472	
Swainson's Flycatcher	0.0832421	0.0740741	0.0465839	0.0417973	0.0361635	0.0225904	0.0271941	0.0082102	0.0138889	0.0097847	0.0146789	0.0067295	0.0077519	0.0021692	0.0	0.0	0.0	0.0	0.0	0.0	0.0	0.0	0.002079	0.0	0.0	0.0	0.0	0.0	0.0	0.0	0.0018248	0.0	0.0015	0.0	0.0	0.0010428	0.0012255	0.0135005	0.0367428	0.0589641	0.0838959	0.0735608	0.0791757	0.0662894	0.0611046	0.0735294	0.0795455	0.0558767	
Short-crested Flycatcher	0.0	0.0	0.0	0.0	0.0	0.0	0.0	0.0	0.0	0.0	0.0	0.0	0.0	0.0	0.0	0.0	0.0	0.0	0.0	0.0	0.0	0.0	0.0	0.0	0.0	0.0	0.0	0.0012407	0.0	0.0	0.0	0.0	0.0	0.0	0.0	0.0	0.0	0.0	0.0	0.0	0.0	0.0	0.0	0.0	0.0	0.0	0.0	0.0	
Brown-crested Flycatcher	0.0	0.0013228	0.0	0.0	0.0	0.0	0.0	0.0	0.0	0.0	0.0	0.0	0.0	0.0	0.0	0.0	0.0	0.0024242	0.0	0.0	0.0018484	0.0020833	0.014553	0.0145396	0.0184502	0.0109091	0.0017794	0.0074442	0.0	0.0032949	0.0036496	0.0022624	0.0033167	0.0067659	0.0014409	0.0062565	0.0012255	0.0019286	0.0	0.0	0.0015	0.0	0.0	0.0	0.0	0.0	0.0	0.0	
Myiarchus sp.	0.0	0.0	0.0	0.0	0.0015723	0.0	0.0	0.0	0.0	0.0	0.0	0.0	0.0	0.0	0.0	0.0	0.0	0.0012121	0.0	0.0	0.0	0.0	0.0	0.0	0.0	0.0	0.0017794	0.0	0.0	0.0	0.0	0.0	0.0	0.0	0.0	0.0	0.0	0.0	9.93E-4	0.0	0.0	0.0	0.0	0.0	0.0	0.0	0.0	0.0	
Cattle Tyrant	0.3362541	0.3253968	0.3431677	0.3646813	0.3632075	0.3087349	0.2966625	0.3333333	0.3715278	0.4031311	0.387156	0.3620458	0.3934109	0.4295011	0.4024896	0.4285714	0.4400786	0.4133333	0.473251	0.4778887	0.4768946	0.48125	0.5322245	0.5347334	0.5904059	0.4945455	0.475089	0.5037221	0.4462541	0.4530478	0.4489051	0.4377828	0.4427861	0.3897158	0.3731988	0.3858186	0.372549	0.3953713	0.3982125	0.3888446	0.3905497	0.3667377	0.3438178	0.3468068	0.3290247	0.3921569	0.3737374	0.3314066	
Great Kiskadee	0.7196057	0.7301587	0.7546584	0.7345873	0.754717	0.7153614	0.6909765	0.683087	0.7170139	0.739726	0.7412844	0.7348587	0.7732558	0.7722343	0.7780083	0.794958	0.7721022	0.7709091	0.7613169	0.7817404	0.7689464	0.7958333	0.8024948	0.7883683	0.8099631	0.7509091	0.7758007	0.8014888	0.776873	0.7759473	0.7682482	0.7884615	0.7562189	0.7645467	0.7579251	0.7486966	0.7561275	0.7473481	0.7715988	0.7593625	0.8129219	0.7953092	0.7646421	0.7502021	0.7297297	0.7708333	0.7348485	0.7080925	
Streaked Flycatcher	0.2803943	0.3161376	0.2748447	0.262278	0.2610063	0.2003012	0.1866502	0.1921182	0.21875	0.1702544	0.1541284	0.1076716	0.0329457	0.0130152	0.0020747	0.0016807	0.0	0.0	0.0	0.0	0.0	0.0	0.0015	0.0	0.0	0.0015	0.0	0.0012407	0.0	0.0	0.0036496	0.0	0.0016584	0.0013532	0.0	0.004171	0.0110294	0.1128255	0.1688183	0.2446215	0.3018322	0.2910448	0.318872	0.2869846	0.2502938	0.3039216	0.2979798	0.2456647	
Variegated Flycatcher	0.0010953	0.0	0.0031056	0.0	0.0	0.0	0.0	0.0	0.0	0.0	0.0	0.0	0.0	0.0	0.0	0.0	0.0	0.0	0.0	0.0	0.0	0.0	0.0	0.0	0.0	0.0	0.0	0.0	0.0	0.0	0.0	0.0	0.0	0.0	0.0	0.0	0.0	0.0	0.0	0.0	0.0	0.0	0.0075922	0.0048504	0.0011751	0.0	0.0012626	0.0019268	
Crowned Slaty Flycatcher	0.0010953	0.0079365	0.0062112	0.0041797	0.0015723	0.0015	0.0012361	0.0032841	0.0017361	0.0	0.0018349	0.0	0.001938	0.0021692	0.0	0.0	0.0	0.0	0.0	0.0	0.0	0.0	0.0	0.0	0.0	0.0	0.0	0.0	0.0	0.0	0.0	0.0	0.0	0.0	0.0	0.0	0.0036765	9.643E-4	0.0019861	0.0103586	0.0038573	0.0063966	0.027115	0.0097009	0.0199765	0.0134804	0.010101	0.0028902	
Tropical Kingbird	0.4118291	0.4470899	0.4192547	0.4054336	0.4040881	0.3493976	0.3374536	0.3776683	0.375	0.3581213	0.3779817	0.3257066	0.1918605	0.1127983	0.0477178	0.0151261	0.0176817	0.0072727	0.0041152	0.0042796	0.0015	0.0	0.002079	0.003231	0.001845	0.0	0.0	0.0037221	0.0	0.0	0.0018248	0.0011312	0.0033167	0.0040595	0.0057637	0.0458811	0.1703431	0.3394407	0.3952334	0.3968127	0.4541948	0.401919	0.462039	0.4518998	0.3983549	0.4754902	0.4242424	0.367052	
Eastern Kingbird	0.0	0.0	0.0	0.0	0.0	0.0	0.0	0.0	0.0	0.0	0.0	0.0	0.0	0.0	0.0	0.0	0.0	0.0	0.0	0.0	0.0	0.0	0.0	0.0	0.0	0.0	0.0	0.0	0.0	0.0	0.0	0.0	0.0	0.0	0.0	0.0	0.0	0.0	0.0	0.0	0.0	0.0	0.0433839	0.0	0.0	0.0	0.0	0.0	
Fork-tailed Flycatcher	0.0711939	0.1071429	0.1102484	0.1797283	0.1965409	0.1777108	0.1767614	0.1313629	0.0954861	0.0587084	0.0311927	0.0107672	0.0135659	0.0065076	0.0020747	0.0	0.0	0.0012121	0.0	0.0	0.0	0.0	0.0	0.0	0.0	0.0	0.0	0.0	0.0	0.0	0.0	0.0	0.0	0.0013532	0.0028818	0.0417101	0.0943627	0.1494696	0.1996028	0.2103586	0.289296	0.2100213	0.2342733	0.1455133	0.0846063	0.1164216	0.0707071	0.0732177	
new world flycatcher sp.	0.0	0.0	0.0015528	0.0	0.0	0.0	0.0	0.0	0.0	0.0	0.0	0.0	0.0	0.0	0.0	0.0	0.0	0.0	0.0	0.0	0.0	0.0	0.0	0.0	0.0	0.0	0.0	0.0	0.0	0.0	0.0	0.0	0.0	0.0	0.0	0.0	0.0	0.0	0.0	0.0	0.0	0.0	0.0	0.0	0.0	0.0	0.0	0.0	
Rufous-browed Peppershrike	0.0657174	0.0489418	0.0326087	0.0167189	0.0125786	0.0150602	0.0123609	0.0082102	0.0173611	0.0215264	0.0201835	0.0094213	0.0213178	0.0151844	0.0186722	0.0134454	0.0176817	0.0133333	0.0329218	0.021398	0.0277264	0.0229167	0.027027	0.0387722	0.0369004	0.0436364	0.0177936	0.0260546	0.029316	0.0477759	0.0529197	0.0475113	0.0597015	0.0365359	0.0533141	0.0646507	0.064951	0.0568949	0.0556107	0.0366534	0.0588235	0.0266525	0.0401302	0.0331447	0.0352526	0.0563725	0.0631313	0.026975	
Chivi Vireo	0.2771084	0.3121693	0.2437888	0.2507837	0.2311321	0.1822289	0.1384425	0.1543514	0.1423611	0.109589	0.1247706	0.1305518	0.0600775	0.0347072	0.0145228	0.0151261	0.0	0.0	0.0020576	0.0014265	0.0	0.0	0.0	0.0	0.0	0.0	0.0	0.0	0.0	0.0	0.0	0.0	0.0	0.0094723	0.0	0.004171	0.0453431	0.1485053	0.2284012	0.2103586	0.2757956	0.2590618	0.3177874	0.2764753	0.2256169	0.2892157	0.2916667	0.2398844	
Plush-crested Jay	0.0043812	0.0066138	0.0062112	0.0010449	0.0031447	0.001506	0.0037083	0.001642	0.0052083	0.0097847	0.0018349	0.0067295	0.003876	0.0065076	0.0041494	0.010084	0.0039293	0.0024242	0.0061728	0.0042796	0.0015	0.0083333	0.002079	0.0048465	0.001845	0.0015	0.0035587	0.0099256	0.004886	0.0098847	0.0072993	0.0056561	0.0099502	0.0040595	0.0057637	0.012513	0.0073529	0.002893	0.0059583	0.0039841	9.643E-4	0.0053305	0.0021692	8.084E-4	0.0011751	0.004902	0.0012626	0.0028902	
Bank Swallow	0.0087623	0.0132275	0.0108696	0.0073145	0.0157233	0.0105422	0.0185414	0.0049261	0.0069444	0.0	0.0055046	0.0026918	0.001938	0.0	0.0020747	0.0	0.0019646	0.0	0.0	0.0	0.0	0.0	0.0	0.0016155	0.0	0.0	0.0	0.0	0.0	0.0015	0.0	0.0	0.0	0.0	0.0028818	0.0020855	0.004902	0.002893	0.0049652	0.0039841	9.643E-4	0.0021322	0.005423	0.0072757	0.0082256	0.0159314	0.0088384	0.0105973	
White-rumped Swallow	0.3603505	0.3425926	0.302795	0.2413793	0.1666667	0.1204819	0.105068	0.0640394	0.0503472	0.0469667	0.0256881	0.0296097	0.0155039	0.0151844	0.0020747	0.0067227	0.0039293	0.0024242	0.0061728	0.0071327	0.0073937	0.0	0.008316	0.0048465	0.0110701	0.0236364	0.0213523	0.101737	0.1872964	0.2635914	0.3083942	0.3755656	0.3615257	0.3734777	0.389049	0.4264859	0.4178922	0.4358727	0.4379345	0.459761	0.5081967	0.45629	0.4533623	0.4672595	0.4336075	0.4865196	0.3800505	0.3468208	
Chilean Swallow	0.0	0.0013228	0.0	0.0010449	0.0	0.0	0.0148331	0.0032841	0.0	0.0	0.0	0.0013459	0.0135659	0.0086768	0.0248963	0.0184874	0.0098232	0.009697	0.0226337	0.0342368	0.038817	0.0520833	0.045738	0.0500808	0.1107011	0.0636364	0.0498221	0.1104218	0.0651466	0.0543657	0.0748175	0.0531674	0.0116086	0.0108254	0.0086455	0.0114703	0.0073529	0.0077146	0.0069513	0.0039841	0.0019286	0.0	0.0032538	8.084E-4	0.0011751	0.0	0.0012626	9.634E-4	
White-rumped/Chilean Swallow	0.0	0.0	0.0	0.0	0.0015	0.0	0.0	0.0	0.0	0.0019569	0.0	0.0	0.005814	0.0	0.0020747	0.0	0.0019646	0.0	0.0020576	0.0014265	0.0036969	0.0	0.0	0.006462	0.0166052	0.0109091	0.0053381	0.0111663	0.0114007	0.0115321	0.0091241	0.010181	0.0066335	0.0054127	0.0028818	0.0031283	0.0012255	0.002893	0.0	0.0	0.0	0.0	0.0	0.0	0.0	0.0	0.0	0.0	
Tachycineta sp.	0.0	0.0	0.0	0.0	0.0	0.001506	0.0012361	0.001642	0.0017361	0.0	0.0	0.0	0.0	0.0021692	0.0020747	0.0016807	0.0019646	0.0024242	0.0061728	0.0	0.0015	0.0020833	0.0	0.0016155	0.001845	0.0072727	0.0106762	0.0124069	0.0114007	0.0082372	0.0018248	0.0045249	0.0	0.0013532	0.0	0.0	0.0	0.0019286	0.0	0.0	0.0	0.0	0.0	0.0	0.0	0.002451	0.0	0.0	
Gray-breasted Martin	0.5235487	0.4973545	0.4813665	0.4117032	0.3962264	0.3840361	0.3065513	0.2413793	0.2690972	0.1976517	0.1522936	0.1170929	0.0775194	0.032538	0.0207469	0.0084034	0.0	0.0024242	0.0	0.0014265	0.0	0.0041667	0.006237	0.006462	0.00369	0.0072727	0.0053381	0.0024814	0.009772	0.0395387	0.0821168	0.2149321	0.2885572	0.3640054	0.3573487	0.4244004	0.4240196	0.4580521	0.4478649	0.4406375	0.4725169	0.4594883	0.467462	0.4616006	0.4512338	0.4901961	0.4457071	0.4287091	
Southern Martin	0.0142388	0.015873	0.0062112	0.0177638	0.0172956	0.003012	0.0074166	0.0032841	0.0034722	0.0078278	0.0073394	0.0013459	0.0	0.0	0.0020747	0.0	0.0	0.0	0.0	0.0	0.0	0.0	0.0	0.0	0.001845	0.0	0.0	0.0024814	0.0	0.0	0.0	0.0045249	0.0082919	0.0108254	0.0172911	0.016684	0.0159314	0.0067502	0.0109235	0.012749	0.0154291	0.0074627	0.0195228	0.0121261	0.0176263	0.0073529	0.0189394	0.0096339	
Brown-chested Martin	0.4884995	0.5092593	0.484472	0.4952978	0.4811321	0.4021084	0.3770087	0.3924466	0.3836806	0.3913894	0.3174312	0.2664872	0.244186	0.1388286	0.06639	0.0352941	0.0117878	0.0036364	0.0061728	0.0014265	0.0036969	0.0041667	0.0	0.0	0.001845	0.0	0.0	0.0	0.004886	0.0016474	0.0036496	0.0067873	0.0232172	0.0608931	0.1282421	0.2241919	0.3455882	0.3712633	0.4131082	0.4215139	0.4551591	0.4371002	0.4305857	0.4591754	0.4089307	0.495098	0.4772727	0.4508671	
new world martin sp. (Progne sp.)	0.0065717	0.0185185	0.0046584	0.0073145	0.009434	0.0045181	0.0049444	0.001642	0.0086806	0.0039139	0.0036697	0.0026918	0.0	0.0	0.0062241	0.0	0.0019646	0.0015	0.0	0.0	0.0	0.0	0.0	0.0	0.0	0.0018182	0.0	0.0012407	0.0	0.0	0.0018248	0.0022624	0.0016584	0.0027064	0.0014409	0.004171	0.0	0.0015	0.0069513	0.0031873	0.002893	0.0095949	0.0021692	0.0056589	0.0047004	0.0073529	0.0050505	0.0028902	
Southern Rough-winged Swallow	0.0240964	0.021164	0.015528	0.015674	0.0031447	0.003012	0.0061805	0.0082102	0.0104167	0.0019569	0.0018349	0.0053836	0.003876	0.0	0.0	0.0016807	0.0019646	0.0012121	0.0020576	0.0057061	0.0	0.0	0.002079	0.0	0.0015	0.0018182	0.0017794	0.0024814	0.0016287	0.0016474	0.0	0.0011312	0.0033167	0.0040595	0.0244957	0.0427529	0.0355392	0.024108	0.0248262	0.038247	0.0347155	0.0426439	0.0347072	0.0315279	0.027027	0.0294118	0.0353535	0.026975	
Blue-and-white Swallow	0.286966	0.3042328	0.2639752	0.2560084	0.2987421	0.2650602	0.2447466	0.2922824	0.2881944	0.2798434	0.2678899	0.2449529	0.3042636	0.2299349	0.2385892	0.2235294	0.1768173	0.1769697	0.2366255	0.2924394	0.2661738	0.25625	0.3222453	0.355412	0.4132841	0.3690909	0.3558719	0.3473945	0.2785016	0.2652389	0.3284672	0.2952489	0.305141	0.232747	0.2190202	0.2544317	0.2585784	0.2883317	0.2720953	0.2868526	0.3047252	0.2675906	0.2429501	0.2530315	0.2209166	0.254902	0.2462121	0.2206166	
Tawny-headed Swallow	0.0010953	0.0026455	0.0	0.0010449	0.0	0.003012	0.0	0.0	0.0	0.0	0.0018349	0.0	0.0	0.0	0.0	0.0	0.0	0.0	0.0	0.0015	0.0	0.0	0.0015	0.0	0.0015	0.0	0.0	0.0	0.0	0.0	0.0	0.0	0.0	0.0013532	0.0	0.0	0.0	9.643E-4	0.0	0.0	0.0	0.0	0.0	8.084E-4	0.0	0.0	0.0	9.634E-4	
Barn Swallow	0.1741512	0.1878307	0.1614907	0.1567398	0.177673	0.1521084	0.1742892	0.1297209	0.1041667	0.0704501	0.0422018	0.0309556	0.005814	0.0043384	0.0	0.0016807	0.0	0.0012121	0.0	0.0	0.0	0.0	0.0	0.003231	0.00369	0.0	0.0071174	0.0012407	0.0016287	0.0	0.0	0.0113122	0.0016584	0.0338295	0.0576369	0.1220021	0.1421569	0.1793635	0.1787488	0.1904382	0.1938284	0.2025586	0.1789588	0.2021019	0.1656874	0.2230392	0.219697	0.2157996	
Cliff Swallow	0.0043812	0.0066138	0.0031056	0.0041797	0.004717	0.0	0.0185414	0.0032841	0.0	0.0	0.0018349	0.0013459	0.001938	0.0	0.0015	0.0016807	0.0	0.0	0.0	0.0	0.0	0.0	0.0	0.006462	0.0	0.0	0.0	0.0	0.0	0.0	0.0	0.0	0.0	0.0013532	0.0014409	0.0	0.0	0.0	0.0019861	0.0	0.0	0.0031983	0.0021692	8.084E-4	0.0035253	0.0012255	0.0	0.0019268	
swallow sp.	0.0230011	0.0145503	0.0186335	0.0198537	0.0062893	0.0225904	0.0123609	0.0147783	0.0086806	0.0136986	0.0275229	0.0174966	0.0116279	0.032538	0.0124481	0.0033613	0.0196464	0.0145455	0.0123457	0.0156919	0.012939	0.00625	0.016632	0.0129241	0.0166052	0.0163636	0.0177936	0.0235732	0.0309446	0.0263591	0.0273723	0.0418552	0.0431177	0.0270636	0.0273775	0.0218978	0.0220588	0.0163934	0.0297915	0.025498	0.0202507	0.0170576	0.016269	0.0169766	0.012926	0.004902	0.0075758	0.0067437	
Masked Gnatcatcher	0.3274918	0.3677249	0.3043478	0.3416928	0.3238994	0.2921687	0.2719407	0.3152709	0.3350694	0.3639922	0.3559633	0.3472409	0.374031	0.340564	0.3713693	0.3613445	0.3575639	0.3721212	0.3950617	0.3980029	0.4306839	0.4229167	0.5072765	0.5008078	0.5258303	0.4436364	0.4021352	0.4751861	0.4201954	0.3970346	0.4361314	0.4309955	0.4029851	0.3937754	0.3688761	0.4056309	0.3946078	0.415622	0.3962264	0.340239	0.4021215	0.3507463	0.3947939	0.3524656	0.3113984	0.3737745	0.3484848	0.2707129	
Southern House Wren	0.4994524	0.5066138	0.4627329	0.4190178	0.3836478	0.3704819	0.3139679	0.3251232	0.3715278	0.3874755	0.412844	0.4374159	0.496124	0.4707158	0.526971	0.512605	0.502947	0.4739394	0.5020576	0.4835949	0.4935305	0.4770833	0.4823285	0.5444265	0.5295203	0.48	0.475089	0.5334988	0.5390879	0.5304778	0.5492701	0.5927602	0.5389718	0.5845737	0.6095101	0.6235662	0.6372549	0.6248795	0.611718	0.5856574	0.6123433	0.5852878	0.6073753	0.5610348	0.5675676	0.5992647	0.5429293	0.4913295	
Grass Wren	0.0015	0.0	0.0	0.0	0.0	0.0	0.0012361	0.0	0.0	0.0	0.0	0.0	0.0	0.0	0.0	0.0	0.0	0.0	0.0	0.0	0.0	0.0	0.0	0.0	0.0	0.0	0.0	0.0	0.0	0.0	0.0	0.0	0.0	0.0	0.0	0.0	0.0	0.0	0.0	7.968E-4	0.0	0.0	0.0	8.084E-4	0.0	0.0	0.0	0.0	
wren sp.	0.0	0.0	0.0015528	0.0	0.0	0.0	0.0	0.0	0.0	0.0	0.0	0.0	0.0	0.0	0.0	0.0	0.0	0.0	0.0	0.0	0.0	0.0	0.0	0.0	0.0	0.0	0.0	0.0	0.0	0.0	0.0	0.0	0.0	0.0	0.0	0.0	0.0	0.0	0.0	0.0	0.0	0.0	0.0	0.0	0.0	0.0	0.0	0.0	
European Starling	0.3975904	0.4153439	0.3944099	0.3772205	0.3993711	0.3313253	0.3065513	0.3858785	0.3975694	0.3913894	0.412844	0.3580081	0.3992248	0.3665944	0.3921162	0.4352941	0.4302554	0.4266667	0.4156379	0.4393723	0.4454713	0.4583333	0.4490644	0.5153473	0.5276753	0.5090909	0.4982206	0.5359801	0.4918567	0.5189456	0.5145985	0.5282805	0.5290216	0.5101488	0.4855908	0.561001	0.5453431	0.5458052	0.6077458	0.6270916	0.6441659	0.6076759	0.5986985	0.5464834	0.5123384	0.5159314	0.4949495	0.4094412	
Crested Myna	0.0251917	0.0092593	0.0062112	0.0083595	0.004717	0.0105422	0.0111248	0.0032841	0.0104167	0.0039139	0.0110092	0.0242261	0.0116279	0.0065076	0.0124481	0.0168067	0.0235756	0.0121212	0.0144033	0.0228245	0.0147874	0.0125	0.027027	0.0080775	0.0239852	0.0454545	0.0231317	0.028536	0.019544	0.0263591	0.0145985	0.0271493	0.026534	0.0311231	0.0086455	0.0187696	0.0232843	0.0405014	0.0268123	0.0262948	0.0337512	0.0351812	0.0347072	0.0307195	0.0199765	0.0306373	0.0239899	0.026975	
Patagonian Mockingbird	0.0	0.0	0.0	0.0	0.0	0.0	0.0	0.0	0.0	0.0	0.0	0.0	0.0	0.0	0.0	0.0	0.0	0.0109091	0.0	0.0014265	0.0	0.0020833	0.002079	0.0015	0.0015	0.0036364	0.0	0.0012407	0.0016287	0.0	0.0	0.0	0.0	0.0	0.0	0.0	0.0	0.0	9.93E-4	0.0	0.0	0.0	0.0	0.0	0.0	0.0	0.0	0.0	
Chalk-browed Mockingbird	0.5673604	0.6137566	0.6024845	0.5872518	0.6116352	0.5466867	0.4919654	0.5878489	0.59375	0.5753425	0.6073394	0.5854643	0.6085271	0.6637744	0.6224066	0.6420168	0.6247544	0.5757576	0.6358025	0.6191155	0.6451017	0.6625	0.6652807	0.6591276	0.6697417	0.6345455	0.6298932	0.6761787	0.6742671	0.6688633	0.6715328	0.658371	0.6500829	0.6102842	0.6210375	0.6152242	0.6102941	0.6219865	0.6395233	0.6167331	0.6615236	0.6023454	0.643167	0.6232821	0.6169213	0.6286765	0.6325758	0.5606936	
White-banded Mockingbird	0.0098576	0.0119048	0.0062112	0.0094044	0.0110063	0.0090361	0.0086527	0.0049261	0.0086806	0.0156556	0.0183486	0.0632571	0.0794574	0.0954447	0.1120332	0.0436975	0.0589391	0.0436364	0.0390947	0.0456491	0.0166359	0.0229167	0.039501	0.0533118	0.0442804	0.06	0.0373665	0.0409429	0.0407166	0.0428336	0.0492701	0.0373303	0.0298507	0.0433018	0.037464	0.0406674	0.0477941	0.051109	0.0476663	0.0318725	0.0192864	0.0010661	0.0119306	0.0056589	0.0058754	0.0098039	0.0037879	0.004817	
Swainson's Thrush	0.0	0.0	0.0	0.0	0.0	0.0	0.0	0.0	0.0	0.0	0.0	0.0	0.0	0.0	0.0	0.0	0.0	0.0	0.0	0.0	0.0	0.0	0.0	0.0	0.0	0.0	0.0	0.0	0.0	0.0	0.0	0.0	0.0	0.0	0.0	0.0	0.0	0.0	0.0	0.0	0.0	0.0	0.0	0.0080841	0.0282021	0.0	0.0	0.0	
Chiguanco Thrush	0.0	0.0	0.0	0.0	0.0	0.0	0.0	0.0	0.0	0.0	0.0	0.0	0.0	0.0	0.0	0.0	0.0	0.0	0.0	0.0	0.0	0.0	0.0	0.0	0.0	0.0	0.0	0.0	0.0	0.0	0.0	0.0	0.0	0.0	0.0015	0.0015	0.0	0.0	0.0	0.0	0.0	0.0	0.0	0.0015	0.0011751	0.0	0.0	0.0	
Austral Thrush	0.0	0.0	0.0	0.0	0.0	0.0	0.0	0.0015	0.0	0.0	0.0	0.0	0.0	0.0	0.0	0.0	0.0	0.0	0.0	0.0	0.0	0.0	0.0	0.0	0.0	0.0	0.0	0.0	0.0	0.0	0.0	0.0	0.0	0.0	0.0014409	0.0	0.0	0.0	0.0	0.0	0.0	0.0	0.0	0.0	0.0	0.0012255	0.0	0.0015	
Creamy-bellied Thrush	0.2935378	0.2962963	0.2670807	0.262278	0.2232704	0.1837349	0.1606922	0.2036125	0.2118056	0.2093933	0.2220183	0.2368775	0.2286822	0.2234273	0.2302905	0.205042	0.2337917	0.2	0.2304527	0.2453638	0.2513863	0.2458333	0.2889813	0.3344103	0.3154982	0.26	0.2224199	0.3002481	0.242671	0.199341	0.2445255	0.2590498	0.2703151	0.3112314	0.3443804	0.3910323	0.4019608	0.4271938	0.4538232	0.4270916	0.4995178	0.4573561	0.489154	0.4381568	0.4065805	0.4509804	0.3800505	0.2803468	
Blacksmith Thrush	0.0	0.0	0.0	0.0	0.0	0.0	0.0	0.0	0.0	0.0	0.0	0.0	0.0	0.0	0.0	0.0	0.0	0.0	0.0	0.0	0.0	0.0	0.0	0.0	0.0	0.0	0.0	0.0	0.0	0.0	0.0	0.0	0.0	0.0	0.0	0.0	0.0	0.0	0.0	0.0159363	9.643E-4	0.0	0.0	0.0	0.0	0.0	0.0	0.0	
Rufous-bellied Thrush	0.7064622	0.6759259	0.6956522	0.6760711	0.6619497	0.625	0.6563659	0.683087	0.7256944	0.7221135	0.7229358	0.6864065	0.7422481	0.7570499	0.780083	0.805042	0.8408644	0.7757576	0.7901235	0.8002853	0.7892791	0.8291667	0.8440748	0.8142165	0.8228782	0.8018182	0.8060498	0.8325062	0.7996743	0.8039539	0.790146	0.8156109	0.7844113	0.7604871	0.7982709	0.7862357	0.7830882	0.7839923	0.817279	0.8167331	0.8119576	0.7995736	0.7960954	0.7849636	0.7814336	0.7634804	0.7575758	0.6859345	
Turdus sp.	0.0010953	0.0013228	0.0	0.0010449	0.0015723	0.0015	0.0012361	0.0	0.0	0.0	0.0	0.0	0.0	0.0015	0.0015	0.0015	0.0019646	0.0	0.0020576	0.0015	0.0015	0.0	0.0	0.0	0.0	0.0	0.0015	0.0012407	0.0016287	0.0	0.0018248	0.0011312	0.0016584	0.0013532	0.0015	0.0	0.0015	9.643E-4	9.93E-4	0.0	0.0015	0.0010661	0.0021692	8.084E-4	0.0	0.0	0.0012626	0.0	
thrush sp.	0.0	0.0	0.0	0.0	0.0	0.0	0.0	0.0	0.0	0.0	0.0	0.0	0.0	0.0	0.0	0.0	0.0	0.0	0.0	0.0	0.0	0.0	0.0	0.0	0.0	0.0	0.0	0.0	0.0	0.0	0.0	0.0	0.0	0.0	0.0	0.0	0.0	0.0	0.0	0.0	0.0	0.0	0.0	0.0	0.0011751	0.0	0.0	0.0	
Southern Red Bishop	0.0	0.0	0.0	0.0	0.0	0.0	0.0	0.0	0.0	0.0	0.0	0.0	0.0	0.0	0.0	0.0	0.0	0.0	0.0015	0.0	0.0	0.0	0.0	0.0	0.0	0.0	0.0	0.0	0.0	0.0	0.0	0.0	0.0	0.0	0.0	0.0	0.0	0.0	0.0	0.0	0.0	0.0	0.0	0.0	0.0	0.0	0.0	0.0	
Zebra Finch	0.0	0.0015	0.0	0.0	0.0	0.0	0.0	0.0	0.0	0.0	0.0	0.0	0.0	0.0	0.0	0.0	0.0	0.0	0.0	0.0	0.0	0.0	0.0	0.0	0.0	0.0	0.0	0.0	0.0	0.0	0.0	0.0	0.0	0.0	0.0	0.0	0.0	0.0	0.0	0.0	0.0	0.0	0.0	0.0	0.0	0.0	0.0	0.0	
Common Waxbill	0.0	0.0	0.0	0.0	0.0	0.0	0.0	0.0	0.0	0.0019569	0.0	0.0	0.0	0.0	0.0	0.0	0.0	0.0	0.0	0.0	0.0	0.0	0.0	0.0	0.0	0.0	0.0	0.0	0.0	0.0	0.0	0.0	0.0	0.0	0.0	0.0	0.0	0.0	0.0	0.0	0.0	0.0	0.0	0.0	0.0	0.0	0.0	0.0	
House Sparrow	0.5673604	0.5436508	0.4875776	0.5214211	0.4984277	0.4231928	0.381953	0.4581281	0.4618056	0.4285714	0.4256881	0.4549125	0.4205426	0.4316703	0.4439834	0.4218487	0.4282908	0.3975758	0.4279835	0.4308131	0.4436229	0.4291667	0.4449064	0.4894992	0.4667897	0.4509091	0.4768683	0.4888337	0.4495114	0.4382208	0.4689781	0.4932127	0.4444444	0.4276049	0.4293948	0.4702815	0.4754902	0.4946962	0.5342602	0.5282869	0.5949855	0.5469083	0.5509761	0.5763945	0.5699177	0.5772059	0.5277778	0.5250482	
Yellowish Pipit	0.0	0.0	0.0	0.0	0.0	0.001506	0.0015	0.0	0.0	0.0	0.0	0.0	0.0	0.0015	0.0	0.0	0.0	0.0	0.0	0.0	0.0	0.0	0.0	0.0	0.0	0.0	0.0	0.0	0.0	0.0	0.0018248	0.0	0.0	0.0	0.0	0.0	0.0	0.0	0.0	0.0	0.0	0.0	0.0	0.0	0.0	0.0	0.0	0.0	
Short-billed Pipit	0.0	0.0	0.0	0.0010449	0.0	0.001506	0.0	0.0015	0.0	0.0	0.0	0.0	0.0	0.0	0.0	0.0016807	0.0	0.0	0.0	0.0	0.0	0.0	0.0	0.0	0.0	0.0	0.0	0.0	0.0	0.0	0.0	0.0	0.0	0.0	0.0	0.0	0.0	0.0	0.0	0.0	0.0	0.0	0.0	0.0	0.0011751	0.0	0.0	0.0	
Correndera Pipit	0.0010953	0.0	0.0	0.0	0.0	0.0	0.0	0.0	0.0	0.0019569	0.0	0.0015	0.0	0.0	0.0015	0.0	0.0	0.0	0.0015	0.0014265	0.0	0.0	0.002079	0.0	0.0	0.0	0.0	0.0	0.0	0.0	0.0	0.0	0.0033167	0.0	0.0	0.0	0.0	0.0	9.93E-4	0.0	0.0	0.0	0.0	8.084E-4	0.0	0.002451	0.0	0.0	
Hellmayr's Pipit	0.0	0.0	0.0	0.0	0.0	0.0	0.0	0.0	0.0	0.0	0.0	0.0	0.0	0.0	0.0	0.0	0.0019646	0.0	0.0	0.0	0.0	0.0	0.0	0.0	0.0	0.0	0.0	0.0	0.0	0.0	0.0	0.0	0.0	0.0	0.0	0.0	0.0	0.0	0.0	0.0	0.0	0.0	0.0	0.0	0.0	0.0	0.0	0.0	
pipit sp.	0.0	0.0	0.0	0.0	0.0	0.0	0.0	0.0	0.0	0.0	0.0	0.0	0.0	0.0	0.0	0.0	0.0	0.0	0.0	0.0014265	0.0	0.0	0.0015	0.0016155	0.0	0.0	0.0	0.0	0.0	0.0	0.0	0.0	0.0	0.0	0.0	0.0	0.0	0.0	9.93E-4	0.0	0.0	0.0	0.0	0.0	0.0	0.0	0.0	0.0015	
European Greenfinch	0.0010953	0.0013228	0.0	0.0	0.0	0.0	0.0	0.0	0.0017361	0.0	0.0	0.0	0.0	0.0	0.0	0.0	0.0	0.0	0.0	0.0	0.0	0.0	0.0	0.0	0.0	0.0	0.0	0.0	0.0	0.0	0.0	0.0	0.0	0.0	0.0	0.0	0.0	0.0	0.0	0.0	0.0	0.0	0.0	0.0	0.0015	0.0	0.0	0.0	
European Goldfinch	0.0	0.0015	0.0	0.0	0.0015723	0.003012	0.0	0.0	0.0	0.0	0.0	0.0	0.0	0.0	0.0	0.0015	0.0	0.0	0.0	0.0	0.0	0.0	0.0	0.0	0.0	0.0	0.0	0.0	0.0016287	0.0015	0.0	0.0	0.0	0.0	0.0	0.0010428	0.0	0.0	0.0	0.0	0.0	0.0	0.0	8.084E-4	0.0015	0.0	0.0	0.0	
Island Canary	0.0	0.0	0.0	0.0	0.0	0.0	0.0	0.0	0.0	0.0	0.0	0.0	0.0	0.0	0.0	0.0	0.0	0.0012121	0.0	0.0014265	0.0	0.0	0.0	0.0	0.0	0.0	0.0	0.0	0.0	0.0	0.0	0.0	0.0	0.0	0.0	0.0	0.0	0.0	0.0	0.0	0.0	0.0	0.0	0.0	0.0015	0.0	0.0	0.0	
Hooded Siskin	0.3559693	0.3783069	0.3229814	0.3584117	0.3522013	0.2966867	0.2855377	0.320197	0.3055556	0.3111546	0.2954128	0.3162853	0.2751938	0.3145336	0.2946058	0.312605	0.2770138	0.2642424	0.2839506	0.3352354	0.3345656	0.3395833	0.3742204	0.3957997	0.4059041	0.3527273	0.3113879	0.3833747	0.3452769	0.3097199	0.3631387	0.3608597	0.3499171	0.3694181	0.3371758	0.3920751	0.4080882	0.4291225	0.4121152	0.3808765	0.3944069	0.369936	0.4219089	0.3678254	0.3407756	0.4154412	0.3888889	0.3352601	
Chaco Sparrow	0.0	0.0	0.0	0.0	0.0	0.0	0.0	0.0	0.0	0.0	0.0	0.0	0.0	0.0	0.0	0.0	0.0	0.0	0.0	0.0	0.0	0.0	0.0	0.0	0.0	0.0	0.0	0.0	0.0	0.0	0.0	0.0	0.0	0.0	0.0	0.0	0.0	0.0	0.0	0.0015	0.0	0.0	0.0	0.0	0.0	0.0	0.0	0.0	
Grassland Sparrow	0.0010953	0.0026455	0.0031056	0.0	0.0015	0.001506	0.0	0.0	0.0	0.0	0.0	0.0026918	0.0015	0.0	0.0020747	0.0	0.0039293	0.0	0.0	0.0028531	0.0	0.0020833	0.002079	0.0	0.0	0.0	0.0	0.0	0.0	0.0	0.0	0.0	0.0	0.0013532	0.0028818	0.0010428	0.0085784	0.0038573	0.0019861	0.0015	9.643E-4	0.0010661	0.0	8.084E-4	0.0	0.0012255	0.0012626	0.0	
Rufous-collared Sparrow	0.5783133	0.5555556	0.5170807	0.522466	0.4795597	0.4126506	0.354759	0.4022989	0.4166667	0.4227006	0.453211	0.4697174	0.5116279	0.4967462	0.4958506	0.4907563	0.518664	0.4787879	0.5164609	0.5021398	0.5175601	0.5291667	0.5550936	0.5815832	0.6107011	0.5672727	0.569395	0.6203474	0.5863192	0.6112026	0.6076642	0.6131222	0.6185738	0.5967524	0.6224784	0.6590198	0.6556373	0.632594	0.6395233	0.6175299	0.6422372	0.6268657	0.6453362	0.6151981	0.5981199	0.6507353	0.614899	0.544316	
Bobolink	0.0	0.0	0.0	0.0	0.0	0.0	0.0	0.0	0.0	0.0	0.0	0.0	0.0	0.0015	0.0	0.0	0.0	0.0	0.0	0.0	0.0	0.0	0.0	0.0	0.0	0.0	0.0	0.0	0.0	0.0	0.0	0.0	0.0	0.0	0.0	0.0	0.0	0.0	0.0	0.0	0.0	0.0	0.0	0.0	0.0	0.0	0.0	0.0	
White-browed Meadowlark	0.033954	0.0171958	0.0093168	0.0083595	0.004717	0.0060241	0.0037083	0.0032841	0.0017361	0.0058708	0.0018349	0.0013459	0.001938	0.0086768	0.0145228	0.0134454	0.0058939	0.0072727	0.0102881	0.0057061	0.0	0.0041667	0.004158	0.0016155	0.001845	0.0	0.0	0.0062035	0.0	0.0016474	0.0036496	0.010181	0.0016584	0.0054127	0.0345821	0.0312826	0.0441176	0.0588235	0.0764647	0.0685259	0.0568949	0.0501066	0.0553145	0.0388036	0.0235018	0.0367647	0.0265152	0.0192678	
Long-tailed Meadowlark	0.0	0.0	0.0	0.0	0.0	0.0	0.0	0.0	0.0	0.0	0.0	0.0	0.0	0.0	0.0	0.0	0.0	0.0	0.0	0.0	0.0	0.0	0.0	0.0	0.0	0.0	0.0	0.0012407	0.0	0.0	0.0	0.0	0.0	0.0	0.0	0.004171	0.0	0.0	0.0	0.0	0.0	0.0	0.0	0.0	0.0	0.0	0.0	0.0	
Solitary Black Cacique	0.067908	0.0714286	0.0636646	0.0553814	0.0235849	0.0240964	0.0247219	0.0213465	0.0347222	0.0606654	0.0605505	0.0874832	0.0717054	0.0932755	0.0726141	0.0857143	0.0805501	0.0763636	0.0884774	0.085592	0.1053604	0.1041667	0.1392931	0.1308562	0.1291513	0.1454545	0.0854093	0.0992556	0.1009772	0.0823723	0.1113139	0.1040724	0.1077944	0.0879567	0.0907781	0.1105318	0.1102941	0.1321119	0.1112214	0.0820717	0.0945034	0.0810235	0.1008677	0.0856912	0.0763807	0.0821078	0.0757576	0.061657	
Golden-winged Cacique	0.0	0.0	0.0	0.0	0.0	0.0	0.0	0.0	0.0	0.0	0.0	0.0	0.0	0.0	0.0	0.0	0.0	0.0	0.0	0.0	0.0	0.0	0.0	0.0	0.0	0.0	0.0	0.0	0.0	0.0	0.0	0.0	0.0	0.0015	0.0	0.0010428	0.0	0.0	0.0015	0.0015	0.0015	0.0010661	0.0	0.0	0.0	0.0	0.0	0.0	
Variable Oriole	0.1566265	0.1534392	0.1645963	0.1567398	0.1761006	0.1460843	0.1532756	0.1625616	0.2083333	0.2152642	0.2110092	0.2139973	0.2325581	0.2386117	0.2282158	0.2789916	0.2455796	0.2448485	0.2757202	0.2938659	0.3012939	0.3583333	0.3555094	0.371567	0.3708487	0.3381818	0.2846975	0.3312655	0.276873	0.2372323	0.2937956	0.2771493	0.2885572	0.2489851	0.2060519	0.2481752	0.2401961	0.2555448	0.2105263	0.1992032	0.2025072	0.1929638	0.1952278	0.1544058	0.1316099	0.1642157	0.1338384	0.1184971	
Campo Troupial	0.0	0.0013228	0.0	0.0	0.0015	0.0	0.0	0.0	0.0	0.0	0.0	0.0013459	0.001938	0.0	0.0015	0.0	0.0	0.0	0.0020576	0.0	0.0	0.0020833	0.0	0.0	0.0	0.0	0.0	0.0015	0.0	0.0	0.0	0.0	0.0016584	0.0	0.0015	0.0010428	0.0	0.0	9.93E-4	0.0015	0.0	0.0	0.0	0.0	0.0	0.002451	0.0	9.634E-4	
Orange-backed Troupial	0.0010953	0.0092593	0.0108696	0.0031348	0.0031447	0.001506	0.0	0.0015	0.0052083	0.0039139	0.0018349	0.0040377	0.001938	0.0043384	0.0041494	0.0016807	0.0117878	0.0012121	0.0123457	0.0014265	0.0015	0.0104167	0.002079	0.0096931	0.0092251	0.0018182	0.0035587	0.0062035	0.0016287	0.0032949	0.0072993	0.0045249	0.0033167	0.0015	0.0043228	0.012513	0.0012255	9.643E-4	0.0019861	0.0055777	0.002893	0.0031983	0.005423	0.0048504	0.0035253	0.0036765	0.0012626	0.0019268	
Screaming Cowbird	0.1653888	0.1375661	0.1537267	0.1358412	0.1603774	0.1174699	0.0902349	0.0788177	0.0642361	0.1135029	0.0422018	0.0471063	0.0523256	0.0498915	0.0705394	0.0722689	0.0353635	0.0521212	0.0843621	0.0684736	0.0887246	0.0833333	0.0706861	0.1066236	0.0848708	0.0709091	0.0800712	0.1191067	0.0960912	0.1120264	0.1131387	0.1549774	0.1475954	0.1285521	0.1628242	0.1637122	0.1715686	0.1783992	0.1658391	0.1633466	0.1822565	0.1727079	0.1659436	0.1544058	0.1398355	0.1642157	0.1691919	0.155106	
Shiny Cowbird	0.5465498	0.537037	0.484472	0.4169279	0.4025157	0.313253	0.2991347	0.2840722	0.3055556	0.3561644	0.2825688	0.2462988	0.2364341	0.2472885	0.253112	0.2957983	0.3477407	0.3139394	0.3353909	0.3480742	0.3641405	0.425	0.3825364	0.4038772	0.4298893	0.4254545	0.4270463	0.5012407	0.4837134	0.5024712	0.5237226	0.540724	0.5555556	0.564276	0.5835735	0.6079249	0.5906863	0.5911283	0.6216485	0.6143426	0.656702	0.6066098	0.6193059	0.5804365	0.5522914	0.6176471	0.5707071	0.5385356	
Screaming/Shiny Cowbird	0.0098576	0.005291	0.0	0.0073145	0.004717	0.003012	0.0037083	0.0049261	0.0017361	0.0039139	0.0036697	0.0026918	0.003876	0.0065076	0.0041494	0.0	0.0019646	0.0024242	0.0041152	0.0028531	0.0055453	0.0	0.002079	0.003231	0.00369	0.0036364	0.0035587	0.0024814	0.0032573	0.0065898	0.0054745	0.0079186	0.0082919	0.0054127	0.0086455	0.004171	0.004902	0.0086789	0.0069513	0.0047809	0.0077146	0.0053305	0.005423	0.0072757	0.0058754	0.0073529	0.0025253	0.004817	
Scrub Blackbird	0.0015	0.0013228	0.0015528	0.0	0.0	0.0	0.0	0.0	0.0	0.0	0.0	0.0	0.0	0.0015	0.0	0.0	0.0	0.0	0.0	0.0	0.0	0.0	0.0	0.0016155	0.0	0.0	0.0	0.0	0.0	0.0	0.0	0.0022624	0.0033167	0.0040595	0.0014409	0.0020855	0.0012255	0.0019286	0.0	0.0	9.643E-4	0.0010661	0.0	8.084E-4	0.0	0.0012255	0.0	0.0019268	
Scarlet-headed Blackbird	0.0098576	0.005291	0.0046584	0.0041797	0.004717	0.001506	0.0012361	0.0049261	0.0034722	0.0039139	0.0036697	0.0040377	0.005814	0.0021692	0.0145228	0.005042	0.0078585	0.0084848	0.0123457	0.0171184	0.0203327	0.0166667	0.024948	0.0226171	0.0073801	0.0090909	0.0106762	0.0136476	0.02443	0.0164745	0.0273723	0.0226244	0.0348259	0.0216509	0.0216138	0.0302398	0.0208333	0.0048216	0.0148957	0.012749	0.0077146	0.0159915	0.0195228	0.0161681	0.012926	0.0098039	0.0126263	0.0067437	
Chopi Blackbird	0.0	0.0015	0.0	0.0	0.0	0.0	0.0	0.0	0.0	0.0	0.0	0.0	0.0	0.0	0.0	0.0	0.0	0.0	0.0	0.0	0.0	0.0	0.0	0.0	0.0	0.0	0.0	0.0	0.0	0.0	0.0018248	0.0	0.0	0.0	0.0	0.0	0.0	0.0	0.0	0.0	0.0	0.0	0.0	0.0015	0.0	0.0	0.0	0.0	
Grayish Baywing	0.5662651	0.5793651	0.5419255	0.585162	0.572327	0.4924699	0.4449938	0.5320197	0.5677083	0.5753425	0.5577982	0.5437416	0.5271318	0.5227766	0.5145228	0.5193277	0.5088409	0.4484848	0.4897119	0.5378031	0.5434381	0.5375	0.5509356	0.5557351	0.6070111	0.5545455	0.5338078	0.5806452	0.5162866	0.5271829	0.5364964	0.5373303	0.5505804	0.5466847	0.5230548	0.5808133	0.5404412	0.5679846	0.5481629	0.5585657	0.6055931	0.5746269	0.5661605	0.5553759	0.5511163	0.5772059	0.5643939	0.5028902	
Unicolored Blackbird	0.0186199	0.0171958	0.0093168	0.0104493	0.004717	0.0135542	0.0111248	0.0082102	0.0017361	0.0097847	0.0055046	0.0121131	0.0116279	0.0173536	0.0145228	0.0134454	0.0137525	0.0048485	0.0082305	0.0114123	0.0092421	0.01875	0.018711	0.0096931	0.0055351	0.0072727	0.0213523	0.0099256	0.0130293	0.0131796	0.0164234	0.0226244	0.0182421	0.0054127	0.0028818	0.0093848	0.0073529	0.0096432	0.0089374	0.0143426	0.0173578	0.0138593	0.0065076	0.0121261	0.0105758	0.0171569	0.0151515	0.0144509	
Yellow-winged Blackbird	0.060241	0.0661376	0.0512422	0.0417973	0.0424528	0.0286145	0.0370828	0.0361248	0.0260417	0.0410959	0.0311927	0.0471063	0.0426357	0.0455531	0.0311203	0.0386555	0.0609037	0.0254545	0.037037	0.0656205	0.090573	0.0666667	0.0790021	0.0726979	0.0516605	0.0672727	0.0622776	0.08933	0.0928339	0.0609555	0.0948905	0.091629	0.0978441	0.0906631	0.0965418	0.0990615	0.0784314	0.0761813	0.0784508	0.0788845	0.0838959	0.0863539	0.0759219	0.0646726	0.0716804	0.0686275	0.0631313	0.0751445	
Chestnut-capped Blackbird	0.041621	0.042328	0.0279503	0.014629	0.0078616	0.0045181	0.013597	0.0114943	0.0069444	0.0097847	0.0073394	0.0053836	0.0116279	0.0130152	0.0124481	0.010084	0.0255403	0.0109091	0.0226337	0.0242511	0.0314233	0.0291667	0.016632	0.0145396	0.0166052	0.0236364	0.044484	0.028536	0.029316	0.0230643	0.0492701	0.0531674	0.0613599	0.0460081	0.0590778	0.0594369	0.0661765	0.0694311	0.0516385	0.0836653	0.0800386	0.0458422	0.0509761	0.0339531	0.0470035	0.0392157	0.0416667	0.0404624	
Brown-and-yellow Marshbird	0.0021906	0.0013228	0.0015528	0.0020899	0.0015723	0.003012	0.0012361	0.0	0.0015	0.0	0.0018349	0.0	0.001938	0.0	0.0020747	0.0	0.0	0.0	0.0	0.0028531	0.0036969	0.0015	0.006237	0.0	0.0	0.0	0.0017794	0.0	0.0	0.0015	0.0054745	0.0067873	0.0015	0.0013532	0.0014409	0.0020855	0.0012255	0.0019286	0.0049652	0.0031873	0.002893	0.0015	0.0010846	0.0032336	0.0	0.0085784	0.0025253	0.0	
blackbird sp.	0.0010953	0.0015	0.0015528	0.0010449	0.0	0.001506	0.0	0.0032841	0.0	0.0015	0.0018349	0.0013459	0.0	0.0	0.0	0.0	0.0019646	0.0012121	0.0	0.0014265	0.0018484	0.0020833	0.002079	0.0	0.0	0.0018182	0.0017794	0.0012407	0.0032573	0.0016474	0.0015	0.0011312	0.0	0.0015	0.0	0.0010428	0.0	9.643E-4	0.0015	0.0039841	0.0019286	0.0010661	0.0021692	0.0016168	0.0035253	0.002451	0.0037879	9.634E-4	
Southern Yellowthroat	0.211391	0.1984127	0.1723602	0.1337513	0.0833333	0.0783133	0.0815822	0.0870279	0.1076389	0.1174168	0.1247706	0.1090175	0.0678295	0.0477223	0.0165975	0.0084034	0.0078585	0.0060606	0.0123457	0.0028531	0.0073937	0.00625	0.006237	0.0096931	0.0055351	0.0145455	0.0124555	0.0062035	0.0032573	0.0049423	0.0109489	0.0147059	0.0182421	0.0351827	0.1037464	0.2002086	0.2352941	0.2700096	0.2532274	0.2215139	0.2825458	0.2324094	0.2581345	0.2570736	0.1985899	0.2610294	0.2436869	0.1974952	
masked yellowthroat sp.	0.0	0.0013228	0.0	0.0	0.0	0.0	0.0	0.0	0.0	0.0	0.0	0.0	0.0	0.0	0.0	0.0	0.0	0.0	0.0	0.0	0.0	0.0	0.0	0.0	0.0	0.0	0.0	0.0	0.0	0.0	0.0	0.0	0.0	0.0	0.0	0.0	0.0	0.0	0.0	0.0	0.0	0.0015	0.0	8.084E-4	0.0	0.0	0.0	0.0	
Tropical Parula	0.1796276	0.1917989	0.1583851	0.1494253	0.1462264	0.1039157	0.0951792	0.091954	0.1440972	0.1389432	0.1688073	0.1722746	0.2151163	0.175705	0.2053942	0.194958	0.1984283	0.2012121	0.2469136	0.2496434	0.2569316	0.23125	0.2931393	0.3134087	0.3542435	0.3036364	0.2313167	0.3064516	0.2605863	0.2454695	0.2846715	0.2794118	0.2404643	0.2462788	0.2089337	0.2200209	0.2071078	0.2246866	0.203575	0.1784861	0.2005786	0.1972281	0.1832972	0.1875505	0.1457109	0.2058824	0.1767677	0.1560694	
Golden-crowned Warbler	0.1719606	0.1640212	0.1040373	0.0877743	0.086478	0.0888554	0.0889988	0.1527094	0.1458333	0.1545988	0.1981651	0.2086137	0.2267442	0.1626898	0.1763485	0.2184874	0.2023576	0.1890909	0.2489712	0.2368046	0.2680222	0.2333333	0.3056133	0.3198708	0.3690037	0.2836364	0.2455516	0.2990074	0.2540717	0.2240527	0.2864964	0.2669683	0.225539	0.232747	0.1786744	0.2231491	0.2169118	0.2381871	0.2015889	0.149004	0.2063645	0.1705757	0.1908894	0.1891673	0.1621622	0.185049	0.1856061	0.1483622	
White-browed Warbler	0.0	0.0	0.0	0.0	0.0	0.0	0.0	0.0	0.0	0.0	0.0	0.0	0.0	0.0	0.0	0.0033613	0.0039293	0.0	0.0	0.0028531	0.0018484	0.0	0.0	0.0	0.0092251	0.0018182	0.0053381	0.0	0.0	0.0	0.0018248	0.0045249	0.0049751	0.0	0.0	0.0010428	0.0	9.643E-4	0.0	0.0	9.643E-4	0.0	0.0	0.0	0.0	0.0	0.0	0.0	
Hepatic Tanager	0.0131435	0.0132275	0.0062112	0.0114943	0.0251572	0.0120482	0.0111248	0.0082102	0.0121528	0.0234834	0.012844	0.0148048	0.0523256	0.0390456	0.0829876	0.097479	0.0805501	0.0909091	0.0884774	0.0955777	0.1275416	0.1354167	0.1455301	0.1663974	0.1236162	0.14	0.1067616	0.1153846	0.1172638	0.0988468	0.0547445	0.0984163	0.1077944	0.0744249	0.0691643	0.0563087	0.0355392	0.024108	0.0228401	0.0199203	0.0308582	0.0266525	0.0173536	0.0129345	0.012926	0.004902	0.0176768	0.0077071	
Black-backed Grosbeak	0.0	0.0	0.0	0.0	0.0015723	0.001506	0.0	0.0	0.0017361	0.0	0.0	0.0015	0.0	0.0	0.0	0.0	0.0	0.0	0.0	0.0	0.0	0.0	0.0	0.0	0.0	0.0	0.0	0.0	0.0	0.0	0.0	0.0	0.0015	0.0	0.0	0.0	0.0	0.0	0.0	7.968E-4	0.0	0.0	0.0	0.0	0.0	0.0	0.0	0.0	
Glaucous-blue Grosbeak	0.0	0.0039683	0.0015528	0.0041797	0.0	0.003012	0.0015	0.001642	0.0052083	0.0019569	0.0036697	0.0040377	0.001938	0.0	0.0062241	0.0033613	0.0019646	0.0012121	0.0020576	0.0	0.0	0.0	0.0	0.0015	0.0	0.0	0.0017794	0.0	0.0	0.0	0.0	0.0	0.0016584	0.0	0.0	0.0015	0.0	0.002893	0.0029791	0.0039841	0.002893	0.0053305	0.0021692	0.0024252	0.0023502	0.002451	0.0063131	9.634E-4	
Ultramarine Grosbeak	0.0372399	0.0383598	0.0310559	0.0344828	0.0345912	0.0406627	0.0234858	0.0311987	0.03125	0.0234834	0.0091743	0.0349933	0.0232558	0.0238612	0.0124481	0.0252101	0.0098232	0.0290909	0.0205761	0.0228245	0.0554529	0.0229167	0.049896	0.0484653	0.0239852	0.04	0.0124555	0.0235732	0.0162866	0.014827	0.0273723	0.0169683	0.0232172	0.0324763	0.0086455	0.0250261	0.0220588	0.0327869	0.0337637	0.025498	0.0356798	0.0191898	0.032538	0.0234438	0.0223267	0.0294118	0.0328283	0.0231214	
Red-crested Cardinal	0.3986857	0.4034392	0.3881988	0.3740857	0.3883648	0.3463855	0.2917182	0.3530378	0.3611111	0.3894325	0.3229358	0.3364738	0.3565891	0.3232104	0.3195021	0.3478992	0.3555992	0.3224242	0.3683128	0.382311	0.3567468	0.4083333	0.4573805	0.4394184	0.4464945	0.4290909	0.386121	0.4379653	0.3811075	0.3855025	0.3886861	0.3585973	0.384743	0.3734777	0.3472622	0.3514077	0.3492647	0.3702989	0.4051639	0.3912351	0.3953713	0.3955224	0.3308026	0.3702506	0.3384254	0.3786765	0.3989899	0.3747592	
Yellow-billed Cardinal	0.1161008	0.1349206	0.1226708	0.1337513	0.1226415	0.0903614	0.0964153	0.1231527	0.1684028	0.1174168	0.1192661	0.1090175	0.1627907	0.0997831	0.1410788	0.1142857	0.1257367	0.1054545	0.117284	0.1426534	0.0998152	0.1333333	0.1683992	0.1663974	0.1752768	0.1745455	0.1067616	0.1476427	0.1042345	0.0889621	0.149635	0.138009	0.1276949	0.1231394	0.1253602	0.1251303	0.1335784	0.123433	0.1002979	0.1171315	0.1359691	0.1289979	0.1301518	0.1204527	0.0951821	0.1580882	0.1313131	0.0934489	
Hooded Tanager	0.0	0.0	0.0	0.0	0.0	0.0	0.0	0.0	0.0	0.0	0.0	0.0	0.0	0.0	0.0	0.0	0.0	0.0	0.0	0.0	0.0	0.0	0.018711	0.006462	0.0	0.0	0.0	0.0	0.0016287	0.0	0.0	0.0	0.0	0.0	0.0086455	0.004171	0.0	0.0	0.0	0.0	0.0	0.0	0.0	0.0	0.0	0.0	0.0	0.0	
Orange-headed Tanager	0.0	0.0	0.0	0.0	0.0	0.0	0.0	0.0	0.0	0.0	0.0	0.0	0.0	0.0	0.0	0.0	0.0	0.0	0.0	0.0	0.0	0.0	0.002079	0.0	0.001845	0.0	0.0	0.0	0.0016287	0.0	0.0	0.0011312	0.0015	0.0013532	0.0014409	0.0010428	0.0012255	9.643E-4	0.0	0.0	0.0	0.0	0.0	0.0	0.0	0.0015	0.0	0.0	
Chestnut-headed Tanager	0.0	0.0	0.0	0.0	0.0	0.0	0.0	0.0	0.0	0.0	0.0	0.0	0.0	0.0	0.0	0.0	0.0	0.0	0.0	0.0	0.0	0.0020833	0.0	0.0	0.0055351	0.0	0.0	0.0	0.004886	0.0181219	0.0036496	0.0	0.0	0.0	0.0	0.0	0.0	0.0	0.0	0.0	0.0	0.0	0.0	0.0	0.0	0.0	0.0	0.0	
Gray-throated Warbling Finch	0.0065717	0.005291	0.0046584	0.0041797	0.0031447	0.0045181	0.0024722	0.001642	0.0052083	0.0058708	0.0055046	0.0067295	0.0096899	0.0043384	0.0207469	0.0084034	0.0294695	0.0109091	0.0185185	0.0313837	0.0240296	0.0416667	0.047817	0.0533118	0.0571956	0.0472727	0.0302491	0.0459057	0.0423453	0.0428336	0.0547445	0.0441176	0.0248756	0.0230041	0.0144092	0.0187696	0.0220588	0.0183221	0.0168818	0.0119522	0.0154291	0.0127932	0.0086768	0.0129345	0.0070505	0.0134804	0.0075758	0.0067437	
Ringed Warbling Finch	0.0	0.0	0.0	0.0	0.0	0.0	0.0015	0.0	0.0	0.0015	0.0	0.0	0.0	0.0	0.0	0.0	0.0	0.0	0.0015	0.0	0.0	0.0	0.0	0.0	0.0	0.0	0.0	0.0	0.0	0.0	0.0	0.0	0.0	0.0	0.0015	0.0	0.0	9.643E-4	0.0	0.0	0.0	0.0	0.0010846	0.0	0.0	0.0	0.0	0.0	
Black-capped Warbling Finch	0.0854326	0.0833333	0.0636646	0.07628	0.077044	0.0481928	0.0519159	0.0722496	0.0798611	0.0802348	0.1045872	0.1197847	0.1414729	0.1149675	0.1244813	0.1327731	0.0982318	0.1115152	0.1255144	0.1369472	0.1719039	0.175	0.1725572	0.2197092	0.2490775	0.1763636	0.1423488	0.1848635	0.1579805	0.1334432	0.1952555	0.1821267	0.1791045	0.1772666	0.1498559	0.2043796	0.1764706	0.1658631	0.1360477	0.1083665	0.1147541	0.098081	0.1453362	0.1083266	0.0881316	0.1004902	0.0782828	0.0674374	
White-lined Tanager	0.0383352	0.0330688	0.0124224	0.0208986	0.0157233	0.0165663	0.0185414	0.0180624	0.0121528	0.0234834	0.0146789	0.0349933	0.0271318	0.0347072	0.0414938	0.0470588	0.0255403	0.0181818	0.0349794	0.0313837	0.0443623	0.0479167	0.0706861	0.1114701	0.0627306	0.0618182	0.0480427	0.0781638	0.0667752	0.0527183	0.0857664	0.0746606	0.0862355	0.0690122	0.0576369	0.0698644	0.0625	0.0732883	0.0397219	0.0374502	0.0588235	0.0469083	0.0585683	0.0460792	0.0293772	0.0392157	0.0580808	0.0231214	
Diademed Tanager	0.0142388	0.0145503	0.0062112	0.0114943	0.009434	0.0075301	0.0086527	0.0065681	0.0052083	0.0019569	0.0091743	0.0215343	0.0310078	0.0	0.0082988	0.0184874	0.0098232	0.0206061	0.0144033	0.0085592	0.0295749	0.0291667	0.029106	0.0420032	0.0405904	0.0309091	0.0231317	0.0260546	0.019544	0.014827	0.0310219	0.0124434	0.0165837	0.0121786	0.018732	0.0239833	0.0208333	0.0462874	0.0337637	0.0199203	0.0279653	0.0159915	0.027115	0.0226354	0.0164512	0.0232843	0.0227273	0.0077071	
Fawn-breasted Tanager	0.007667	0.0	0.0	0.0	0.0	0.0045181	0.0037083	0.001642	0.0017361	0.0078278	0.0	0.0013459	0.0015	0.0043384	0.0041494	0.0	0.0019646	0.0024242	0.0123457	0.0185449	0.0295749	0.0270833	0.047817	0.0387722	0.0387454	0.0236364	0.0142349	0.028536	0.0325733	0.0049423	0.020073	0.0124434	0.0248756	0.0189445	0.0158501	0.0093848	0.004902	0.002893	9.93E-4	0.0015936	9.643E-4	0.0021322	0.0010846	8.084E-4	0.0	0.002451	0.0050505	0.0019268	
Blue-and-yellow Tanager	0.0788609	0.0886243	0.076087	0.0856844	0.0377358	0.0256024	0.0309023	0.0361248	0.0434028	0.0430528	0.0477064	0.0807537	0.0600775	0.0542299	0.0684647	0.0857143	0.0766208	0.0993939	0.0864198	0.0912981	0.1182994	0.1125	0.1247401	0.1615509	0.1273063	0.1218182	0.0907473	0.0905707	0.0912052	0.0593081	0.0821168	0.0701357	0.1028192	0.0960758	0.0778098	0.1063608	0.125	0.1427194	0.1340616	0.1035857	0.1089682	0.0810235	0.1052061	0.1059014	0.0775558	0.1053922	0.1136364	0.0895954	
Sayaca Tanager	0.2343921	0.2261905	0.2049689	0.2142111	0.1871069	0.1490964	0.1483313	0.1707718	0.2204861	0.2700587	0.2458716	0.2584118	0.2810078	0.2516269	0.2655602	0.2689076	0.2475442	0.2424242	0.2345679	0.2553495	0.2550832	0.2666667	0.2744283	0.3263328	0.2656827	0.2618182	0.2117438	0.2307692	0.2052117	0.2257002	0.2244526	0.2511312	0.2620232	0.2760487	0.2665706	0.3149114	0.3333333	0.3297975	0.3138034	0.3227092	0.3500482	0.3123667	0.2744035	0.283751	0.253819	0.2745098	0.290404	0.2061657	
Guira Tanager	0.0	0.0	0.0	0.0	0.0	0.0	0.0	0.0	0.0	0.0	0.0	0.0	0.0	0.0	0.0	0.0	0.0	0.0	0.0	0.0	0.0	0.0	0.0	0.0	0.0	0.0	0.0	0.0	0.0	0.0	0.0	0.0015	0.0	0.0015	0.0	0.0	0.0	0.0	0.0	0.0	0.0	0.0	0.0	0.0	0.0	0.0	0.0	0.0	
tanager sp. (Thraupidae sp.)	0.0	0.0	0.0	0.0	0.0	0.0	0.0	0.0	0.0	0.0	0.0	0.0	0.0	0.0	0.0	0.0	0.0	0.0	0.0	0.0	0.0	0.0	0.0	0.0	0.0	0.0	0.0	0.0	0.0	0.0	0.0	0.0	0.0	0.0	0.0	0.0	0.0	0.0	0.0	0.0	0.0	0.0	0.0	0.0	0.0	0.0	0.0	9.634E-4	
Chestnut-vented Conebill	0.0	0.0	0.0	0.0	0.0	0.0	0.0	0.0	0.0	0.0	0.0	0.0	0.0	0.0	0.0	0.0	0.0	0.0	0.0	0.0	0.0	0.0	0.0	0.0	0.0	0.0	0.0	0.0	0.0	0.0	0.0	0.0015	0.0049751	0.0015	0.0	0.0	0.0	0.0	0.0	0.0	0.0	0.0	0.0	0.0	0.0	0.0	0.0	0.0	
Black-crested Finch	0.0	0.0	0.0	0.0	0.0	0.0	0.0	0.0	0.0	0.0	0.0	0.0	0.0	0.0	0.0	0.0	0.0	0.0	0.0	0.0	0.0	0.0	0.0	0.0	0.0	0.0	0.0	0.0	0.0	0.0	0.0	0.0	0.0	0.0	0.0	0.0	0.0	0.0	0.0	0.0	9.643E-4	0.0	0.0	0.0	0.0	0.0	0.0	0.0015	
Mourning Sierra Finch	0.0	0.0	0.0	0.0	0.0	0.0	0.0015	0.0	0.0	0.0	0.0	0.0	0.001938	0.0043384	0.0020747	0.0033613	0.0019646	0.0036364	0.0041152	0.0	0.0092421	0.0	0.0	0.0	0.00369	0.0	0.0	0.0012407	0.0	0.0032949	0.0	0.0015	0.0	0.0015	0.0043228	0.0010428	0.0012255	0.0019286	0.0019861	0.0	0.0	0.0	0.0	0.0	0.0	0.0	0.0	0.0	
Long-tailed Reed Finch	0.0032859	0.0013228	0.0031056	0.0052247	0.0015723	0.0075301	0.0024722	0.001642	0.0015	0.0058708	0.0073394	0.0026918	0.003876	0.0021692	0.0	0.0016807	0.0015	0.0012121	0.0102881	0.0057061	0.012939	0.0041667	0.004158	0.0048465	0.0055351	0.0018182	0.0071174	0.0099256	0.0032573	0.0016474	0.0054745	0.0135747	0.0082919	0.0040595	0.0057637	0.008342	0.004902	0.0067502	0.0049652	0.0071713	0.0106075	0.0074627	0.0075922	0.0064673	0.0082256	0.004902	0.0025253	0.0057803	
Cinnamon Warbling Finch	0.0	0.0	0.0	0.0	0.0	0.001506	0.0	0.0	0.0	0.0	0.0	0.0	0.0	0.0021692	0.0	0.0	0.0019646	0.0	0.0	0.0	0.0	0.0	0.0	0.0	0.0015	0.0	0.0	0.0012407	0.0	0.0	0.0	0.0	0.0015	0.0	0.0	0.0	0.002451	0.0	0.0	0.0	9.643E-4	0.0	0.0	0.0	0.0	0.0	0.0	0.0	
Black-and-rufous Warbling Finch	0.286966	0.287037	0.2391304	0.1859979	0.1430818	0.1129518	0.1137206	0.137931	0.1493056	0.148728	0.1449541	0.1776581	0.1744186	0.1778742	0.1514523	0.1411765	0.172888	0.12	0.1358025	0.1611983	0.1534196	0.1791667	0.2037422	0.2116317	0.2435424	0.2036364	0.1619217	0.2531017	0.2084691	0.2059308	0.2883212	0.2816742	0.2802653	0.2746955	0.2608069	0.3044838	0.3198529	0.3182257	0.3018868	0.310757	0.3481196	0.3251599	0.3796095	0.3662086	0.3019976	0.3504902	0.3181818	0.2591522	
Saffron Finch	0.3647317	0.4100529	0.3431677	0.3793103	0.3867925	0.3253012	0.3065513	0.3399015	0.3472222	0.3150685	0.3119266	0.3055182	0.3236434	0.2928416	0.2925311	0.2957983	0.3045187	0.2945455	0.3312757	0.3366619	0.3401109	0.34375	0.3742204	0.4038772	0.398524	0.3436364	0.3113879	0.3771712	0.3550489	0.3294893	0.3649635	0.3359729	0.3466003	0.3437077	0.3040346	0.3441084	0.3639706	0.3837994	0.3733863	0.3800797	0.4098361	0.3987207	0.4392625	0.4139046	0.4042303	0.4656863	0.4444444	0.367052	
Grassland Yellow-Finch	0.0492881	0.0185185	0.0186335	0.0261233	0.0267296	0.0135542	0.0284302	0.0328407	0.0329861	0.0313112	0.0330275	0.0282638	0.0368217	0.0455531	0.0414938	0.0605042	0.0314342	0.0218182	0.0226337	0.0171184	0.0110906	0.0166667	0.014553	0.0096931	0.0239852	0.0072727	0.0088968	0.0186104	0.014658	0.0131796	0.0255474	0.0147059	0.0149254	0.0067659	0.0172911	0.0198123	0.0183824	0.0192864	0.0178749	0.0270916	0.0279653	0.0277186	0.0422993	0.0590137	0.0446533	0.0563725	0.0467172	0.0317919	
Great Pampa-Finch	0.0219058	0.0145503	0.0186335	0.014629	0.0125786	0.0120482	0.0123609	0.0114943	0.0104167	0.0097847	0.012844	0.0121131	0.0135659	0.0195228	0.0165975	0.0168067	0.0235756	0.0169697	0.0102881	0.0142653	0.0147874	0.0291667	0.029106	0.0210016	0.0332103	0.0181818	0.0231317	0.0272953	0.02443	0.0181219	0.0291971	0.020362	0.0199005	0.0162382	0.0172911	0.0333681	0.0232843	0.0144648	0.0238332	0.0199203	0.0279653	0.021322	0.0292842	0.0266774	0.0211516	0.0257353	0.0227273	0.0144509	
Blue-black Grassquit	0.0547645	0.047619	0.0295031	0.0282132	0.0251572	0.0391566	0.0407911	0.0574713	0.0572917	0.0195695	0.0146789	0.0026918	0.003876	0.0021692	0.0020747	0.005042	0.0039293	0.0012121	0.0020576	0.0	0.0	0.0020833	0.006237	0.0048465	0.0	0.0	0.0	0.0012407	0.0	0.0	0.0	0.0011312	0.0	0.0013532	0.0028818	0.0010428	0.0	0.0019286	0.0019861	0.0023904	0.0019286	0.0063966	0.005423	0.0064673	0.0023502	0.0110294	0.0277778	0.0414258	
Lined Seedeater	0.0	0.0	0.0	0.0	0.0	0.0	0.0	0.0	0.0	0.0	0.0	0.0	0.0	0.0	0.0	0.0015	0.0	0.0	0.0	0.0	0.0018484	0.0	0.0	0.0	0.0	0.0	0.0	0.0	0.0	0.0	0.0	0.0	0.0	0.0	0.0	0.0	0.0	0.0	0.0	0.0	0.0	0.0	0.0	0.0	0.0	0.0	0.0	0.0	
Tawny-bellied Seedeater	0.0	0.0	0.0	0.0015	0.0015	0.0015	0.0	0.0	0.0017361	0.0	0.0	0.0	0.0	0.0	0.0	0.0	0.0	0.0	0.0	0.0	0.0	0.0	0.0015	0.0	0.0	0.0	0.0015	0.0	0.0	0.0	0.0	0.0	0.0	0.0	0.0	0.0	0.0	0.0	0.0	0.0	0.0	0.0	0.0	0.0	0.0	0.0	0.0	0.0	
Dark-throated Seedeater	0.0	0.0	0.0	0.0015	0.0015	0.0015	0.0012361	0.001642	0.0	0.0	0.0	0.0	0.0	0.0	0.0	0.0	0.0	0.0	0.0	0.0	0.0	0.0	0.0	0.0	0.0	0.0	0.0	0.0	0.0	0.0	0.0	0.0	0.0	0.0	0.0	0.0	0.0	0.0	0.0	0.0	0.0	0.0	0.0	0.0	0.0	0.0	0.0	9.634E-4	
Marsh Seedeater	0.0	0.0	0.0	0.0	0.0	0.0	0.0	0.0	0.0	0.0015	0.0	0.0	0.0	0.0	0.0	0.0	0.0	0.0	0.0	0.0	0.0	0.0	0.0	0.0	0.0	0.0	0.0	0.0	0.0	0.0	0.0	0.0	0.0	0.0	0.0	0.0	0.0	0.0	0.0	0.0	0.0	0.0	0.0	0.0	0.0	0.0	0.0	0.0	
Rufous-rumped Seedeater	0.0	0.0	0.0	0.0015	0.0015	0.0015	0.0	0.0	0.0015	0.0	0.0	0.0	0.0	0.0	0.0	0.0	0.0	0.0	0.0	0.0	0.0	0.0	0.0	0.0	0.0	0.0	0.0	0.0	0.0	0.0	0.0	0.0	0.0	0.0	0.0	0.0	0.0	0.0	0.0	0.0	0.0	0.0	0.0	0.0	0.0	0.0	0.0	0.0	
Chestnut Seedeater	0.0015	0.0	0.0	0.0015	0.0015	0.0	0.0	0.0	0.0	0.0	0.0	0.0	0.0	0.0	0.0	0.0	0.0	0.0	0.0	0.0	0.0	0.0	0.0	0.0	0.0	0.0	0.0	0.0	0.0	0.0	0.0	0.0	0.0	0.0	0.0	0.0	0.0	0.0	0.0	0.0	0.0	0.0	0.0	0.0	0.0	0.0	0.0	0.0	
Double-collared Seedeater	0.2782037	0.2910053	0.2360248	0.2497388	0.2327044	0.2168675	0.2126082	0.2627258	0.2604167	0.2250489	0.2073394	0.1965007	0.1802326	0.2017354	0.1659751	0.1848739	0.1100196	0.0824242	0.0987654	0.1112696	0.1016636	0.11875	0.1268191	0.092084	0.097786	0.0509091	0.0284698	0.0397022	0.034202	0.0115321	0.0364964	0.0373303	0.0315091	0.0284168	0.0417867	0.0427529	0.0269608	0.0221794	0.0327706	0.0478088	0.1321119	0.1876333	0.3156182	0.287793	0.2596945	0.3223039	0.2840909	0.238921	
Rusty-collared Seedeater	0.0032859	0.005291	0.0093168	0.0052247	0.0031447	0.0060241	0.0049444	0.0032841	0.0015	0.0019569	0.0015	0.0053836	0.0015	0.0021692	0.0020747	0.0067227	0.0019646	0.0109091	0.0061728	0.0071327	0.0073937	0.0208333	0.012474	0.006462	0.0092251	0.0072727	0.0035587	0.0086849	0.009772	0.0065898	0.0218978	0.0169683	0.0248756	0.0108254	0.0158501	0.0177268	0.0098039	0.0038573	0.0049652	7.968E-4	0.0067502	0.0010661	0.005423	0.0032336	0.0047004	0.0036765	0.0050505	0.0019268	
Sporophila sp.	0.0010953	0.0	0.0	0.0	0.0	0.0	0.0	0.0	0.0	0.0	0.0	0.0	0.0	0.0	0.0	0.0	0.0	0.0	0.0	0.0	0.0	0.0	0.0	0.0	0.0	0.0	0.0	0.0	0.0	0.0	0.0	0.0	0.0	0.0	0.0	0.0	0.0	0.0	0.0	0.0	0.0	0.0	0.0	0.0	0.0	0.0	0.0	0.0	
Red-crested Finch	0.0032859	0.005291	0.0062112	0.0010449	0.0015723	0.0	0.0037083	0.001642	0.0052083	0.0019569	0.0073394	0.0040377	0.005814	0.0021692	0.0124481	0.0067227	0.0098232	0.0145455	0.0185185	0.0057061	0.0092421	0.0104167	0.02079	0.0161551	0.0129151	0.0127273	0.0213523	0.0148883	0.0065147	0.0098847	0.0091241	0.0090498	0.0165837	0.0216509	0.0043228	0.0156413	0.0061275	0.0125362	0.0139027	0.0087649	0.0096432	0.0074627	0.005423	0.0015	0.0035253	0.0061275	0.0151515	0.0019268	
Yellow Cardinal	0.0032859	0.0	0.0031056	0.0015	0.0	0.0	0.0	0.001642	0.0	0.0	0.0018349	0.0013459	0.0	0.0	0.0041494	0.0	0.0	0.0024242	0.0015	0.0	0.0	0.0015	0.0	0.0016155	0.0	0.0	0.0	0.0015	0.0	0.0	0.0054745	0.0015	0.0016584	0.0013532	0.0015	0.0	0.0	0.0057859	0.0019861	0.0047809	0.0015	0.0010661	0.0	0.0	0.0047004	0.0012255	0.0012626	0.0	
Dull-colored Grassquit	0.0010953	0.0	0.0	0.0	0.004717	0.0	0.0012361	0.0	0.0017361	0.0	0.0	0.0	0.001938	0.0021692	0.0041494	0.0	0.0	0.0	0.0	0.0028531	0.0018484	0.0	0.002079	0.0	0.0	0.0018182	0.0	0.0049628	0.0032573	0.0065898	0.0054745	0.0090498	0.0066335	0.0054127	0.0	0.0010428	0.0	0.0	0.0	7.968E-4	0.0	0.0015	0.0	0.0015	0.0	0.0	0.0	0.0	
Many-colored Chaco Finch	0.0	0.0	0.0	0.0	0.0	0.001506	0.0	0.0	0.0	0.0	0.0	0.0	0.0	0.0	0.0	0.0016807	0.0	0.0	0.0	0.0	0.0	0.0	0.0	0.0	0.0	0.0	0.0	0.0	0.0	0.0	0.0	0.0	0.0	0.0015	0.0015	0.0	0.0015	0.0	0.0	0.0	0.0067502	0.0	0.0	8.084E-4	0.0	0.0	0.0	0.0	
Bluish-gray Saltator	0.0175246	0.021164	0.0217391	0.015674	0.0141509	0.0120482	0.0086527	0.0082102	0.0138889	0.0097847	0.0073394	0.0107672	0.001938	0.0065076	0.0165975	0.010084	0.0098232	0.0315152	0.0102881	0.0199715	0.0295749	0.0104167	0.018711	0.0306947	0.0239852	0.0272727	0.0160142	0.0260546	0.0114007	0.0082372	0.0145985	0.0180995	0.0298507	0.0365359	0.0230548	0.0385819	0.0428922	0.0289296	0.0248262	0.0151394	0.024108	0.0277186	0.032538	0.0379951	0.0364277	0.0343137	0.0391414	0.0202312	
Green-winged Saltator	0.0996714	0.0886243	0.0652174	0.0679206	0.0361635	0.0301205	0.025958	0.044335	0.0347222	0.0430528	0.053211	0.0713324	0.0872093	0.0737527	0.060166	0.0504202	0.0550098	0.0618182	0.063786	0.0570613	0.0942699	0.0666667	0.1018711	0.1082391	0.0811808	0.1218182	0.0765125	0.1004963	0.1123779	0.07743	0.1405109	0.1165158	0.1243781	0.1380244	0.0994236	0.1366006	0.1678922	0.1774349	0.1290963	0.1211155	0.1253616	0.1130064	0.143167	0.1293452	0.106933	0.1397059	0.1338384	0.0992293	
Golden-billed Saltator	0.2727273	0.2989418	0.2515528	0.2946708	0.25	0.2183735	0.2200247	0.226601	0.2534722	0.2524462	0.2458716	0.2516824	0.2344961	0.197397	0.1908714	0.1697479	0.2141454	0.2012121	0.2139918	0.2368046	0.2384473	0.2520833	0.3222453	0.3198708	0.3081181	0.3	0.2330961	0.3064516	0.2605863	0.2191104	0.3047445	0.2726244	0.2802653	0.2692828	0.2377522	0.286757	0.2990196	0.3066538	0.3038729	0.2334661	0.2999036	0.261194	0.2874187	0.2983023	0.2432432	0.254902	0.2752525	0.2312139	
saltator sp.	0.0010953	0.0013228	0.0	0.0	0.0	0.0	0.0	0.0	0.0	0.0	0.0	0.0	0.0	0.0	0.0	0.0	0.0	0.0	0.0	0.0	0.0	0.0	0.0	0.0	0.0	0.0	0.0	0.0012407	0.0016287	0.0016474	0.0	0.0022624	0.0	0.0	0.0	0.0010428	0.0	0.0	0.0	0.0	9.643E-4	0.0	0.0	0.0	0.0	0.0	0.0	0.0	
passerine sp.	0.0021906	0.0039683	0.0062112	0.0020899	0.0015723	0.0075301	0.0098888	0.0032841	0.0017361	0.0	0.0036697	0.0040377	0.0	0.0021692	0.0	0.005042	0.0019646	0.0012121	0.0020576	0.0	0.0055453	0.0020833	0.002079	0.0	0.0092251	0.0	0.0053381	0.0049628	0.0032573	0.0098847	0.0036496	0.0045249	0.0016584	0.0	0.0043228	0.004171	0.002451	9.643E-4	0.0019861	0.0031873	0.0038573	0.0063966	0.0021692	8.084E-4	0.0070505	0.0	0.0037879	0.0057803	
bird sp.	0.0	0.0	0.0	0.0	0.0	0.0	0.0	0.0	0.0	0.0	0.0	0.0	0.0	0.0	0.0	0.0	0.0	0.0	0.0020576	0.0	0.0	0.0	0.0	0.0	0.0	0.0	0.0	0.0	0.0	0.0065898	0.0018248	0.0045249	0.0	0.0	0.0	0.0	0.0	0.0	0.0	0.0	9.643E-4	0.0	0.0	0.0016168	0.0	0.0	0.0	0.0	

